build-images	UNKNOWN STEP	﻿2026-02-22T17:01:11.4543079Z Current runner version: '2.331.0'
build-images	UNKNOWN STEP	2026-02-22T17:01:11.4570142Z ##[group]Runner Image Provisioner
build-images	UNKNOWN STEP	2026-02-22T17:01:11.4570930Z Hosted Compute Agent
build-images	UNKNOWN STEP	2026-02-22T17:01:11.4571440Z Version: 20260123.484
build-images	UNKNOWN STEP	2026-02-22T17:01:11.4572117Z Commit: 6bd6555ca37d84114959e1c76d2c01448ff61c5d
build-images	UNKNOWN STEP	2026-02-22T17:01:11.4572771Z Build Date: 2026-01-23T19:41:17Z
build-images	UNKNOWN STEP	2026-02-22T17:01:11.4573329Z Worker ID: {5affd7d9-76f2-4957-a2af-827200734a17}
build-images	UNKNOWN STEP	2026-02-22T17:01:11.4573976Z Azure Region: northcentralus
build-images	UNKNOWN STEP	2026-02-22T17:01:11.4574497Z ##[endgroup]
build-images	UNKNOWN STEP	2026-02-22T17:01:11.4575876Z ##[group]Operating System
build-images	UNKNOWN STEP	2026-02-22T17:01:11.4576352Z Ubuntu
build-images	UNKNOWN STEP	2026-02-22T17:01:11.4576824Z 22.04.5
build-images	UNKNOWN STEP	2026-02-22T17:01:11.4577248Z LTS
build-images	UNKNOWN STEP	2026-02-22T17:01:11.4577604Z ##[endgroup]
build-images	UNKNOWN STEP	2026-02-22T17:01:11.4578095Z ##[group]Runner Image
build-images	UNKNOWN STEP	2026-02-22T17:01:11.4578576Z Image: ubuntu-22.04
build-images	UNKNOWN STEP	2026-02-22T17:01:11.4579021Z Version: 20260201.24.1
build-images	UNKNOWN STEP	2026-02-22T17:01:11.4580158Z Included Software: https://github.com/actions/runner-images/blob/ubuntu22/20260201.24/images/ubuntu/Ubuntu2204-Readme.md
build-images	UNKNOWN STEP	2026-02-22T17:01:11.4581443Z Image Release: https://github.com/actions/runner-images/releases/tag/ubuntu22%2F20260201.24
build-images	UNKNOWN STEP	2026-02-22T17:01:11.4582332Z ##[endgroup]
build-images	UNKNOWN STEP	2026-02-22T17:01:11.4583281Z ##[group]GITHUB_TOKEN Permissions
build-images	UNKNOWN STEP	2026-02-22T17:01:11.4585578Z Contents: read
build-images	UNKNOWN STEP	2026-02-22T17:01:11.4586069Z Metadata: read
build-images	UNKNOWN STEP	2026-02-22T17:01:11.4586467Z Packages: read
build-images	UNKNOWN STEP	2026-02-22T17:01:11.4586981Z ##[endgroup]
build-images	UNKNOWN STEP	2026-02-22T17:01:11.4589008Z Secret source: None
build-images	UNKNOWN STEP	2026-02-22T17:01:11.4589825Z Prepare workflow directory
build-images	UNKNOWN STEP	2026-02-22T17:01:11.4968338Z Prepare all required actions
build-images	UNKNOWN STEP	2026-02-22T17:01:11.5010726Z Getting action download info
build-images	UNKNOWN STEP	2026-02-22T17:01:11.8782788Z Download action repository 'actions/checkout@v4' (SHA:34e114876b0b11c390a56381ad16ebd13914f8d5)
build-images	UNKNOWN STEP	2026-02-22T17:01:11.9858613Z Download action repository 'actions/setup-go@4dc6199c7b1a012772edbd06daecab0f50c9053c' (SHA:4dc6199c7b1a012772edbd06daecab0f50c9053c)
build-images	UNKNOWN STEP	2026-02-22T17:01:12.5390828Z Complete job name: build-images
build-images	UNKNOWN STEP	2026-02-22T17:01:12.6129096Z ##[group]Run actions/checkout@v4
build-images	UNKNOWN STEP	2026-02-22T17:01:12.6130077Z with:
build-images	UNKNOWN STEP	2026-02-22T17:01:12.6130704Z   repository: GoogleCloudPlatform/k8s-config-connector
build-images	UNKNOWN STEP	2026-02-22T17:01:12.6131889Z   token: ***
build-images	UNKNOWN STEP	2026-02-22T17:01:12.6132381Z   ssh-strict: true
build-images	UNKNOWN STEP	2026-02-22T17:01:12.6132854Z   ssh-user: git
build-images	UNKNOWN STEP	2026-02-22T17:01:12.6133396Z   persist-credentials: true
build-images	UNKNOWN STEP	2026-02-22T17:01:12.6134190Z   clean: true
build-images	UNKNOWN STEP	2026-02-22T17:01:12.6134748Z   sparse-checkout-cone-mode: true
build-images	UNKNOWN STEP	2026-02-22T17:01:12.6135424Z   fetch-depth: 1
build-images	UNKNOWN STEP	2026-02-22T17:01:12.6135885Z   fetch-tags: false
build-images	UNKNOWN STEP	2026-02-22T17:01:12.6136409Z   show-progress: true
build-images	UNKNOWN STEP	2026-02-22T17:01:12.6136887Z   lfs: false
build-images	UNKNOWN STEP	2026-02-22T17:01:12.6137353Z   submodules: false
build-images	UNKNOWN STEP	2026-02-22T17:01:12.6137836Z   set-safe-directory: true
build-images	UNKNOWN STEP	2026-02-22T17:01:12.6138768Z env:
build-images	UNKNOWN STEP	2026-02-22T17:01:12.6139260Z   PROJECT_ID: cnrm-test
build-images	UNKNOWN STEP	2026-02-22T17:01:12.6139759Z ##[endgroup]
build-images	UNKNOWN STEP	2026-02-22T17:01:12.7230463Z Syncing repository: GoogleCloudPlatform/k8s-config-connector
build-images	UNKNOWN STEP	2026-02-22T17:01:12.7234610Z ##[group]Getting Git version info
build-images	UNKNOWN STEP	2026-02-22T17:01:12.7235843Z Working directory is '/home/runner/work/k8s-config-connector/k8s-config-connector'
build-images	UNKNOWN STEP	2026-02-22T17:01:12.7238076Z [command]/usr/bin/git version
build-images	UNKNOWN STEP	2026-02-22T17:01:12.7255481Z git version 2.52.0
build-images	UNKNOWN STEP	2026-02-22T17:01:12.7278592Z ##[endgroup]
build-images	UNKNOWN STEP	2026-02-22T17:01:12.7292515Z Temporarily overriding HOME='/home/runner/work/_temp/9953a44c-970f-48d4-87ad-2be7da76e003' before making global git config changes
build-images	UNKNOWN STEP	2026-02-22T17:01:12.7294418Z Adding repository directory to the temporary git global config as a safe directory
build-images	UNKNOWN STEP	2026-02-22T17:01:12.7297628Z [command]/usr/bin/git config --global --add safe.directory /home/runner/work/k8s-config-connector/k8s-config-connector
build-images	UNKNOWN STEP	2026-02-22T17:01:12.7328356Z Deleting the contents of '/home/runner/work/k8s-config-connector/k8s-config-connector'
build-images	UNKNOWN STEP	2026-02-22T17:01:12.7331446Z ##[group]Initializing the repository
build-images	UNKNOWN STEP	2026-02-22T17:01:12.7337303Z [command]/usr/bin/git init /home/runner/work/k8s-config-connector/k8s-config-connector
build-images	UNKNOWN STEP	2026-02-22T17:01:12.7429790Z hint: Using 'master' as the name for the initial branch. This default branch name
build-images	UNKNOWN STEP	2026-02-22T17:01:12.7432328Z hint: will change to "main" in Git 3.0. To configure the initial branch name
build-images	UNKNOWN STEP	2026-02-22T17:01:12.7434243Z hint: to use in all of your new repositories, which will suppress this warning,
build-images	UNKNOWN STEP	2026-02-22T17:01:12.7585221Z hint: call:
build-images	UNKNOWN STEP	2026-02-22T17:01:12.7585841Z hint:
build-images	UNKNOWN STEP	2026-02-22T17:01:12.7586685Z hint: 	git config --global init.defaultBranch <name>
build-images	UNKNOWN STEP	2026-02-22T17:01:12.7588381Z hint:
build-images	UNKNOWN STEP	2026-02-22T17:01:12.7589744Z hint: Names commonly chosen instead of 'master' are 'main', 'trunk' and
build-images	UNKNOWN STEP	2026-02-22T17:01:12.7592498Z hint: 'development'. The just-created branch can be renamed via this command:
build-images	UNKNOWN STEP	2026-02-22T17:01:12.7594326Z hint:
build-images	UNKNOWN STEP	2026-02-22T17:01:12.7594945Z hint: 	git branch -m <name>
build-images	UNKNOWN STEP	2026-02-22T17:01:12.7595412Z hint:
build-images	UNKNOWN STEP	2026-02-22T17:01:12.7596177Z hint: Disable this message with "git config set advice.defaultBranchName false"
build-images	UNKNOWN STEP	2026-02-22T17:01:12.7597611Z Initialized empty Git repository in /home/runner/work/k8s-config-connector/k8s-config-connector/.git/
build-images	UNKNOWN STEP	2026-02-22T17:01:12.7599958Z [command]/usr/bin/git remote add origin https://github.com/GoogleCloudPlatform/k8s-config-connector
build-images	UNKNOWN STEP	2026-02-22T17:01:12.7601969Z ##[endgroup]
build-images	UNKNOWN STEP	2026-02-22T17:01:12.7602726Z ##[group]Disabling automatic garbage collection
build-images	UNKNOWN STEP	2026-02-22T17:01:12.7603388Z [command]/usr/bin/git config --local gc.auto 0
build-images	UNKNOWN STEP	2026-02-22T17:01:12.7605439Z ##[endgroup]
build-images	UNKNOWN STEP	2026-02-22T17:01:12.7606103Z ##[group]Setting up auth
build-images	UNKNOWN STEP	2026-02-22T17:01:12.7607133Z [command]/usr/bin/git config --local --name-only --get-regexp core\.sshCommand
build-images	UNKNOWN STEP	2026-02-22T17:01:12.7610676Z [command]/usr/bin/git submodule foreach --recursive sh -c "git config --local --name-only --get-regexp 'core\.sshCommand' && git config --local --unset-all 'core.sshCommand' || :"
build-images	UNKNOWN STEP	2026-02-22T17:01:12.7810640Z [command]/usr/bin/git config --local --name-only --get-regexp http\.https\:\/\/github\.com\/\.extraheader
build-images	UNKNOWN STEP	2026-02-22T17:01:12.7836068Z [command]/usr/bin/git submodule foreach --recursive sh -c "git config --local --name-only --get-regexp 'http\.https\:\/\/github\.com\/\.extraheader' && git config --local --unset-all 'http.https://github.com/.extraheader' || :"
build-images	UNKNOWN STEP	2026-02-22T17:01:12.8026405Z [command]/usr/bin/git config --local --name-only --get-regexp ^includeIf\.gitdir:
build-images	UNKNOWN STEP	2026-02-22T17:01:12.8051964Z [command]/usr/bin/git submodule foreach --recursive git config --local --show-origin --name-only --get-regexp remote.origin.url
build-images	UNKNOWN STEP	2026-02-22T17:01:12.8225181Z [command]/usr/bin/git config --local http.https://github.com/.extraheader AUTHORIZATION: basic ***
build-images	UNKNOWN STEP	2026-02-22T17:01:12.8259004Z ##[endgroup]
build-images	UNKNOWN STEP	2026-02-22T17:01:12.8260270Z ##[group]Fetching the repository
build-images	UNKNOWN STEP	2026-02-22T17:01:12.8269579Z [command]/usr/bin/git -c protocol.version=2 fetch --no-tags --prune --no-recurse-submodules --depth=1 origin +8d07a72058901e85bc09c469ce29acc934713843:refs/remotes/pull/6691/merge
build-images	UNKNOWN STEP	2026-02-22T17:01:23.8663073Z From https://github.com/GoogleCloudPlatform/k8s-config-connector
build-images	UNKNOWN STEP	2026-02-22T17:01:23.8664563Z  * [new ref]           8d07a72058901e85bc09c469ce29acc934713843 -> pull/6691/merge
build-images	UNKNOWN STEP	2026-02-22T17:01:23.8692866Z ##[endgroup]
build-images	UNKNOWN STEP	2026-02-22T17:01:23.8693367Z ##[group]Determining the checkout info
build-images	UNKNOWN STEP	2026-02-22T17:01:23.8694922Z ##[endgroup]
build-images	UNKNOWN STEP	2026-02-22T17:01:23.8701186Z [command]/usr/bin/git sparse-checkout disable
build-images	UNKNOWN STEP	2026-02-22T17:01:23.8739507Z [command]/usr/bin/git config --local --unset-all extensions.worktreeConfig
build-images	UNKNOWN STEP	2026-02-22T17:01:23.8762713Z ##[group]Checking out the ref
build-images	UNKNOWN STEP	2026-02-22T17:01:23.8766368Z [command]/usr/bin/git checkout --progress --force refs/remotes/pull/6691/merge
build-images	UNKNOWN STEP	2026-02-22T17:01:24.9211117Z Updating files:  59% (18137/30606)
build-images	UNKNOWN STEP	2026-02-22T17:01:24.9417861Z Updating files:  60% (18364/30606)
build-images	UNKNOWN STEP	2026-02-22T17:01:24.9584058Z Updating files:  61% (18670/30606)
build-images	UNKNOWN STEP	2026-02-22T17:01:24.9742032Z Updating files:  62% (18976/30606)
build-images	UNKNOWN STEP	2026-02-22T17:01:25.0003293Z Updating files:  63% (19282/30606)
build-images	UNKNOWN STEP	2026-02-22T17:01:25.0236785Z Updating files:  64% (19588/30606)
build-images	UNKNOWN STEP	2026-02-22T17:01:25.0488428Z Updating files:  65% (19894/30606)
build-images	UNKNOWN STEP	2026-02-22T17:01:25.0617263Z Updating files:  66% (20200/30606)
build-images	UNKNOWN STEP	2026-02-22T17:01:25.0829003Z Updating files:  67% (20507/30606)
build-images	UNKNOWN STEP	2026-02-22T17:01:25.1316142Z Updating files:  68% (20813/30606)
build-images	UNKNOWN STEP	2026-02-22T17:01:25.1447291Z Updating files:  69% (21119/30606)
build-images	UNKNOWN STEP	2026-02-22T17:01:25.1592238Z Updating files:  70% (21425/30606)
build-images	UNKNOWN STEP	2026-02-22T17:01:25.1875087Z Updating files:  71% (21731/30606)
build-images	UNKNOWN STEP	2026-02-22T17:01:25.1995998Z Updating files:  72% (22037/30606)
build-images	UNKNOWN STEP	2026-02-22T17:01:25.2213799Z Updating files:  73% (22343/30606)
build-images	UNKNOWN STEP	2026-02-22T17:01:25.2446350Z Updating files:  74% (22649/30606)
build-images	UNKNOWN STEP	2026-02-22T17:01:25.2629060Z Updating files:  75% (22955/30606)
build-images	UNKNOWN STEP	2026-02-22T17:01:25.2683840Z Updating files:  76% (23261/30606)
build-images	UNKNOWN STEP	2026-02-22T17:01:25.2742716Z Updating files:  77% (23567/30606)
build-images	UNKNOWN STEP	2026-02-22T17:01:25.2801514Z Updating files:  78% (23873/30606)
build-images	UNKNOWN STEP	2026-02-22T17:01:25.2882636Z Updating files:  79% (24179/30606)
build-images	UNKNOWN STEP	2026-02-22T17:01:25.2973946Z Updating files:  80% (24485/30606)
build-images	UNKNOWN STEP	2026-02-22T17:01:25.3036012Z Updating files:  81% (24791/30606)
build-images	UNKNOWN STEP	2026-02-22T17:01:25.3094977Z Updating files:  82% (25097/30606)
build-images	UNKNOWN STEP	2026-02-22T17:01:25.3151242Z Updating files:  83% (25403/30606)
build-images	UNKNOWN STEP	2026-02-22T17:01:25.3208969Z Updating files:  84% (25710/30606)
build-images	UNKNOWN STEP	2026-02-22T17:01:25.3265930Z Updating files:  85% (26016/30606)
build-images	UNKNOWN STEP	2026-02-22T17:01:25.3321842Z Updating files:  86% (26322/30606)
build-images	UNKNOWN STEP	2026-02-22T17:01:25.3380262Z Updating files:  87% (26628/30606)
build-images	UNKNOWN STEP	2026-02-22T17:01:25.3438293Z Updating files:  88% (26934/30606)
build-images	UNKNOWN STEP	2026-02-22T17:01:25.3620986Z Updating files:  89% (27240/30606)
build-images	UNKNOWN STEP	2026-02-22T17:01:25.3817197Z Updating files:  90% (27546/30606)
build-images	UNKNOWN STEP	2026-02-22T17:01:25.4000060Z Updating files:  91% (27852/30606)
build-images	UNKNOWN STEP	2026-02-22T17:01:25.4201570Z Updating files:  92% (28158/30606)
build-images	UNKNOWN STEP	2026-02-22T17:01:25.4360936Z Updating files:  93% (28464/30606)
build-images	UNKNOWN STEP	2026-02-22T17:01:25.4501826Z Updating files:  94% (28770/30606)
build-images	UNKNOWN STEP	2026-02-22T17:01:25.4624125Z Updating files:  95% (29076/30606)
build-images	UNKNOWN STEP	2026-02-22T17:01:25.4746169Z Updating files:  96% (29382/30606)
build-images	UNKNOWN STEP	2026-02-22T17:01:25.4891586Z Updating files:  97% (29688/30606)
build-images	UNKNOWN STEP	2026-02-22T17:01:25.5065064Z Updating files:  98% (29994/30606)
build-images	UNKNOWN STEP	2026-02-22T17:01:25.5199526Z Updating files:  99% (30300/30606)
build-images	UNKNOWN STEP	2026-02-22T17:01:25.5200077Z Updating files: 100% (30606/30606)
build-images	UNKNOWN STEP	2026-02-22T17:01:25.5200553Z Updating files: 100% (30606/30606), done.
build-images	UNKNOWN STEP	2026-02-22T17:01:25.5639234Z Note: switching to 'refs/remotes/pull/6691/merge'.
build-images	UNKNOWN STEP	2026-02-22T17:01:25.5639696Z 
build-images	UNKNOWN STEP	2026-02-22T17:01:25.5641645Z You are in 'detached HEAD' state. You can look around, make experimental
build-images	UNKNOWN STEP	2026-02-22T17:01:25.5642594Z changes and commit them, and you can discard any commits you make in this
build-images	UNKNOWN STEP	2026-02-22T17:01:25.5643403Z state without impacting any branches by switching back to a branch.
build-images	UNKNOWN STEP	2026-02-22T17:01:25.5643908Z 
build-images	UNKNOWN STEP	2026-02-22T17:01:25.5644208Z If you want to create a new branch to retain commits you create, you may
build-images	UNKNOWN STEP	2026-02-22T17:01:25.5644960Z do so (now or later) by using -c with the switch command. Example:
build-images	UNKNOWN STEP	2026-02-22T17:01:25.5645413Z 
build-images	UNKNOWN STEP	2026-02-22T17:01:25.5645580Z   git switch -c <new-branch-name>
build-images	UNKNOWN STEP	2026-02-22T17:01:25.5645864Z 
build-images	UNKNOWN STEP	2026-02-22T17:01:25.5646178Z Or undo this operation with:
build-images	UNKNOWN STEP	2026-02-22T17:01:25.5646465Z 
build-images	UNKNOWN STEP	2026-02-22T17:01:25.5646585Z   git switch -
build-images	UNKNOWN STEP	2026-02-22T17:01:25.5646778Z 
build-images	UNKNOWN STEP	2026-02-22T17:01:25.5647159Z Turn off this advice by setting config variable advice.detachedHead to false
build-images	UNKNOWN STEP	2026-02-22T17:01:25.5647651Z 
build-images	UNKNOWN STEP	2026-02-22T17:01:25.5648234Z HEAD is now at 8d07a720 Merge 3ffdc6ef18522d558251e2681b29be10dcd52924 into 995852f511c99943178ccffe6fd1f6d4da3b5ca5
build-images	UNKNOWN STEP	2026-02-22T17:01:25.5678973Z ##[endgroup]
build-images	UNKNOWN STEP	2026-02-22T17:01:25.5721091Z [command]/usr/bin/git log -1 --format=%H
build-images	UNKNOWN STEP	2026-02-22T17:01:25.5742656Z 8d07a72058901e85bc09c469ce29acc934713843
build-images	UNKNOWN STEP	2026-02-22T17:01:25.5908984Z ##[group]Run dev/tasks/free-disk-space-on-github-actions-runner
build-images	UNKNOWN STEP	2026-02-22T17:01:25.5909571Z [36;1mdev/tasks/free-disk-space-on-github-actions-runner[0m
build-images	UNKNOWN STEP	2026-02-22T17:01:25.5953770Z shell: /usr/bin/bash -e {0}
build-images	UNKNOWN STEP	2026-02-22T17:01:25.5954037Z env:
build-images	UNKNOWN STEP	2026-02-22T17:01:25.5954311Z   PROJECT_ID: cnrm-test
build-images	UNKNOWN STEP	2026-02-22T17:01:25.5954540Z ##[endgroup]
build-images	UNKNOWN STEP	2026-02-22T17:01:25.6047955Z Before cleanup:
build-images	UNKNOWN STEP	2026-02-22T17:01:25.6070850Z Filesystem      Size  Used Avail Use% Mounted on
build-images	UNKNOWN STEP	2026-02-22T17:01:25.6071553Z /dev/root       146G   55G   91G  38% /
build-images	UNKNOWN STEP	2026-02-22T17:01:48.7396065Z Total reclaimed space: 0B
build-images	UNKNOWN STEP	2026-02-22T17:01:48.7413999Z After cleanup:
build-images	UNKNOWN STEP	2026-02-22T17:01:48.7423654Z Filesystem      Size  Used Avail Use% Mounted on
build-images	UNKNOWN STEP	2026-02-22T17:01:48.7424007Z /dev/root       146G   32G  114G  22% /
build-images	UNKNOWN STEP	2026-02-22T17:01:48.7513682Z ##[group]Run actions/setup-go@4dc6199c7b1a012772edbd06daecab0f50c9053c
build-images	UNKNOWN STEP	2026-02-22T17:01:48.7514024Z with:
build-images	UNKNOWN STEP	2026-02-22T17:01:48.7514239Z   go-version-file: go.mod
build-images	UNKNOWN STEP	2026-02-22T17:01:48.7514455Z   check-latest: false
build-images	UNKNOWN STEP	2026-02-22T17:01:48.7514798Z   token: ***
build-images	UNKNOWN STEP	2026-02-22T17:01:48.7514984Z   cache: true
build-images	UNKNOWN STEP	2026-02-22T17:01:48.7515151Z env:
build-images	UNKNOWN STEP	2026-02-22T17:01:48.7515328Z   PROJECT_ID: cnrm-test
build-images	UNKNOWN STEP	2026-02-22T17:01:48.7515532Z ##[endgroup]
build-images	UNKNOWN STEP	2026-02-22T17:01:48.9096686Z Setup go version spec 1.24.6
build-images	UNKNOWN STEP	2026-02-22T17:01:48.9108023Z Attempting to download 1.24.6...
build-images	UNKNOWN STEP	2026-02-22T17:01:49.3158999Z matching 1.24.6...
build-images	UNKNOWN STEP	2026-02-22T17:01:49.3232532Z Acquiring 1.24.6 from https://github.com/actions/go-versions/releases/download/1.24.6-16792114823/go-1.24.6-linux-x64.tar.gz
build-images	UNKNOWN STEP	2026-02-22T17:01:49.8290230Z Extracting Go...
build-images	UNKNOWN STEP	2026-02-22T17:01:49.8381142Z [command]/usr/bin/tar xz --warning=no-unknown-keyword --overwrite -C /home/runner/work/_temp/06d08b67-34c1-4d58-9c56-53a840ccc8f3 -f /home/runner/work/_temp/edb743f6-b050-455d-8637-8edb3afdeb51
build-images	UNKNOWN STEP	2026-02-22T17:01:51.4376978Z Successfully extracted go to /home/runner/work/_temp/06d08b67-34c1-4d58-9c56-53a840ccc8f3
build-images	UNKNOWN STEP	2026-02-22T17:01:51.4377643Z Adding to the cache ...
build-images	UNKNOWN STEP	2026-02-22T17:01:54.8524661Z Successfully cached go to /opt/hostedtoolcache/go/1.24.6/x64
build-images	UNKNOWN STEP	2026-02-22T17:01:54.8525412Z Added go to the path
build-images	UNKNOWN STEP	2026-02-22T17:01:54.8528384Z Successfully set up Go version 1.24.6
build-images	UNKNOWN STEP	2026-02-22T17:01:54.8735029Z [command]/opt/hostedtoolcache/go/1.24.6/x64/bin/go env GOMODCACHE
build-images	UNKNOWN STEP	2026-02-22T17:01:54.8756755Z [command]/opt/hostedtoolcache/go/1.24.6/x64/bin/go env GOCACHE
build-images	UNKNOWN STEP	2026-02-22T17:01:54.8779385Z /home/runner/go/pkg/mod
build-images	UNKNOWN STEP	2026-02-22T17:01:54.8796432Z /home/runner/.cache/go-build
build-images	UNKNOWN STEP	2026-02-22T17:01:54.9657661Z Cache hit for: setup-go-Linux-x64-ubuntu22-go-1.24.6-38aeb6058b2b948351c58b83d9d3468daa88777ea1b24224536b1c7536b16a8c
build-images	UNKNOWN STEP	2026-02-22T17:01:56.0902271Z Received 134217728 of 566014746 (23.7%), 128.0 MBs/sec
build-images	UNKNOWN STEP	2026-02-22T17:01:57.0906952Z Received 348127232 of 566014746 (61.5%), 165.9 MBs/sec
build-images	UNKNOWN STEP	2026-02-22T17:01:58.0908574Z Received 536870912 of 566014746 (94.9%), 170.6 MBs/sec
build-images	UNKNOWN STEP	2026-02-22T17:01:58.2090165Z Received 566014746 of 566014746 (100.0%), 173.1 MBs/sec
build-images	UNKNOWN STEP	2026-02-22T17:01:58.2090539Z Cache Size: ~540 MB (566014746 B)
build-images	UNKNOWN STEP	2026-02-22T17:01:58.2125873Z [command]/usr/bin/tar -xf /home/runner/work/_temp/16b96c7e-9a13-47e6-955d-a8a888559cc5/cache.tzst -P -C /home/runner/work/k8s-config-connector/k8s-config-connector --use-compress-program unzstd
build-images	UNKNOWN STEP	2026-02-22T17:02:01.3484417Z Cache restored successfully
build-images	UNKNOWN STEP	2026-02-22T17:02:01.4936245Z Cache restored from key: setup-go-Linux-x64-ubuntu22-go-1.24.6-38aeb6058b2b948351c58b83d9d3468daa88777ea1b24224536b1c7536b16a8c
build-images	UNKNOWN STEP	2026-02-22T17:02:01.4963310Z go version go1.24.6 linux/amd64
build-images	UNKNOWN STEP	2026-02-22T17:02:01.4963555Z 
build-images	UNKNOWN STEP	2026-02-22T17:02:01.4963868Z ##[group]go env
build-images	UNKNOWN STEP	2026-02-22T17:02:01.5554661Z AR='ar'
build-images	UNKNOWN STEP	2026-02-22T17:02:01.5554946Z CC='gcc'
build-images	UNKNOWN STEP	2026-02-22T17:02:01.5555257Z CGO_CFLAGS='-O2 -g'
build-images	UNKNOWN STEP	2026-02-22T17:02:01.5555661Z CGO_CPPFLAGS=''
build-images	UNKNOWN STEP	2026-02-22T17:02:01.5555875Z CGO_CXXFLAGS='-O2 -g'
build-images	UNKNOWN STEP	2026-02-22T17:02:01.5556158Z CGO_ENABLED='1'
build-images	UNKNOWN STEP	2026-02-22T17:02:01.5556363Z CGO_FFLAGS='-O2 -g'
build-images	UNKNOWN STEP	2026-02-22T17:02:01.5556554Z CGO_LDFLAGS='-O2 -g'
build-images	UNKNOWN STEP	2026-02-22T17:02:01.5556802Z CXX='g++'
build-images	UNKNOWN STEP	2026-02-22T17:02:01.5556994Z GCCGO='gccgo'
build-images	UNKNOWN STEP	2026-02-22T17:02:01.5557178Z GO111MODULE=''
build-images	UNKNOWN STEP	2026-02-22T17:02:01.5557375Z GOAMD64='v1'
build-images	UNKNOWN STEP	2026-02-22T17:02:01.5557559Z GOARCH='amd64'
build-images	UNKNOWN STEP	2026-02-22T17:02:01.5557742Z GOAUTH='netrc'
build-images	UNKNOWN STEP	2026-02-22T17:02:01.5557911Z GOBIN=''
build-images	UNKNOWN STEP	2026-02-22T17:02:01.5558116Z GOCACHE='/home/runner/.cache/go-build'
build-images	UNKNOWN STEP	2026-02-22T17:02:01.5558375Z GOCACHEPROG=''
build-images	UNKNOWN STEP	2026-02-22T17:02:01.5558553Z GODEBUG=''
build-images	UNKNOWN STEP	2026-02-22T17:02:01.5558748Z GOENV='/home/runner/.config/go/env'
build-images	UNKNOWN STEP	2026-02-22T17:02:01.5558987Z GOEXE=''
build-images	UNKNOWN STEP	2026-02-22T17:02:01.5559408Z GOEXPERIMENT=''
build-images	UNKNOWN STEP	2026-02-22T17:02:01.5559605Z GOFIPS140='off'
build-images	UNKNOWN STEP	2026-02-22T17:02:01.5559796Z GOFLAGS=''
build-images	UNKNOWN STEP	2026-02-22T17:02:01.5560428Z GOGCCFLAGS='-fPIC -m64 -pthread -Wl,--no-gc-sections -fmessage-length=0 -ffile-prefix-map=/tmp/go-build914206454=/tmp/go-build -gno-record-gcc-switches'
build-images	UNKNOWN STEP	2026-02-22T17:02:01.5561227Z GOHOSTARCH='amd64'
build-images	UNKNOWN STEP	2026-02-22T17:02:01.5561437Z GOHOSTOS='linux'
build-images	UNKNOWN STEP	2026-02-22T17:02:01.5561627Z GOINSECURE=''
build-images	UNKNOWN STEP	2026-02-22T17:02:01.5562135Z GOMOD='/home/runner/work/k8s-config-connector/k8s-config-connector/go.mod'
build-images	UNKNOWN STEP	2026-02-22T17:02:01.5562542Z GOMODCACHE='/home/runner/go/pkg/mod'
build-images	UNKNOWN STEP	2026-02-22T17:02:01.5562791Z GONOPROXY=''
build-images	UNKNOWN STEP	2026-02-22T17:02:01.5562970Z GONOSUMDB=''
build-images	UNKNOWN STEP	2026-02-22T17:02:01.5563156Z GOOS='linux'
build-images	UNKNOWN STEP	2026-02-22T17:02:01.5563354Z GOPATH='/home/runner/go'
build-images	UNKNOWN STEP	2026-02-22T17:02:01.5563562Z GOPRIVATE=''
build-images	UNKNOWN STEP	2026-02-22T17:02:01.5563815Z GOPROXY='https://proxy.golang.org,direct'
build-images	UNKNOWN STEP	2026-02-22T17:02:01.5564119Z GOROOT='/opt/hostedtoolcache/go/1.24.6/x64'
build-images	UNKNOWN STEP	2026-02-22T17:02:01.5564385Z GOSUMDB='sum.golang.org'
build-images	UNKNOWN STEP	2026-02-22T17:02:01.5564625Z GOTELEMETRY='local'
build-images	UNKNOWN STEP	2026-02-22T17:02:01.5564879Z GOTELEMETRYDIR='/home/runner/.config/go/telemetry'
build-images	UNKNOWN STEP	2026-02-22T17:02:01.5565152Z GOTMPDIR=''
build-images	UNKNOWN STEP	2026-02-22T17:02:01.5565341Z GOTOOLCHAIN='local'
build-images	UNKNOWN STEP	2026-02-22T17:02:01.5565645Z GOTOOLDIR='/opt/hostedtoolcache/go/1.24.6/x64/pkg/tool/linux_amd64'
build-images	UNKNOWN STEP	2026-02-22T17:02:01.5565969Z GOVCS=''
build-images	UNKNOWN STEP	2026-02-22T17:02:01.5566157Z GOVERSION='go1.24.6'
build-images	UNKNOWN STEP	2026-02-22T17:02:01.5566490Z GOWORK='/home/runner/work/k8s-config-connector/k8s-config-connector/go.work'
build-images	UNKNOWN STEP	2026-02-22T17:02:01.5566862Z PKG_CONFIG='pkg-config'
build-images	UNKNOWN STEP	2026-02-22T17:02:01.5566995Z 
build-images	UNKNOWN STEP	2026-02-22T17:02:01.5567365Z ##[endgroup]
build-images	UNKNOWN STEP	2026-02-22T17:02:01.5688404Z ##[group]Run dev/tasks/build-images
build-images	UNKNOWN STEP	2026-02-22T17:02:01.5688725Z [36;1mdev/tasks/build-images[0m
build-images	UNKNOWN STEP	2026-02-22T17:02:01.5715595Z shell: /usr/bin/bash -e {0}
build-images	UNKNOWN STEP	2026-02-22T17:02:01.5715854Z env:
build-images	UNKNOWN STEP	2026-02-22T17:02:01.5716042Z   PROJECT_ID: cnrm-test
build-images	UNKNOWN STEP	2026-02-22T17:02:01.5716275Z   GOTOOLCHAIN: local
build-images	UNKNOWN STEP	2026-02-22T17:02:01.5716478Z ##[endgroup]
build-images	UNKNOWN STEP	2026-02-22T17:02:01.5820442Z Building images with tag: 8d07a72
build-images	UNKNOWN STEP	2026-02-22T17:02:01.6050830Z DOCKER_BUILDKIT=1 docker build . -f build/builder/Dockerfile -t builder:8d07a72
build-images	UNKNOWN STEP	2026-02-22T17:02:02.0721652Z #0 building with "default" instance using docker driver
build-images	UNKNOWN STEP	2026-02-22T17:02:02.0722190Z 
build-images	UNKNOWN STEP	2026-02-22T17:02:02.0722384Z #1 [internal] load build definition from Dockerfile
build-images	UNKNOWN STEP	2026-02-22T17:02:02.0722840Z #1 transferring dockerfile: 2.45kB done
build-images	UNKNOWN STEP	2026-02-22T17:02:02.0723181Z #1 DONE 0.0s
build-images	UNKNOWN STEP	2026-02-22T17:02:02.0723343Z 
build-images	UNKNOWN STEP	2026-02-22T17:02:02.0723598Z #2 [auth] library/golang:pull token for registry-1.docker.io
build-images	UNKNOWN STEP	2026-02-22T17:02:02.2225154Z #2 DONE 0.0s
build-images	UNKNOWN STEP	2026-02-22T17:02:02.2225468Z 
build-images	UNKNOWN STEP	2026-02-22T17:02:02.2225697Z #3 [internal] load metadata for docker.io/library/golang:1.26.0
build-images	UNKNOWN STEP	2026-02-22T17:02:02.5605141Z #3 DONE 0.6s
build-images	UNKNOWN STEP	2026-02-22T17:02:02.6818716Z 
build-images	UNKNOWN STEP	2026-02-22T17:02:02.6819782Z #4 [internal] load .dockerignore
build-images	UNKNOWN STEP	2026-02-22T17:02:02.6820340Z #4 transferring context: 638B done
build-images	UNKNOWN STEP	2026-02-22T17:02:02.6820766Z #4 DONE 0.0s
build-images	UNKNOWN STEP	2026-02-22T17:02:02.6820942Z 
build-images	UNKNOWN STEP	2026-02-22T17:02:02.6821601Z #5 [ 1/17] FROM docker.io/library/golang:1.26.0@sha256:c83e68f3ebb6943a2904fa66348867d108119890a2c6a2e6f07b38d0eb6c25c5
build-images	UNKNOWN STEP	2026-02-22T17:02:02.6822992Z #5 resolve docker.io/library/golang:1.26.0@sha256:c83e68f3ebb6943a2904fa66348867d108119890a2c6a2e6f07b38d0eb6c25c5 done
build-images	UNKNOWN STEP	2026-02-22T17:02:02.6824121Z #5 sha256:21d68a382b318dde54771baf5e04393e0930d077583c8010e4fd83adae328eda 2.32kB / 2.32kB done
build-images	UNKNOWN STEP	2026-02-22T17:02:02.6825157Z #5 sha256:954d6059ca7bdbb9ceb566ca2239e01ef312165659d656753d7dbace7771a591 0B / 25.61MB 0.1s
build-images	UNKNOWN STEP	2026-02-22T17:02:02.6826258Z #5 sha256:b5e2021c4c8bd1a46b34d9608a9381afdc333600ee1ef3c94306ecf7373e1956 0B / 67.79MB 0.1s
build-images	UNKNOWN STEP	2026-02-22T17:02:02.6827318Z #5 sha256:c83e68f3ebb6943a2904fa66348867d108119890a2c6a2e6f07b38d0eb6c25c5 9.70kB / 9.70kB done
build-images	UNKNOWN STEP	2026-02-22T17:02:02.6828408Z #5 sha256:364310d5dd6d53f87952897019b2147ed0aeafa58d4b5c7207d45c581ce7a6c0 3.04kB / 3.04kB done
build-images	UNKNOWN STEP	2026-02-22T17:02:02.6829481Z #5 sha256:ef235bf1a09a237b896b69935c8c8d917c9c6a78b538724911414afc0a96763c 0B / 49.29MB 0.1s
build-images	UNKNOWN STEP	2026-02-22T17:02:02.7825913Z #5 sha256:954d6059ca7bdbb9ceb566ca2239e01ef312165659d656753d7dbace7771a591 15.73MB / 25.61MB 0.2s
build-images	UNKNOWN STEP	2026-02-22T17:02:02.7830199Z #5 sha256:b5e2021c4c8bd1a46b34d9608a9381afdc333600ee1ef3c94306ecf7373e1956 13.63MB / 67.79MB 0.2s
build-images	UNKNOWN STEP	2026-02-22T17:02:02.7831982Z #5 sha256:ef235bf1a09a237b896b69935c8c8d917c9c6a78b538724911414afc0a96763c 8.39MB / 49.29MB 0.2s
build-images	UNKNOWN STEP	2026-02-22T17:02:02.8998401Z #5 sha256:954d6059ca7bdbb9ceb566ca2239e01ef312165659d656753d7dbace7771a591 25.61MB / 25.61MB 0.3s
build-images	UNKNOWN STEP	2026-02-22T17:02:02.9003169Z #5 sha256:b5e2021c4c8bd1a46b34d9608a9381afdc333600ee1ef3c94306ecf7373e1956 27.26MB / 67.79MB 0.3s
build-images	UNKNOWN STEP	2026-02-22T17:02:02.9004383Z #5 sha256:ef235bf1a09a237b896b69935c8c8d917c9c6a78b538724911414afc0a96763c 13.63MB / 49.29MB 0.3s
build-images	UNKNOWN STEP	2026-02-22T17:02:02.9999792Z #5 sha256:954d6059ca7bdbb9ceb566ca2239e01ef312165659d656753d7dbace7771a591 25.61MB / 25.61MB 0.3s done
build-images	UNKNOWN STEP	2026-02-22T17:02:03.0002523Z #5 sha256:b5e2021c4c8bd1a46b34d9608a9381afdc333600ee1ef3c94306ecf7373e1956 44.74MB / 67.79MB 0.4s
build-images	UNKNOWN STEP	2026-02-22T17:02:03.0003756Z #5 sha256:ef235bf1a09a237b896b69935c8c8d917c9c6a78b538724911414afc0a96763c 22.02MB / 49.29MB 0.4s
build-images	UNKNOWN STEP	2026-02-22T17:02:03.0004913Z #5 sha256:132b23345fa8206f1493a3f4a33a96c348176e4598f5bd75e8ba3a662bec063e 4.53MB / 102.16MB 0.4s
build-images	UNKNOWN STEP	2026-02-22T17:02:03.1817585Z #5 sha256:b5e2021c4c8bd1a46b34d9608a9381afdc333600ee1ef3c94306ecf7373e1956 61.87MB / 67.79MB 0.6s
build-images	UNKNOWN STEP	2026-02-22T17:02:03.1826898Z #5 sha256:ef235bf1a09a237b896b69935c8c8d917c9c6a78b538724911414afc0a96763c 26.21MB / 49.29MB 0.6s
build-images	UNKNOWN STEP	2026-02-22T17:02:03.1828229Z #5 sha256:132b23345fa8206f1493a3f4a33a96c348176e4598f5bd75e8ba3a662bec063e 47.21MB / 102.16MB 0.6s
build-images	UNKNOWN STEP	2026-02-22T17:02:03.2823850Z #5 sha256:b5e2021c4c8bd1a46b34d9608a9381afdc333600ee1ef3c94306ecf7373e1956 67.79MB / 67.79MB 0.6s done
build-images	UNKNOWN STEP	2026-02-22T17:02:03.2825530Z #5 sha256:132b23345fa8206f1493a3f4a33a96c348176e4598f5bd75e8ba3a662bec063e 67.11MB / 102.16MB 0.7s
build-images	UNKNOWN STEP	2026-02-22T17:02:03.2826866Z #5 sha256:8ede2856567d2593950de6f98f5d2763ae304caeb0ff577a1318c065a8fd650c 0B / 67.18MB 0.7s
build-images	UNKNOWN STEP	2026-02-22T17:02:03.4000562Z #5 sha256:ef235bf1a09a237b896b69935c8c8d917c9c6a78b538724911414afc0a96763c 31.46MB / 49.29MB 0.8s
build-images	UNKNOWN STEP	2026-02-22T17:02:03.4003566Z #5 sha256:132b23345fa8206f1493a3f4a33a96c348176e4598f5bd75e8ba3a662bec063e 82.84MB / 102.16MB 0.8s
build-images	UNKNOWN STEP	2026-02-22T17:02:03.4005957Z #5 sha256:8ede2856567d2593950de6f98f5d2763ae304caeb0ff577a1318c065a8fd650c 8.39MB / 67.18MB 0.8s
build-images	UNKNOWN STEP	2026-02-22T17:02:03.5004905Z #5 sha256:ef235bf1a09a237b896b69935c8c8d917c9c6a78b538724911414afc0a96763c 48.23MB / 49.29MB 0.9s
build-images	UNKNOWN STEP	2026-02-22T17:02:03.5006470Z #5 sha256:132b23345fa8206f1493a3f4a33a96c348176e4598f5bd75e8ba3a662bec063e 98.57MB / 102.16MB 0.9s
build-images	UNKNOWN STEP	2026-02-22T17:02:03.5010127Z #5 sha256:8ede2856567d2593950de6f98f5d2763ae304caeb0ff577a1318c065a8fd650c 22.02MB / 67.18MB 0.9s
build-images	UNKNOWN STEP	2026-02-22T17:02:03.6459537Z #5 sha256:ef235bf1a09a237b896b69935c8c8d917c9c6a78b538724911414afc0a96763c 49.29MB / 49.29MB 0.9s done
build-images	UNKNOWN STEP	2026-02-22T17:02:03.6461139Z #5 sha256:132b23345fa8206f1493a3f4a33a96c348176e4598f5bd75e8ba3a662bec063e 102.16MB / 102.16MB 0.9s done
build-images	UNKNOWN STEP	2026-02-22T17:02:03.6462427Z #5 sha256:8ede2856567d2593950de6f98f5d2763ae304caeb0ff577a1318c065a8fd650c 34.60MB / 67.18MB 1.0s
build-images	UNKNOWN STEP	2026-02-22T17:02:03.6463408Z #5 extracting sha256:ef235bf1a09a237b896b69935c8c8d917c9c6a78b538724911414afc0a96763c
build-images	UNKNOWN STEP	2026-02-22T17:02:03.6464295Z #5 sha256:656857beabbec31d8624216a277a98542a9fba0685c0d5e2965d60646c51f96a 0B / 126B 1.0s
build-images	UNKNOWN STEP	2026-02-22T17:02:03.6465265Z #5 sha256:4f4fb700ef54461cfa02571ae0db9a0dc1e0cdb5577484a6d75e68dc38e8acc1 32B / 32B 1.0s done
build-images	UNKNOWN STEP	2026-02-22T17:02:03.7454640Z #5 sha256:8ede2856567d2593950de6f98f5d2763ae304caeb0ff577a1318c065a8fd650c 40.89MB / 67.18MB 1.1s
build-images	UNKNOWN STEP	2026-02-22T17:02:03.7456797Z #5 sha256:656857beabbec31d8624216a277a98542a9fba0685c0d5e2965d60646c51f96a 126B / 126B 1.1s done
build-images	UNKNOWN STEP	2026-02-22T17:02:03.9849306Z #5 sha256:8ede2856567d2593950de6f98f5d2763ae304caeb0ff577a1318c065a8fd650c 65.01MB / 67.18MB 1.4s
build-images	UNKNOWN STEP	2026-02-22T17:02:04.1336718Z #5 sha256:8ede2856567d2593950de6f98f5d2763ae304caeb0ff577a1318c065a8fd650c 67.18MB / 67.18MB 1.4s done
build-images	UNKNOWN STEP	2026-02-22T17:02:06.6655236Z #5 extracting sha256:ef235bf1a09a237b896b69935c8c8d917c9c6a78b538724911414afc0a96763c 3.0s done
build-images	UNKNOWN STEP	2026-02-22T17:02:06.8529358Z #5 extracting sha256:954d6059ca7bdbb9ceb566ca2239e01ef312165659d656753d7dbace7771a591
build-images	UNKNOWN STEP	2026-02-22T17:02:07.8423303Z #5 ...
build-images	UNKNOWN STEP	2026-02-22T17:02:07.8423570Z 
build-images	UNKNOWN STEP	2026-02-22T17:02:07.8423754Z #6 [internal] load build context
build-images	UNKNOWN STEP	2026-02-22T17:02:07.8424523Z #6 transferring context: 495.87MB 5.0s done
build-images	UNKNOWN STEP	2026-02-22T17:02:07.8424937Z #6 DONE 5.2s
build-images	UNKNOWN STEP	2026-02-22T17:02:07.8425132Z 
build-images	UNKNOWN STEP	2026-02-22T17:02:07.8425725Z #5 [ 1/17] FROM docker.io/library/golang:1.26.0@sha256:c83e68f3ebb6943a2904fa66348867d108119890a2c6a2e6f07b38d0eb6c25c5
build-images	UNKNOWN STEP	2026-02-22T17:02:09.9182054Z #5 extracting sha256:954d6059ca7bdbb9ceb566ca2239e01ef312165659d656753d7dbace7771a591 3.1s done
build-images	UNKNOWN STEP	2026-02-22T17:02:10.7158738Z #5 extracting sha256:b5e2021c4c8bd1a46b34d9608a9381afdc333600ee1ef3c94306ecf7373e1956
build-images	UNKNOWN STEP	2026-02-22T17:02:12.5972240Z #5 extracting sha256:b5e2021c4c8bd1a46b34d9608a9381afdc333600ee1ef3c94306ecf7373e1956 1.7s done
build-images	UNKNOWN STEP	2026-02-22T17:02:12.7121059Z #5 extracting sha256:132b23345fa8206f1493a3f4a33a96c348176e4598f5bd75e8ba3a662bec063e
build-images	UNKNOWN STEP	2026-02-22T17:02:14.7132051Z #5 extracting sha256:132b23345fa8206f1493a3f4a33a96c348176e4598f5bd75e8ba3a662bec063e 1.9s done
build-images	UNKNOWN STEP	2026-02-22T17:02:15.0067868Z #5 extracting sha256:8ede2856567d2593950de6f98f5d2763ae304caeb0ff577a1318c065a8fd650c
build-images	UNKNOWN STEP	2026-02-22T17:02:18.1854012Z #5 extracting sha256:8ede2856567d2593950de6f98f5d2763ae304caeb0ff577a1318c065a8fd650c 3.2s done
build-images	UNKNOWN STEP	2026-02-22T17:02:18.7561344Z #5 extracting sha256:656857beabbec31d8624216a277a98542a9fba0685c0d5e2965d60646c51f96a
build-images	UNKNOWN STEP	2026-02-22T17:02:18.9180992Z #5 extracting sha256:656857beabbec31d8624216a277a98542a9fba0685c0d5e2965d60646c51f96a done
build-images	UNKNOWN STEP	2026-02-22T17:02:18.9182111Z #5 extracting sha256:4f4fb700ef54461cfa02571ae0db9a0dc1e0cdb5577484a6d75e68dc38e8acc1 done
build-images	UNKNOWN STEP	2026-02-22T17:02:18.9182537Z #5 DONE 16.2s
build-images	UNKNOWN STEP	2026-02-22T17:02:18.9182715Z 
build-images	UNKNOWN STEP	2026-02-22T17:02:18.9183041Z #7 [ 2/17] WORKDIR /go/src/github.com/GoogleCloudPlatform/k8s-config-connector
build-images	UNKNOWN STEP	2026-02-22T17:02:18.9183437Z #7 DONE 0.0s
build-images	UNKNOWN STEP	2026-02-22T17:02:18.9183636Z 
build-images	UNKNOWN STEP	2026-02-22T17:02:18.9183770Z #8 [ 3/17] COPY apis/   apis/
build-images	UNKNOWN STEP	2026-02-22T17:02:18.9184139Z #8 DONE 0.1s
build-images	UNKNOWN STEP	2026-02-22T17:02:19.0795105Z 
build-images	UNKNOWN STEP	2026-02-22T17:02:19.0795786Z #9 [ 4/17] COPY dev/metadata/   dev/metadata/
build-images	UNKNOWN STEP	2026-02-22T17:02:19.0796142Z #9 DONE 0.0s
build-images	UNKNOWN STEP	2026-02-22T17:02:19.0796266Z 
build-images	UNKNOWN STEP	2026-02-22T17:02:19.0796373Z #10 [ 5/17] COPY pkg/    pkg/
build-images	UNKNOWN STEP	2026-02-22T17:02:19.5496797Z #10 DONE 0.6s
build-images	UNKNOWN STEP	2026-02-22T17:02:19.7105880Z 
build-images	UNKNOWN STEP	2026-02-22T17:02:19.7106408Z #11 [ 6/17] COPY cmd/    cmd/
build-images	UNKNOWN STEP	2026-02-22T17:02:19.7106749Z #11 DONE 0.0s
build-images	UNKNOWN STEP	2026-02-22T17:02:19.7106872Z 
build-images	UNKNOWN STEP	2026-02-22T17:02:19.7107026Z #12 [ 7/17] COPY config/ config/
build-images	UNKNOWN STEP	2026-02-22T17:02:19.7305999Z #12 DONE 0.2s
build-images	UNKNOWN STEP	2026-02-22T17:02:19.8816462Z 
build-images	UNKNOWN STEP	2026-02-22T17:02:19.8817126Z #13 [ 8/17] COPY mockgcp/ mockgcp/
build-images	UNKNOWN STEP	2026-02-22T17:02:19.9611186Z #13 DONE 0.2s
build-images	UNKNOWN STEP	2026-02-22T17:02:20.1121487Z 
build-images	UNKNOWN STEP	2026-02-22T17:02:20.1122167Z #14 [ 9/17] COPY operator/ operator/
build-images	UNKNOWN STEP	2026-02-22T17:02:20.2101575Z #14 DONE 0.2s
build-images	UNKNOWN STEP	2026-02-22T17:02:20.3612672Z 
build-images	UNKNOWN STEP	2026-02-22T17:02:20.3613364Z #15 [10/17] COPY third_party/ third_party/
build-images	UNKNOWN STEP	2026-02-22T17:02:21.5030315Z #15 DONE 1.3s
build-images	UNKNOWN STEP	2026-02-22T17:02:21.6377410Z 
build-images	UNKNOWN STEP	2026-02-22T17:02:21.6377961Z #16 [11/17] COPY version/ version/
build-images	UNKNOWN STEP	2026-02-22T17:02:21.6378431Z #16 DONE 0.0s
build-images	UNKNOWN STEP	2026-02-22T17:02:21.6378633Z 
build-images	UNKNOWN STEP	2026-02-22T17:02:21.6378948Z #17 [12/17] COPY scripts/generate-third-party-licenses scripts/generate-third-party-licenses
build-images	UNKNOWN STEP	2026-02-22T17:02:21.6379636Z #17 DONE 0.0s
build-images	UNKNOWN STEP	2026-02-22T17:02:21.6379744Z 
build-images	UNKNOWN STEP	2026-02-22T17:02:21.6379916Z #18 [13/17] COPY scripts/resource-autogen scripts/resource-autogen
build-images	UNKNOWN STEP	2026-02-22T17:02:21.6380352Z #18 DONE 0.1s
build-images	UNKNOWN STEP	2026-02-22T17:02:21.7921405Z 
build-images	UNKNOWN STEP	2026-02-22T17:02:21.7922753Z #19 [14/17] COPY go.mod go.mod
build-images	UNKNOWN STEP	2026-02-22T17:02:21.7923291Z #19 DONE 0.0s
build-images	UNKNOWN STEP	2026-02-22T17:02:21.7923479Z 
build-images	UNKNOWN STEP	2026-02-22T17:02:21.7923638Z #20 [15/17] COPY go.sum go.sum
build-images	UNKNOWN STEP	2026-02-22T17:02:21.7924016Z #20 DONE 0.0s
build-images	UNKNOWN STEP	2026-02-22T17:02:21.7924189Z 
build-images	UNKNOWN STEP	2026-02-22T17:02:21.7929441Z #21 [16/17] RUN CGO_ENABLED=0 GOOS=linux GOARCH=amd64 go build -ldflags "-s -w" -o deletiondefender github.com/GoogleCloudPlatform/k8s-config-connector/cmd/deletiondefender &&     CGO_ENABLED=0 GOOS=linux GOARCH=amd64 go build -ldflags "-s -w" -o webhook github.com/GoogleCloudPlatform/k8s-config-connector/cmd/webhook &&     CGO_ENABLED=0 GOOS=linux GOARCH=amd64 go build -ldflags "-s -w" -o recorder github.com/GoogleCloudPlatform/k8s-config-connector/cmd/recorder &&     CGO_ENABLED=0 GOOS=linux GOARCH=amd64 go build -ldflags "-s -w" -o unmanageddetector github.com/GoogleCloudPlatform/k8s-config-connector/cmd/unmanageddetector &&     CGO_ENABLED=0 GOOS=linux GOARCH=amd64 go build -ldflags "-s -w" -o manager github.com/GoogleCloudPlatform/k8s-config-connector/cmd/manager &&     CGO_ENABLED=0 GOOS=linux GOARCH=amd64 go build -ldflags "-s -w" -o config-connector github.com/GoogleCloudPlatform/k8s-config-connector/cmd/config-connector
build-images	UNKNOWN STEP	2026-02-22T17:02:21.7935384Z #21 0.138 go: downloading github.com/spf13/pflag v1.0.5
build-images	UNKNOWN STEP	2026-02-22T17:02:21.9375846Z #21 0.139 go: downloading k8s.io/apiextensions-apiserver v0.33.0
build-images	UNKNOWN STEP	2026-02-22T17:02:21.9376724Z #21 0.139 go: downloading sigs.k8s.io/controller-runtime v0.20.4
build-images	UNKNOWN STEP	2026-02-22T17:02:21.9377387Z #21 0.284 go: downloading k8s.io/apimachinery v0.33.0
build-images	UNKNOWN STEP	2026-02-22T17:02:22.0666547Z #21 0.297 go: downloading github.com/hashicorp/terraform-plugin-sdk/v2 v2.24.0
build-images	UNKNOWN STEP	2026-02-22T17:02:22.0667123Z #21 0.413 go: downloading k8s.io/client-go v0.33.0
build-images	UNKNOWN STEP	2026-02-22T17:02:22.1677789Z #21 0.429 go: downloading golang.org/x/sync v0.19.0
build-images	UNKNOWN STEP	2026-02-22T17:02:22.1678529Z #21 0.429 go: downloading cloud.google.com/go/profiler v0.4.3
build-images	UNKNOWN STEP	2026-02-22T17:02:22.1680096Z #21 0.444 go: downloading cloud.google.com/go v0.123.0
build-images	UNKNOWN STEP	2026-02-22T17:02:22.1681007Z #21 0.474 go: downloading github.com/go-logr/logr v1.4.3
build-images	UNKNOWN STEP	2026-02-22T17:02:22.1681587Z #21 0.475 go: downloading github.com/go-logr/zapr v1.3.0
build-images	UNKNOWN STEP	2026-02-22T17:02:22.1682329Z #21 0.490 go: downloading go.uber.org/zap v1.27.0
build-images	UNKNOWN STEP	2026-02-22T17:02:22.1683096Z #21 0.512 go: downloading github.com/nasa9084/go-openapi v0.0.0-20200604141640-2875b7376353
build-images	UNKNOWN STEP	2026-02-22T17:02:22.1683859Z #21 0.514 go: downloading k8s.io/api v0.33.0
build-images	UNKNOWN STEP	2026-02-22T17:02:22.3353750Z #21 0.610 go: downloading k8s.io/klog/v2 v2.130.1
build-images	UNKNOWN STEP	2026-02-22T17:02:22.3354480Z #21 0.682 go: downloading github.com/evanphx/json-patch/v5 v5.9.11
build-images	UNKNOWN STEP	2026-02-22T17:02:22.5576855Z #21 0.904 go: downloading k8s.io/utils v0.0.0-20241104100929-3ea5e8cea738
build-images	UNKNOWN STEP	2026-02-22T17:02:22.7451238Z #21 0.916 go: downloading bitbucket.org/creachadair/stringset v0.0.8
build-images	UNKNOWN STEP	2026-02-22T17:02:22.7451911Z #21 0.918 go: downloading github.com/cenkalti/backoff v2.2.1+incompatible
build-images	UNKNOWN STEP	2026-02-22T17:02:22.7452318Z #21 0.919 go: downloading github.com/golang/glog v1.2.5
build-images	UNKNOWN STEP	2026-02-22T17:02:22.7452775Z #21 0.928 go: downloading github.com/google/go-cpy v0.0.0-20211218193943-a9c933c06932
build-images	UNKNOWN STEP	2026-02-22T17:02:22.7453227Z #21 0.930 go: downloading github.com/kylelemons/godebug v1.1.0
build-images	UNKNOWN STEP	2026-02-22T17:02:22.7453595Z #21 0.930 go: downloading golang.org/x/oauth2 v0.34.0
build-images	UNKNOWN STEP	2026-02-22T17:02:22.7453955Z #21 0.941 go: downloading google.golang.org/api v0.258.0
build-images	UNKNOWN STEP	2026-02-22T17:02:25.5751422Z #21 3.921 go: downloading cloud.google.com/go/iam v1.5.3
build-images	UNKNOWN STEP	2026-02-22T17:02:25.6832293Z #21 3.922 go: downloading cloud.google.com/go/resourcemanager v1.10.7
build-images	UNKNOWN STEP	2026-02-22T17:02:25.6833162Z #21 3.923 go: downloading sigs.k8s.io/structured-merge-diff/v4 v4.6.0
build-images	UNKNOWN STEP	2026-02-22T17:02:25.6833905Z #21 3.969 go: downloading sigs.k8s.io/yaml v1.4.0
build-images	UNKNOWN STEP	2026-02-22T17:02:25.6834520Z #21 3.971 go: downloading github.com/gogo/protobuf v1.3.2
build-images	UNKNOWN STEP	2026-02-22T17:02:25.6835138Z #21 3.979 go: downloading github.com/google/go-cmp v0.7.0
build-images	UNKNOWN STEP	2026-02-22T17:02:25.6835906Z #21 3.999 go: downloading github.com/hashicorp/go-cty v1.4.1-0.20200414143053-d3edf31b6320
build-images	UNKNOWN STEP	2026-02-22T17:02:25.6836740Z #21 4.030 go: downloading github.com/hashicorp/go-multierror v1.1.1
build-images	UNKNOWN STEP	2026-02-22T17:02:25.6837494Z #21 4.030 go: downloading github.com/hashicorp/terraform-plugin-go v0.14.3
build-images	UNKNOWN STEP	2026-02-22T17:02:25.9031162Z #21 4.071 go: downloading github.com/hashicorp/terraform-plugin-log v0.7.0
build-images	UNKNOWN STEP	2026-02-22T17:02:25.9032479Z #21 4.071 go: downloading github.com/mitchellh/copystructure v1.2.0
build-images	UNKNOWN STEP	2026-02-22T17:02:25.9033595Z #21 4.081 go: downloading github.com/mitchellh/go-testing-interface v1.14.1
build-images	UNKNOWN STEP	2026-02-22T17:02:25.9034396Z #21 4.090 go: downloading github.com/mitchellh/mapstructure v1.5.0
build-images	UNKNOWN STEP	2026-02-22T17:02:25.9035109Z #21 4.101 go: downloading google.golang.org/grpc v1.77.0
build-images	UNKNOWN STEP	2026-02-22T17:02:25.9035740Z #21 4.106 go: downloading google.golang.org/protobuf v1.36.11
build-images	UNKNOWN STEP	2026-02-22T17:02:25.9036345Z #21 4.250 go: downloading sigs.k8s.io/randfill v1.0.0
build-images	UNKNOWN STEP	2026-02-22T17:02:26.0923192Z #21 4.256 go: downloading cloud.google.com/go/alloydb v1.20.0
build-images	UNKNOWN STEP	2026-02-22T17:02:26.0923650Z #21 4.311 go: downloading github.com/golang/protobuf v1.5.4
build-images	UNKNOWN STEP	2026-02-22T17:02:26.0924143Z #21 4.311 go: downloading google.golang.org/genproto v0.0.0-20250922171735-9219d122eba9
build-images	UNKNOWN STEP	2026-02-22T17:02:26.0924609Z #21 4.439 go: downloading cloud.google.com/go/apigateway v1.7.7
build-images	UNKNOWN STEP	2026-02-22T17:02:26.2195592Z #21 4.456 go: downloading cloud.google.com/go/apikeys v1.2.7
build-images	UNKNOWN STEP	2026-02-22T17:02:26.2196185Z #21 4.469 go: downloading cloud.google.com/go/apphub v0.4.0
build-images	UNKNOWN STEP	2026-02-22T17:02:26.2196701Z #21 4.566 go: downloading cloud.google.com/go/asset v1.22.0
build-images	UNKNOWN STEP	2026-02-22T17:02:26.4994124Z #21 4.846 go: downloading cloud.google.com/go/backupdr v1.6.0
build-images	UNKNOWN STEP	2026-02-22T17:02:26.6406080Z #21 4.847 go: downloading google.golang.org/genproto/googleapis/rpc v0.0.0-20251213004720-97cd9d5aeac2
build-images	UNKNOWN STEP	2026-02-22T17:02:26.6407119Z #21 4.847 go: downloading cloud.google.com/go/batch v1.14.0
build-images	UNKNOWN STEP	2026-02-22T17:02:26.6407804Z #21 4.864 go: downloading cloud.google.com/go/bigquery v1.72.0
build-images	UNKNOWN STEP	2026-02-22T17:02:26.6408479Z #21 4.987 go: downloading cloud.google.com/go/bigtable v1.41.0
build-images	UNKNOWN STEP	2026-02-22T17:02:26.7537023Z #21 4.989 go: downloading github.com/googleapis/gax-go/v2 v2.15.0
build-images	UNKNOWN STEP	2026-02-22T17:02:26.7537820Z #21 4.989 go: downloading cloud.google.com/go/billing v1.21.0
build-images	UNKNOWN STEP	2026-02-22T17:02:26.7538255Z #21 5.009 go: downloading cloud.google.com/go/certificatemanager v1.9.6
build-images	UNKNOWN STEP	2026-02-22T17:02:26.7538670Z #21 5.026 go: downloading cloud.google.com/go/cloudbuild v1.25.0
build-images	UNKNOWN STEP	2026-02-22T17:02:26.7539045Z #21 5.046 go: downloading cloud.google.com/go/deploy v1.27.3
build-images	UNKNOWN STEP	2026-02-22T17:02:26.7539436Z #21 5.050 go: downloading cloud.google.com/go/cloudtasks v1.13.7
build-images	UNKNOWN STEP	2026-02-22T17:02:26.7539795Z #21 5.077 go: downloading cloud.google.com/go/cloudquotas v1.4.0
build-images	UNKNOWN STEP	2026-02-22T17:02:26.7540230Z #21 5.081 go: downloading cloud.google.com/go/orchestration v1.11.10
build-images	UNKNOWN STEP	2026-02-22T17:02:26.7540618Z #21 5.100 go: downloading cloud.google.com/go/aiplatform v1.112.0
build-images	UNKNOWN STEP	2026-02-22T17:02:26.9955194Z #21 5.120 go: downloading cloud.google.com/go/datacatalog v1.26.1
build-images	UNKNOWN STEP	2026-02-22T17:02:26.9956041Z #21 5.165 go: downloading cloud.google.com/go/dataflow v0.11.1
build-images	UNKNOWN STEP	2026-02-22T17:02:26.9956842Z #21 5.192 go: downloading cloud.google.com/go/compute v1.52.0
build-images	UNKNOWN STEP	2026-02-22T17:02:27.0240369Z #21 5.371 go: downloading cloud.google.com/go/dataform v0.12.1
build-images	UNKNOWN STEP	2026-02-22T17:02:27.2744003Z #21 5.397 go: downloading cloud.google.com/go/dataplex v1.28.0
build-images	UNKNOWN STEP	2026-02-22T17:02:27.2744833Z #21 5.436 go: downloading cloud.google.com/go/dataproc/v2 v2.15.0
build-images	UNKNOWN STEP	2026-02-22T17:02:27.2745653Z #21 5.470 go: downloading cloud.google.com/go/discoveryengine v1.22.0
build-images	UNKNOWN STEP	2026-02-22T17:02:27.5023550Z #21 5.849 go: downloading cloud.google.com/go/datastream v1.15.1
build-images	UNKNOWN STEP	2026-02-22T17:02:27.6035842Z #21 5.849 go: downloading cloud.google.com/go/edgecontainer v1.4.4
build-images	UNKNOWN STEP	2026-02-22T17:02:27.6036320Z #21 5.850 go: downloading cloud.google.com/go/documentai v1.39.0
build-images	UNKNOWN STEP	2026-02-22T17:02:27.6036711Z #21 5.874 go: downloading cloud.google.com/go/eventarc v1.18.0
build-images	UNKNOWN STEP	2026-02-22T17:02:27.6037115Z #21 5.887 go: downloading cloud.google.com/go/essentialcontacts v1.7.7
build-images	UNKNOWN STEP	2026-02-22T17:02:27.6037522Z #21 5.894 go: downloading cloud.google.com/go/firestore v1.20.0
build-images	UNKNOWN STEP	2026-02-22T17:02:27.6037936Z #21 5.948 go: downloading cloud.google.com/go/gkebackup v1.8.1
build-images	UNKNOWN STEP	2026-02-22T17:02:27.6038293Z #21 5.950 go: downloading cloud.google.com/go/iap v1.11.3
build-images	UNKNOWN STEP	2026-02-22T17:02:27.7322113Z #21 5.966 go: downloading cloud.google.com/go/kms v1.23.2
build-images	UNKNOWN STEP	2026-02-22T17:02:27.7322866Z #21 5.972 go: downloading cloud.google.com/go/logging v1.13.1
build-images	UNKNOWN STEP	2026-02-22T17:02:27.7323452Z #21 5.993 go: downloading cloud.google.com/go/memorystore v0.4.0
build-images	UNKNOWN STEP	2026-02-22T17:02:27.7324139Z #21 6.000 go: downloading cloud.google.com/go/managedkafka v0.8.1
build-images	UNKNOWN STEP	2026-02-22T17:02:27.7324523Z #21 6.042 go: downloading cloud.google.com/go/metastore v1.14.8
build-images	UNKNOWN STEP	2026-02-22T17:02:27.7324892Z #21 6.046 go: downloading cloud.google.com/go/monitoring v1.24.3
build-images	UNKNOWN STEP	2026-02-22T17:02:27.7325391Z #21 6.079 go: downloading google.golang.org/genproto/googleapis/api v0.0.0-20251111163417-95abcf5c77ba
build-images	UNKNOWN STEP	2026-02-22T17:02:27.8407037Z #21 6.098 go: downloading cloud.google.com/go/netapp v1.11.0
build-images	UNKNOWN STEP	2026-02-22T17:02:27.8407899Z #21 6.099 go: downloading cloud.google.com/go/networkmanagement v1.21.0
build-images	UNKNOWN STEP	2026-02-22T17:02:27.8408746Z #21 6.125 go: downloading cloud.google.com/go/networksecurity v0.11.0
build-images	UNKNOWN STEP	2026-02-22T17:02:27.8409534Z #21 6.139 go: downloading cloud.google.com/go/networkservices v0.6.0
build-images	UNKNOWN STEP	2026-02-22T17:02:27.8410285Z #21 6.142 go: downloading cloud.google.com/go/orgpolicy v1.15.1
build-images	UNKNOWN STEP	2026-02-22T17:02:27.8411006Z #21 6.159 go: downloading cloud.google.com/go/notebooks v1.12.7
build-images	UNKNOWN STEP	2026-02-22T17:02:27.8411656Z #21 6.187 go: downloading cloud.google.com/go/security v1.19.2
build-images	UNKNOWN STEP	2026-02-22T17:02:27.9475126Z #21 6.198 go: downloading cloud.google.com/go/privilegedaccessmanager v0.3.1
build-images	UNKNOWN STEP	2026-02-22T17:02:27.9476254Z #21 6.207 go: downloading cloud.google.com/go/recaptchaenterprise/v2 v2.21.0
build-images	UNKNOWN STEP	2026-02-22T17:02:27.9477157Z #21 6.227 go: downloading cloud.google.com/go/pubsub/v2 v2.3.0
build-images	UNKNOWN STEP	2026-02-22T17:02:27.9477903Z #21 6.243 go: downloading cloud.google.com/go/redis v1.18.3
build-images	UNKNOWN STEP	2026-02-22T17:02:27.9478559Z #21 6.258 go: downloading cloud.google.com/go/secretmanager v1.16.0
build-images	UNKNOWN STEP	2026-02-22T17:02:27.9479507Z #21 6.264 go: downloading cloud.google.com/go/run v1.13.0
build-images	UNKNOWN STEP	2026-02-22T17:02:27.9479971Z #21 6.280 go: downloading cloud.google.com/go/securesourcemanager v1.4.1
build-images	UNKNOWN STEP	2026-02-22T17:02:27.9480653Z #21 6.294 go: downloading google.golang.org/genproto/googleapis/api/serviceusage v0.0.0-20250519155744-55703ea1f237
build-images	UNKNOWN STEP	2026-02-22T17:02:28.0611815Z #21 6.295 go: downloading cloud.google.com/go/speech v1.28.1
build-images	UNKNOWN STEP	2026-02-22T17:02:28.0612511Z #21 6.324 go: downloading cloud.google.com/go/spanner v1.87.0
build-images	UNKNOWN STEP	2026-02-22T17:02:28.0613164Z #21 6.408 go: downloading cloud.google.com/go/storage v1.58.0
build-images	UNKNOWN STEP	2026-02-22T17:02:28.1638109Z #21 6.408 go: downloading go.uber.org/mock v0.5.2
build-images	UNKNOWN STEP	2026-02-22T17:02:28.1638586Z #21 6.412 go: downloading cloud.google.com/go/workflows v1.14.3
build-images	UNKNOWN STEP	2026-02-22T17:02:28.1639003Z #21 6.443 go: downloading cloud.google.com/go/vmwareengine v1.3.6
build-images	UNKNOWN STEP	2026-02-22T17:02:28.1639410Z #21 6.464 go: downloading cloud.google.com/go/workstations v1.1.6
build-images	UNKNOWN STEP	2026-02-22T17:02:28.1639801Z #21 6.486 go: downloading cloud.google.com/go/compute/metadata v0.9.0
build-images	UNKNOWN STEP	2026-02-22T17:02:28.1640303Z #21 6.491 go: downloading github.com/google/pprof v0.0.0-20250602020802-c6617b811d0e
build-images	UNKNOWN STEP	2026-02-22T17:02:28.1640713Z #21 6.510 go: downloading gopkg.in/yaml.v2 v2.4.0
build-images	UNKNOWN STEP	2026-02-22T17:02:28.2852626Z #21 6.593 go: downloading go.uber.org/multierr v1.11.0
build-images	UNKNOWN STEP	2026-02-22T17:02:28.2853342Z #21 6.593 go: downloading gomodules.xyz/jsonpatch/v2 v2.4.0
build-images	UNKNOWN STEP	2026-02-22T17:02:28.2854053Z #21 6.608 go: downloading sigs.k8s.io/json v0.0.0-20241010143419-9aa6b5e7a4b3
build-images	UNKNOWN STEP	2026-02-22T17:02:28.2854563Z #21 6.608 go: downloading k8s.io/kube-openapi v0.0.0-20250318190949-c8a335a9a2ff
build-images	UNKNOWN STEP	2026-02-22T17:02:28.2855047Z #21 6.632 go: downloading github.com/munnerz/goautoneg v0.0.0-20191010083416-a7dc8b61c822
build-images	UNKNOWN STEP	2026-02-22T17:02:28.4179548Z #21 6.641 go: downloading golang.org/x/net v0.48.0
build-images	UNKNOWN STEP	2026-02-22T17:02:28.4180253Z #21 6.764 go: downloading golang.org/x/term v0.38.0
build-images	UNKNOWN STEP	2026-02-22T17:02:28.5193638Z #21 6.776 go: downloading github.com/prometheus/client_golang v1.22.0
build-images	UNKNOWN STEP	2026-02-22T17:02:28.5194469Z #21 6.804 go: downloading cloud.google.com/go/auth v0.18.0
build-images	UNKNOWN STEP	2026-02-22T17:02:28.5195218Z #21 6.851 go: downloading cloud.google.com/go/auth/oauth2adapt v0.2.8
build-images	UNKNOWN STEP	2026-02-22T17:02:28.5195904Z #21 6.852 go: downloading go.opentelemetry.io/contrib/instrumentation/net/http/otelhttp v0.61.0
build-images	UNKNOWN STEP	2026-02-22T17:02:28.5196476Z #21 6.853 go: downloading cloud.google.com/go/longrunning v0.7.0
build-images	UNKNOWN STEP	2026-02-22T17:02:28.5196921Z #21 6.866 go: downloading github.com/json-iterator/go v1.1.12
build-images	UNKNOWN STEP	2026-02-22T17:02:28.6267969Z #21 6.866 go: downloading github.com/ghodss/yaml v1.0.0
build-images	UNKNOWN STEP	2026-02-22T17:02:28.6269119Z #21 6.869 go: downloading golang.org/x/text v0.32.0
build-images	UNKNOWN STEP	2026-02-22T17:02:28.6270146Z #21 6.870 go: downloading github.com/vmihailenco/msgpack v4.0.4+incompatible
build-images	UNKNOWN STEP	2026-02-22T17:02:28.6271908Z #21 6.887 go: downloading github.com/hashicorp/errwrap v1.0.0
build-images	UNKNOWN STEP	2026-02-22T17:02:28.6272670Z #21 6.887 go: downloading github.com/vmihailenco/msgpack/v4 v4.3.12
build-images	UNKNOWN STEP	2026-02-22T17:02:28.6273480Z #21 6.896 go: downloading github.com/hashicorp/go-version v1.6.0
build-images	UNKNOWN STEP	2026-02-22T17:02:28.6274303Z #21 6.903 go: downloading github.com/hashicorp/go-uuid v1.0.3
build-images	UNKNOWN STEP	2026-02-22T17:02:28.6275068Z #21 6.903 go: downloading github.com/mitchellh/reflectwalk v1.0.2
build-images	UNKNOWN STEP	2026-02-22T17:02:28.6275753Z #21 6.907 go: downloading github.com/hashicorp/go-hclog v1.2.1
build-images	UNKNOWN STEP	2026-02-22T17:02:28.6276727Z #21 6.915 go: downloading sigs.k8s.io/kubebuilder-declarative-pattern v0.20.0-beta.1.0.20250514194322-871029137730
build-images	UNKNOWN STEP	2026-02-22T17:02:28.6277662Z #21 6.916 go: downloading go.opencensus.io v0.24.0
build-images	UNKNOWN STEP	2026-02-22T17:02:28.6278202Z #21 6.973 go: downloading golang.org/x/time v0.14.0
build-images	UNKNOWN STEP	2026-02-22T17:02:28.7295027Z #21 6.976 go: downloading gopkg.in/inf.v0 v0.9.1
build-images	UNKNOWN STEP	2026-02-22T17:02:28.7295872Z #21 6.992 go: downloading github.com/grpc-ecosystem/go-grpc-middleware v1.4.0
build-images	UNKNOWN STEP	2026-02-22T17:02:28.7296690Z #21 6.992 go: downloading github.com/hashicorp/go-cleanhttp v0.5.2
build-images	UNKNOWN STEP	2026-02-22T17:02:28.7298948Z #21 6.993 go: downloading github.com/hashicorp/terraform-plugin-framework-validators v0.9.0
build-images	UNKNOWN STEP	2026-02-22T17:02:28.7300209Z #21 7.003 go: downloading github.com/hashicorp/terraform-plugin-framework v1.1.1
build-images	UNKNOWN STEP	2026-02-22T17:02:28.7300962Z #21 7.075 go: downloading github.com/sirupsen/logrus v1.9.3
build-images	UNKNOWN STEP	2026-02-22T17:02:28.8467033Z #21 7.093 go: downloading github.com/google/btree v1.1.3
build-images	UNKNOWN STEP	2026-02-22T17:02:28.8467950Z #21 7.110 go: downloading cloud.google.com/go/accesscontextmanager v1.9.7
build-images	UNKNOWN STEP	2026-02-22T17:02:28.8468791Z #21 7.127 go: downloading cloud.google.com/go/osconfig v1.15.1
build-images	UNKNOWN STEP	2026-02-22T17:02:28.8469606Z #21 7.193 go: downloading github.com/apache/arrow/go/v15 v15.0.2
build-images	UNKNOWN STEP	2026-02-22T17:02:29.1726384Z #21 7.519 go: downloading github.com/GoogleCloudPlatform/opentelemetry-operations-go/exporter/metric v0.54.0
build-images	UNKNOWN STEP	2026-02-22T17:02:29.1727523Z #21 7.519 go: downloading go.opentelemetry.io/contrib/detectors/gcp v1.38.0
build-images	UNKNOWN STEP	2026-02-22T17:02:29.1728211Z #21 7.519 go: downloading go.opentelemetry.io/otel v1.38.0
build-images	UNKNOWN STEP	2026-02-22T17:02:29.3575096Z #21 7.519 go: downloading github.com/google/uuid v1.6.0
build-images	UNKNOWN STEP	2026-02-22T17:02:29.3575834Z #21 7.532 go: downloading go.opentelemetry.io/otel/metric v1.38.0
build-images	UNKNOWN STEP	2026-02-22T17:02:29.3576464Z #21 7.533 go: downloading go.opentelemetry.io/otel/sdk/metric v1.38.0
build-images	UNKNOWN STEP	2026-02-22T17:02:29.3576872Z #21 7.553 go: downloading go.opentelemetry.io/otel/sdk v1.38.0
build-images	UNKNOWN STEP	2026-02-22T17:02:29.3668575Z #21 7.713 go: downloading github.com/grpc-ecosystem/grpc-gateway/v2 v2.26.3
build-images	UNKNOWN STEP	2026-02-22T17:02:29.4870506Z #21 7.714 go: downloading go.opentelemetry.io/contrib/instrumentation/google.golang.org/grpc/otelgrpc v0.63.0
build-images	UNKNOWN STEP	2026-02-22T17:02:29.4874694Z #21 7.741 go: downloading github.com/apparentlymart/go-cidr v1.1.0
build-images	UNKNOWN STEP	2026-02-22T17:02:29.4875466Z #21 7.741 go: downloading github.com/mitchellh/hashstructure v1.1.0
build-images	UNKNOWN STEP	2026-02-22T17:02:29.4876366Z #21 7.753 go: downloading github.com/gammazero/workerpool v0.0.0-20190608213748-0ed5e40ec55e
build-images	UNKNOWN STEP	2026-02-22T17:02:29.4877221Z #21 7.754 go: downloading github.com/mitchellh/go-homedir v1.1.0
build-images	UNKNOWN STEP	2026-02-22T17:02:29.4878060Z #21 7.770 go: downloading github.com/davecgh/go-spew v1.1.2-0.20180830191138-d8f796af33cc
build-images	UNKNOWN STEP	2026-02-22T17:02:29.4878892Z #21 7.785 go: downloading github.com/fsnotify/fsnotify v1.7.0
build-images	UNKNOWN STEP	2026-02-22T17:02:29.4879589Z #21 7.806 go: downloading github.com/fxamacker/cbor/v2 v2.7.0
build-images	UNKNOWN STEP	2026-02-22T17:02:29.4880250Z #21 7.808 go: downloading github.com/google/gnostic-models v0.6.9
build-images	UNKNOWN STEP	2026-02-22T17:02:29.4880907Z #21 7.833 go: downloading golang.org/x/sys v0.39.0
build-images	UNKNOWN STEP	2026-02-22T17:02:29.5892780Z #21 7.835 go: downloading gopkg.in/yaml.v3 v3.0.1
build-images	UNKNOWN STEP	2026-02-22T17:02:29.5893724Z #21 7.842 go: downloading github.com/go-openapi/jsonreference v0.21.0
build-images	UNKNOWN STEP	2026-02-22T17:02:29.5894834Z #21 7.842 go: downloading github.com/go-openapi/swag v0.23.0
build-images	UNKNOWN STEP	2026-02-22T17:02:29.5895473Z #21 7.852 go: downloading github.com/google/s2a-go v0.1.9
build-images	UNKNOWN STEP	2026-02-22T17:02:29.5895969Z #21 7.854 go: downloading github.com/prometheus/client_model v0.6.2
build-images	UNKNOWN STEP	2026-02-22T17:02:29.5896366Z #21 7.863 go: downloading github.com/prometheus/common v0.63.0
build-images	UNKNOWN STEP	2026-02-22T17:02:29.5896805Z #21 7.866 go: downloading github.com/googleapis/enterprise-certificate-proxy v0.3.7
build-images	UNKNOWN STEP	2026-02-22T17:02:29.5897264Z #21 7.889 go: downloading github.com/felixge/httpsnoop v1.0.4
build-images	UNKNOWN STEP	2026-02-22T17:02:29.5897665Z #21 7.901 go: downloading go.opentelemetry.io/otel/trace v1.38.0
build-images	UNKNOWN STEP	2026-02-22T17:02:29.5898115Z #21 7.915 go: downloading github.com/modern-go/concurrent v0.0.0-20180306012644-bacd9c7ef1dd
build-images	UNKNOWN STEP	2026-02-22T17:02:29.5898701Z #21 7.915 go: downloading github.com/modern-go/reflect2 v1.0.2
build-images	UNKNOWN STEP	2026-02-22T17:02:29.5899073Z #21 7.922 go: downloading github.com/hashicorp/logutils v1.0.0
build-images	UNKNOWN STEP	2026-02-22T17:02:29.5899460Z #21 7.927 go: downloading github.com/vmihailenco/tagparser v0.1.2
build-images	UNKNOWN STEP	2026-02-22T17:02:29.5899848Z #21 7.928 go: downloading github.com/hashicorp/hcl/v2 v2.24.0
build-images	UNKNOWN STEP	2026-02-22T17:02:29.5900234Z #21 7.936 go: downloading github.com/zclconf/go-cty v1.16.4
build-images	UNKNOWN STEP	2026-02-22T17:02:29.6900152Z #21 7.985 go: downloading github.com/beorn7/perks v1.0.1
build-images	UNKNOWN STEP	2026-02-22T17:02:29.6900828Z #21 7.995 go: downloading github.com/cespare/xxhash/v2 v2.3.0
build-images	UNKNOWN STEP	2026-02-22T17:02:29.6901364Z #21 7.999 go: downloading github.com/hashicorp/hcl v1.0.0
build-images	UNKNOWN STEP	2026-02-22T17:02:29.6902097Z #21 8.009 go: downloading github.com/prometheus/procfs v0.16.0
build-images	UNKNOWN STEP	2026-02-22T17:02:29.6902878Z #21 8.024 go: downloading contrib.go.opencensus.io/exporter/prometheus v0.1.0
build-images	UNKNOWN STEP	2026-02-22T17:02:29.6903567Z #21 8.026 go: downloading github.com/fatih/color v1.18.0
build-images	UNKNOWN STEP	2026-02-22T17:02:29.6904183Z #21 8.037 go: downloading github.com/mattn/go-isatty v0.0.20
build-images	UNKNOWN STEP	2026-02-22T17:02:29.8121022Z #21 8.038 go: downloading sigs.k8s.io/kubebuilder-declarative-pattern/mockkubeapiserver v0.0.0-20230303024857-d1f76c15e05b
build-images	UNKNOWN STEP	2026-02-22T17:02:29.8122014Z #21 8.042 go: downloading github.com/hashicorp/terraform-exec v0.17.3
build-images	UNKNOWN STEP	2026-02-22T17:02:29.8122439Z #21 8.057 go: downloading github.com/hashicorp/terraform-json v0.14.0
build-images	UNKNOWN STEP	2026-02-22T17:02:29.8122959Z #21 8.071 go: downloading golang.org/x/exp v0.0.0-20251125195548-87e1e737ad39
build-images	UNKNOWN STEP	2026-02-22T17:02:29.8123506Z #21 8.086 go: downloading golang.org/x/xerrors v0.0.0-20240903120638-7835f813f4da
build-images	UNKNOWN STEP	2026-02-22T17:02:29.8123962Z #21 8.100 go: downloading github.com/google/flatbuffers v24.3.25+incompatible
build-images	UNKNOWN STEP	2026-02-22T17:02:29.8124509Z #21 8.100 go: downloading github.com/klauspost/compress v1.18.0
build-images	UNKNOWN STEP	2026-02-22T17:02:29.8124885Z #21 8.135 go: downloading github.com/pierrec/lz4/v4 v4.1.18
build-images	UNKNOWN STEP	2026-02-22T17:02:29.8125473Z #21 8.159 go: downloading github.com/GoogleCloudPlatform/opentelemetry-operations-go/detectors/gcp v1.30.0
build-images	UNKNOWN STEP	2026-02-22T17:02:29.9227953Z #21 8.170 go: downloading github.com/GoogleCloudPlatform/opentelemetry-operations-go/internal/resourcemapping v0.54.0
build-images	UNKNOWN STEP	2026-02-22T17:02:29.9228796Z #21 8.181 go: downloading github.com/gammazero/deque v0.0.0-20190521012701-46e4ffb7a622
build-images	UNKNOWN STEP	2026-02-22T17:02:29.9229334Z #21 8.224 go: downloading github.com/x448/float16 v0.8.4
build-images	UNKNOWN STEP	2026-02-22T17:02:29.9229786Z #21 8.233 go: downloading github.com/go-openapi/jsonpointer v0.21.0
build-images	UNKNOWN STEP	2026-02-22T17:02:29.9230164Z #21 8.243 go: downloading github.com/mailru/easyjson v0.7.7
build-images	UNKNOWN STEP	2026-02-22T17:02:29.9230793Z #21 8.269 go: downloading github.com/agext/levenshtein v1.2.3
build-images	UNKNOWN STEP	2026-02-22T17:02:30.1261198Z #21 8.278 go: downloading github.com/apparentlymart/go-textseg/v15 v15.0.0
build-images	UNKNOWN STEP	2026-02-22T17:02:30.1262049Z #21 8.301 go: downloading github.com/mitchellh/go-wordwrap v1.0.1
build-images	UNKNOWN STEP	2026-02-22T17:02:30.1263033Z #21 8.312 go: downloading github.com/mattn/go-colorable v0.1.13
build-images	UNKNOWN STEP	2026-02-22T17:02:30.1263681Z #21 8.322 go: downloading github.com/hashicorp/hc-install v0.4.0
build-images	UNKNOWN STEP	2026-02-22T17:02:30.3965506Z #21 8.743 go: downloading github.com/hashicorp/go-plugin v1.4.8
build-images	UNKNOWN STEP	2026-02-22T17:02:30.6086841Z #21 8.746 go: downloading github.com/goccy/go-json v0.10.2
build-images	UNKNOWN STEP	2026-02-22T17:02:30.6090166Z #21 8.782 go: downloading github.com/zeebo/xxh3 v1.0.2
build-images	UNKNOWN STEP	2026-02-22T17:02:30.6090996Z #21 8.805 go: downloading github.com/envoyproxy/go-control-plane/envoy v1.35.0
build-images	UNKNOWN STEP	2026-02-22T17:02:31.0158446Z #21 9.362 go: downloading github.com/go-logr/stdr v1.2.2
build-images	UNKNOWN STEP	2026-02-22T17:02:31.1178250Z #21 9.363 go: downloading go.opentelemetry.io/auto/sdk v1.2.1
build-images	UNKNOWN STEP	2026-02-22T17:02:31.1180309Z #21 9.374 go: downloading gopkg.in/evanphx/json-patch.v4 v4.12.0
build-images	UNKNOWN STEP	2026-02-22T17:02:31.1181053Z #21 9.376 go: downloading github.com/josharian/intern v1.0.0
build-images	UNKNOWN STEP	2026-02-22T17:02:31.1181969Z #21 9.384 go: downloading github.com/hashicorp/go-checkpoint v0.5.0
build-images	UNKNOWN STEP	2026-02-22T17:02:31.1182741Z #21 9.386 go: downloading github.com/hashicorp/yamux v0.0.0-20181012175058-2f1d1f20f75d
build-images	UNKNOWN STEP	2026-02-22T17:02:31.1183525Z #21 9.398 go: downloading github.com/oklog/run v1.0.0
build-images	UNKNOWN STEP	2026-02-22T17:02:31.1184174Z #21 9.424 go: downloading github.com/klauspost/cpuid/v2 v2.3.0
build-images	UNKNOWN STEP	2026-02-22T17:02:31.1184878Z #21 9.437 go: downloading github.com/spiffe/go-spiffe/v2 v2.6.0
build-images	UNKNOWN STEP	2026-02-22T17:02:31.1185677Z #21 9.438 go: downloading github.com/cncf/xds/go v0.0.0-20251022180443-0feb69152e9f
build-images	UNKNOWN STEP	2026-02-22T17:02:31.1186532Z #21 9.464 go: downloading github.com/envoyproxy/protoc-gen-validate v1.2.1
build-images	UNKNOWN STEP	2026-02-22T17:02:31.3194016Z #21 9.466 go: downloading github.com/emicklei/go-restful/v3 v3.12.1
build-images	UNKNOWN STEP	2026-02-22T17:02:31.3195440Z #21 9.487 go: downloading github.com/pkg/errors v0.9.1
build-images	UNKNOWN STEP	2026-02-22T17:02:31.3198130Z #21 9.489 go: downloading github.com/golang/groupcache v0.0.0-20241129210726-2c02b8208cf8
build-images	UNKNOWN STEP	2026-02-22T17:02:31.3200475Z #21 9.497 go: downloading golang.org/x/crypto v0.46.0
build-images	UNKNOWN STEP	2026-02-22T17:02:31.3201646Z #21 9.501 go: downloading github.com/hashicorp/terraform-registry-address v0.1.0
build-images	UNKNOWN STEP	2026-02-22T17:02:31.3202525Z #21 9.515 go: downloading cel.dev/expr v0.24.0
build-images	UNKNOWN STEP	2026-02-22T17:02:31.3203128Z #21 9.545 go: downloading github.com/go-jose/go-jose/v4 v4.1.3
build-images	UNKNOWN STEP	2026-02-22T17:02:31.3203980Z #21 9.665 go: downloading github.com/hashicorp/terraform-svchost v0.0.0-20200729002733-f050f53b9734
build-images	UNKNOWN STEP	2026-02-22T17:06:07.2858267Z #21 225.6 # github.com/GoogleCloudPlatform/k8s-config-connector/pkg/controller/direct/run
build-images	UNKNOWN STEP	2026-02-22T17:06:07.2906528Z ##[error]#21 225.6 pkg/controller/direct/run/mapper.generated.go:633:103: undefined: krm.RevisionTemplateObservedState
build-images	UNKNOWN STEP	2026-02-22T17:06:07.2927219Z ##[error]#21 225.6 pkg/controller/direct/run/mapper.generated.go:637:14: undefined: krm.RevisionTemplateObservedState
build-images	UNKNOWN STEP	2026-02-22T17:06:07.2930011Z ##[error]#21 225.6 pkg/controller/direct/run/mapper.generated.go:645:65: undefined: ContainerObservedState_FromProto
build-images	UNKNOWN STEP	2026-02-22T17:06:07.2932525Z ##[error]#21 225.6 pkg/controller/direct/run/mapper.generated.go:659:79: undefined: krm.RevisionTemplateObservedState
build-images	UNKNOWN STEP	2026-02-22T17:06:07.2935010Z ##[error]#21 225.6 pkg/controller/direct/run/mapper.generated.go:671:63: undefined: ContainerObservedState_ToProto
build-images	UNKNOWN STEP	2026-02-22T17:06:07.2937336Z ##[error]#21 225.6 pkg/controller/direct/run/mapper.generated.go:707:58: undefined: ExecutionReference_FromProto
build-images	UNKNOWN STEP	2026-02-22T17:06:07.2939585Z ##[error]#21 225.6 pkg/controller/direct/run/mapper.generated.go:957:72: undefined: krm.Service
build-images	UNKNOWN STEP	2026-02-22T17:06:07.2941538Z ##[error]#21 225.6 pkg/controller/direct/run/mapper.generated.go:999:57: undefined: krm.Service
build-images	UNKNOWN STEP	2026-02-22T17:06:07.2943633Z ##[error]#21 225.6 pkg/controller/direct/run/mapper.generated.go:1057:85: undefined: krm.ServiceObservedState
build-images	UNKNOWN STEP	2026-02-22T17:06:07.2945995Z ##[error]#21 225.6 pkg/controller/direct/run/mapper.generated.go:1099:70: undefined: krm.ServiceObservedState
build-images	UNKNOWN STEP	2026-02-22T17:06:07.2948188Z ##[error]#21 225.6 pkg/controller/direct/run/mapper.generated.go:707:58: too many errors
build-images	UNKNOWN STEP	2026-02-22T17:07:49.6552142Z #21 ERROR: process "/bin/sh -c CGO_ENABLED=0 GOOS=linux GOARCH=amd64 go build -ldflags \"-s -w\" -o deletiondefender github.com/GoogleCloudPlatform/k8s-config-connector/cmd/deletiondefender &&     CGO_ENABLED=0 GOOS=linux GOARCH=amd64 go build -ldflags \"-s -w\" -o webhook github.com/GoogleCloudPlatform/k8s-config-connector/cmd/webhook &&     CGO_ENABLED=0 GOOS=linux GOARCH=amd64 go build -ldflags \"-s -w\" -o recorder github.com/GoogleCloudPlatform/k8s-config-connector/cmd/recorder &&     CGO_ENABLED=0 GOOS=linux GOARCH=amd64 go build -ldflags \"-s -w\" -o unmanageddetector github.com/GoogleCloudPlatform/k8s-config-connector/cmd/unmanageddetector &&     CGO_ENABLED=0 GOOS=linux GOARCH=amd64 go build -ldflags \"-s -w\" -o manager github.com/GoogleCloudPlatform/k8s-config-connector/cmd/manager &&     CGO_ENABLED=0 GOOS=linux GOARCH=amd64 go build -ldflags \"-s -w\" -o config-connector github.com/GoogleCloudPlatform/k8s-config-connector/cmd/config-connector" did not complete successfully: exit code: 1
build-images	UNKNOWN STEP	2026-02-22T17:07:49.6715748Z ------
build-images	UNKNOWN STEP	2026-02-22T17:07:49.6722627Z  > [16/17] RUN CGO_ENABLED=0 GOOS=linux GOARCH=amd64 go build -ldflags "-s -w" -o deletiondefender github.com/GoogleCloudPlatform/k8s-config-connector/cmd/deletiondefender &&     CGO_ENABLED=0 GOOS=linux GOARCH=amd64 go build -ldflags "-s -w" -o webhook github.com/GoogleCloudPlatform/k8s-config-connector/cmd/webhook &&     CGO_ENABLED=0 GOOS=linux GOARCH=amd64 go build -ldflags "-s -w" -o recorder github.com/GoogleCloudPlatform/k8s-config-connector/cmd/recorder &&     CGO_ENABLED=0 GOOS=linux GOARCH=amd64 go build -ldflags "-s -w" -o unmanageddetector github.com/GoogleCloudPlatform/k8s-config-connector/cmd/unmanageddetector &&     CGO_ENABLED=0 GOOS=linux GOARCH=amd64 go build -ldflags "-s -w" -o manager github.com/GoogleCloudPlatform/k8s-config-connector/cmd/manager &&     CGO_ENABLED=0 GOOS=linux GOARCH=amd64 go build -ldflags "-s -w" -o config-connector github.com/GoogleCloudPlatform/k8s-config-connector/cmd/config-connector:
build-images	UNKNOWN STEP	2026-02-22T17:07:49.6729565Z ##[error]225.6 pkg/controller/direct/run/mapper.generated.go:637:14: undefined: krm.RevisionTemplateObservedState
build-images	UNKNOWN STEP	2026-02-22T17:07:49.6735077Z ##[error]225.6 pkg/controller/direct/run/mapper.generated.go:645:65: undefined: ContainerObservedState_FromProto
build-images	UNKNOWN STEP	2026-02-22T17:07:49.6737044Z ##[error]225.6 pkg/controller/direct/run/mapper.generated.go:659:79: undefined: krm.RevisionTemplateObservedState
build-images	UNKNOWN STEP	2026-02-22T17:07:49.6739088Z ##[error]225.6 pkg/controller/direct/run/mapper.generated.go:671:63: undefined: ContainerObservedState_ToProto
build-images	UNKNOWN STEP	2026-02-22T17:07:49.6741101Z ##[error]225.6 pkg/controller/direct/run/mapper.generated.go:707:58: undefined: ExecutionReference_FromProto
build-images	UNKNOWN STEP	2026-02-22T17:07:49.6746221Z ##[error]225.6 pkg/controller/direct/run/mapper.generated.go:957:72: undefined: krm.Service
build-images	UNKNOWN STEP	2026-02-22T17:07:49.6748586Z ##[error]225.6 pkg/controller/direct/run/mapper.generated.go:999:57: undefined: krm.Service
build-images	UNKNOWN STEP	2026-02-22T17:07:49.6750688Z ##[error]225.6 pkg/controller/direct/run/mapper.generated.go:1057:85: undefined: krm.ServiceObservedState
build-images	UNKNOWN STEP	2026-02-22T17:07:49.6753012Z ##[error]225.6 pkg/controller/direct/run/mapper.generated.go:1099:70: undefined: krm.ServiceObservedState
build-images	UNKNOWN STEP	2026-02-22T17:07:49.6754856Z ##[error]225.6 pkg/controller/direct/run/mapper.generated.go:707:58: too many errors
build-images	UNKNOWN STEP	2026-02-22T17:07:49.6756093Z ------
build-images	UNKNOWN STEP	2026-02-22T17:07:49.6756371Z Dockerfile:36
build-images	UNKNOWN STEP	2026-02-22T17:07:49.6756715Z --------------------
build-images	UNKNOWN STEP	2026-02-22T17:07:49.6757227Z   35 |     # needed for debuggers, but not the line numbers for panics
build-images	UNKNOWN STEP	2026-02-22T17:07:49.6758563Z   36 | >>> RUN CGO_ENABLED=0 GOOS=linux GOARCH=amd64 go build -ldflags "-s -w" -o deletiondefender github.com/GoogleCloudPlatform/k8s-config-connector/cmd/deletiondefender && \
build-images	UNKNOWN STEP	2026-02-22T17:07:49.6760328Z   37 | >>>     CGO_ENABLED=0 GOOS=linux GOARCH=amd64 go build -ldflags "-s -w" -o webhook github.com/GoogleCloudPlatform/k8s-config-connector/cmd/webhook && \
build-images	UNKNOWN STEP	2026-02-22T17:07:49.6762155Z   38 | >>>     CGO_ENABLED=0 GOOS=linux GOARCH=amd64 go build -ldflags "-s -w" -o recorder github.com/GoogleCloudPlatform/k8s-config-connector/cmd/recorder && \
build-images	UNKNOWN STEP	2026-02-22T17:07:49.6764022Z   39 | >>>     CGO_ENABLED=0 GOOS=linux GOARCH=amd64 go build -ldflags "-s -w" -o unmanageddetector github.com/GoogleCloudPlatform/k8s-config-connector/cmd/unmanageddetector && \
build-images	UNKNOWN STEP	2026-02-22T17:07:49.6765779Z   40 | >>>     CGO_ENABLED=0 GOOS=linux GOARCH=amd64 go build -ldflags "-s -w" -o manager github.com/GoogleCloudPlatform/k8s-config-connector/cmd/manager && \
build-images	UNKNOWN STEP	2026-02-22T17:07:49.6767904Z   41 | >>>     CGO_ENABLED=0 GOOS=linux GOARCH=amd64 go build -ldflags "-s -w" -o config-connector github.com/GoogleCloudPlatform/k8s-config-connector/cmd/config-connector
build-images	UNKNOWN STEP	2026-02-22T17:07:49.6768987Z   42 |     
build-images	UNKNOWN STEP	2026-02-22T17:07:49.6769277Z --------------------
build-images	UNKNOWN STEP	2026-02-22T17:07:49.6775224Z ERROR: failed to build: failed to solve: process "/bin/sh -c CGO_ENABLED=0 GOOS=linux GOARCH=amd64 go build -ldflags \"-s -w\" -o deletiondefender github.com/GoogleCloudPlatform/k8s-config-connector/cmd/deletiondefender &&     CGO_ENABLED=0 GOOS=linux GOARCH=amd64 go build -ldflags \"-s -w\" -o webhook github.com/GoogleCloudPlatform/k8s-config-connector/cmd/webhook &&     CGO_ENABLED=0 GOOS=linux GOARCH=amd64 go build -ldflags \"-s -w\" -o recorder github.com/GoogleCloudPlatform/k8s-config-connector/cmd/recorder &&     CGO_ENABLED=0 GOOS=linux GOARCH=amd64 go build -ldflags \"-s -w\" -o unmanageddetector github.com/GoogleCloudPlatform/k8s-config-connector/cmd/unmanageddetector &&     CGO_ENABLED=0 GOOS=linux GOARCH=amd64 go build -ldflags \"-s -w\" -o manager github.com/GoogleCloudPlatform/k8s-config-connector/cmd/manager &&     CGO_ENABLED=0 GOOS=linux GOARCH=amd64 go build -ldflags \"-s -w\" -o config-connector github.com/GoogleCloudPlatform/k8s-config-connector/cmd/config-connector" did not complete successfully: exit code: 1
build-images	UNKNOWN STEP	2026-02-22T17:07:49.6784759Z make: *** [Makefile:168: docker-build-builder] Error 1
build-images	UNKNOWN STEP	2026-02-22T17:07:49.6796070Z ##[error]Process completed with exit code 2.
build-images	UNKNOWN STEP	2026-02-22T17:07:49.6930043Z Post job cleanup.
build-images	UNKNOWN STEP	2026-02-22T17:07:49.8077018Z [command]/usr/bin/git version
build-images	UNKNOWN STEP	2026-02-22T17:07:49.8123386Z git version 2.52.0
build-images	UNKNOWN STEP	2026-02-22T17:07:49.8163846Z Temporarily overriding HOME='/home/runner/work/_temp/c878f304-60b2-4aaf-a239-58b7e0129a8d' before making global git config changes
build-images	UNKNOWN STEP	2026-02-22T17:07:49.8165100Z Adding repository directory to the temporary git global config as a safe directory
build-images	UNKNOWN STEP	2026-02-22T17:07:49.8169370Z [command]/usr/bin/git config --global --add safe.directory /home/runner/work/k8s-config-connector/k8s-config-connector
build-images	UNKNOWN STEP	2026-02-22T17:07:49.8202736Z [command]/usr/bin/git config --local --name-only --get-regexp core\.sshCommand
build-images	UNKNOWN STEP	2026-02-22T17:07:49.8233596Z [command]/usr/bin/git submodule foreach --recursive sh -c "git config --local --name-only --get-regexp 'core\.sshCommand' && git config --local --unset-all 'core.sshCommand' || :"
build-images	UNKNOWN STEP	2026-02-22T17:07:49.8524549Z [command]/usr/bin/git config --local --name-only --get-regexp http\.https\:\/\/github\.com\/\.extraheader
build-images	UNKNOWN STEP	2026-02-22T17:07:49.8544691Z http.https://github.com/.extraheader
build-images	UNKNOWN STEP	2026-02-22T17:07:49.8556360Z [command]/usr/bin/git config --local --unset-all http.https://github.com/.extraheader
build-images	UNKNOWN STEP	2026-02-22T17:07:49.8585184Z [command]/usr/bin/git submodule foreach --recursive sh -c "git config --local --name-only --get-regexp 'http\.https\:\/\/github\.com\/\.extraheader' && git config --local --unset-all 'http.https://github.com/.extraheader' || :"
build-images	UNKNOWN STEP	2026-02-22T17:07:49.8842232Z [command]/usr/bin/git config --local --name-only --get-regexp ^includeIf\.gitdir:
build-images	UNKNOWN STEP	2026-02-22T17:07:49.8868930Z [command]/usr/bin/git submodule foreach --recursive git config --local --show-origin --name-only --get-regexp remote.origin.url
build-images	UNKNOWN STEP	2026-02-22T17:07:49.9317783Z Cleaning up orphan processes
validations	UNKNOWN STEP	﻿2026-02-22T17:01:11.9806601Z Current runner version: '2.331.0'
validations	UNKNOWN STEP	2026-02-22T17:01:11.9830281Z ##[group]Runner Image Provisioner
validations	UNKNOWN STEP	2026-02-22T17:01:11.9831110Z Hosted Compute Agent
validations	UNKNOWN STEP	2026-02-22T17:01:11.9831958Z Version: 20260123.484
validations	UNKNOWN STEP	2026-02-22T17:01:11.9832812Z Commit: 6bd6555ca37d84114959e1c76d2c01448ff61c5d
validations	UNKNOWN STEP	2026-02-22T17:01:11.9833537Z Build Date: 2026-01-23T19:41:17Z
validations	UNKNOWN STEP	2026-02-22T17:01:11.9834147Z Worker ID: {244d71e1-5134-4e9a-9bd9-d70e22d080ee}
validations	UNKNOWN STEP	2026-02-22T17:01:11.9834910Z Azure Region: westus
validations	UNKNOWN STEP	2026-02-22T17:01:11.9835425Z ##[endgroup]
validations	UNKNOWN STEP	2026-02-22T17:01:11.9837372Z ##[group]Operating System
validations	UNKNOWN STEP	2026-02-22T17:01:11.9837927Z Ubuntu
validations	UNKNOWN STEP	2026-02-22T17:01:11.9838515Z 24.04.3
validations	UNKNOWN STEP	2026-02-22T17:01:11.9838935Z LTS
validations	UNKNOWN STEP	2026-02-22T17:01:11.9839416Z ##[endgroup]
validations	UNKNOWN STEP	2026-02-22T17:01:11.9839989Z ##[group]Runner Image
validations	UNKNOWN STEP	2026-02-22T17:01:11.9840495Z Image: ubuntu-24.04
validations	UNKNOWN STEP	2026-02-22T17:01:11.9840994Z Version: 20260201.15.1
validations	UNKNOWN STEP	2026-02-22T17:01:11.9842198Z Included Software: https://github.com/actions/runner-images/blob/ubuntu24/20260201.15/images/ubuntu/Ubuntu2404-Readme.md
validations	UNKNOWN STEP	2026-02-22T17:01:11.9843617Z Image Release: https://github.com/actions/runner-images/releases/tag/ubuntu24%2F20260201.15
validations	UNKNOWN STEP	2026-02-22T17:01:11.9844586Z ##[endgroup]
validations	UNKNOWN STEP	2026-02-22T17:01:11.9845907Z ##[group]GITHUB_TOKEN Permissions
validations	UNKNOWN STEP	2026-02-22T17:01:11.9848041Z Contents: read
validations	UNKNOWN STEP	2026-02-22T17:01:11.9848829Z Metadata: read
validations	UNKNOWN STEP	2026-02-22T17:01:11.9849730Z Packages: read
validations	UNKNOWN STEP	2026-02-22T17:01:11.9850569Z ##[endgroup]
validations	UNKNOWN STEP	2026-02-22T17:01:11.9853388Z Secret source: None
validations	UNKNOWN STEP	2026-02-22T17:01:11.9854340Z Prepare workflow directory
validations	UNKNOWN STEP	2026-02-22T17:01:12.0174973Z Prepare all required actions
validations	UNKNOWN STEP	2026-02-22T17:01:12.0211636Z Getting action download info
validations	UNKNOWN STEP	2026-02-22T17:01:12.5112525Z Download action repository 'actions/checkout@v4' (SHA:34e114876b0b11c390a56381ad16ebd13914f8d5)
validations	UNKNOWN STEP	2026-02-22T17:01:12.6003336Z Download action repository 'actions/setup-go@4dc6199c7b1a012772edbd06daecab0f50c9053c' (SHA:4dc6199c7b1a012772edbd06daecab0f50c9053c)
validations	UNKNOWN STEP	2026-02-22T17:01:13.2664020Z Complete job name: validations
validations	UNKNOWN STEP	2026-02-22T17:01:13.3370399Z ##[group]Run actions/checkout@v4
validations	UNKNOWN STEP	2026-02-22T17:01:13.3371323Z with:
validations	UNKNOWN STEP	2026-02-22T17:01:13.3371751Z   fetch-depth: 0
validations	UNKNOWN STEP	2026-02-22T17:01:13.3372290Z   repository: GoogleCloudPlatform/k8s-config-connector
validations	UNKNOWN STEP	2026-02-22T17:01:13.3373106Z   token: ***
validations	UNKNOWN STEP	2026-02-22T17:01:13.3373518Z   ssh-strict: true
validations	UNKNOWN STEP	2026-02-22T17:01:13.3373947Z   ssh-user: git
validations	UNKNOWN STEP	2026-02-22T17:01:13.3374383Z   persist-credentials: true
validations	UNKNOWN STEP	2026-02-22T17:01:13.3374858Z   clean: true
validations	UNKNOWN STEP	2026-02-22T17:01:13.3375451Z   sparse-checkout-cone-mode: true
validations	UNKNOWN STEP	2026-02-22T17:01:13.3376255Z   fetch-tags: false
validations	UNKNOWN STEP	2026-02-22T17:01:13.3376844Z   show-progress: true
validations	UNKNOWN STEP	2026-02-22T17:01:13.3377345Z   lfs: false
validations	UNKNOWN STEP	2026-02-22T17:01:13.3377752Z   submodules: false
validations	UNKNOWN STEP	2026-02-22T17:01:13.3378183Z   set-safe-directory: true
validations	UNKNOWN STEP	2026-02-22T17:01:13.3378967Z ##[endgroup]
validations	UNKNOWN STEP	2026-02-22T17:01:13.4472030Z Syncing repository: GoogleCloudPlatform/k8s-config-connector
validations	UNKNOWN STEP	2026-02-22T17:01:13.4474089Z ##[group]Getting Git version info
validations	UNKNOWN STEP	2026-02-22T17:01:13.4475888Z Working directory is '/home/runner/work/k8s-config-connector/k8s-config-connector'
validations	UNKNOWN STEP	2026-02-22T17:01:13.4478190Z [command]/usr/bin/git version
validations	UNKNOWN STEP	2026-02-22T17:01:13.4540956Z git version 2.52.0
validations	UNKNOWN STEP	2026-02-22T17:01:13.4567324Z ##[endgroup]
validations	UNKNOWN STEP	2026-02-22T17:01:13.4582662Z Temporarily overriding HOME='/home/runner/work/_temp/fe8a283d-9afd-4525-a59a-5bf8f731563e' before making global git config changes
validations	UNKNOWN STEP	2026-02-22T17:01:13.4585343Z Adding repository directory to the temporary git global config as a safe directory
validations	UNKNOWN STEP	2026-02-22T17:01:13.4589192Z [command]/usr/bin/git config --global --add safe.directory /home/runner/work/k8s-config-connector/k8s-config-connector
validations	UNKNOWN STEP	2026-02-22T17:01:13.4626101Z Deleting the contents of '/home/runner/work/k8s-config-connector/k8s-config-connector'
validations	UNKNOWN STEP	2026-02-22T17:01:13.4629584Z ##[group]Initializing the repository
validations	UNKNOWN STEP	2026-02-22T17:01:13.4634592Z [command]/usr/bin/git init /home/runner/work/k8s-config-connector/k8s-config-connector
validations	UNKNOWN STEP	2026-02-22T17:01:13.4727813Z hint: Using 'master' as the name for the initial branch. This default branch name
validations	UNKNOWN STEP	2026-02-22T17:01:13.4729354Z hint: will change to "main" in Git 3.0. To configure the initial branch name
validations	UNKNOWN STEP	2026-02-22T17:01:13.4731328Z hint: to use in all of your new repositories, which will suppress this warning,
validations	UNKNOWN STEP	2026-02-22T17:01:13.4732237Z hint: call:
validations	UNKNOWN STEP	2026-02-22T17:01:13.4732979Z hint:
validations	UNKNOWN STEP	2026-02-22T17:01:13.4734158Z hint: 	git config --global init.defaultBranch <name>
validations	UNKNOWN STEP	2026-02-22T17:01:13.4735367Z hint:
validations	UNKNOWN STEP	2026-02-22T17:01:13.4736742Z hint: Names commonly chosen instead of 'master' are 'main', 'trunk' and
validations	UNKNOWN STEP	2026-02-22T17:01:13.4738654Z hint: 'development'. The just-created branch can be renamed via this command:
validations	UNKNOWN STEP	2026-02-22T17:01:13.4740056Z hint:
validations	UNKNOWN STEP	2026-02-22T17:01:13.4740781Z hint: 	git branch -m <name>
validations	UNKNOWN STEP	2026-02-22T17:01:13.4741648Z hint:
validations	UNKNOWN STEP	2026-02-22T17:01:13.4742876Z hint: Disable this message with "git config set advice.defaultBranchName false"
validations	UNKNOWN STEP	2026-02-22T17:01:13.4745245Z Initialized empty Git repository in /home/runner/work/k8s-config-connector/k8s-config-connector/.git/
validations	UNKNOWN STEP	2026-02-22T17:01:13.4748964Z [command]/usr/bin/git remote add origin https://github.com/GoogleCloudPlatform/k8s-config-connector
validations	UNKNOWN STEP	2026-02-22T17:01:13.4782448Z ##[endgroup]
validations	UNKNOWN STEP	2026-02-22T17:01:13.4783850Z ##[group]Disabling automatic garbage collection
validations	UNKNOWN STEP	2026-02-22T17:01:13.4785029Z [command]/usr/bin/git config --local gc.auto 0
validations	UNKNOWN STEP	2026-02-22T17:01:13.4810711Z ##[endgroup]
validations	UNKNOWN STEP	2026-02-22T17:01:13.4812106Z ##[group]Setting up auth
validations	UNKNOWN STEP	2026-02-22T17:01:13.4818339Z [command]/usr/bin/git config --local --name-only --get-regexp core\.sshCommand
validations	UNKNOWN STEP	2026-02-22T17:01:13.4848692Z [command]/usr/bin/git submodule foreach --recursive sh -c "git config --local --name-only --get-regexp 'core\.sshCommand' && git config --local --unset-all 'core.sshCommand' || :"
validations	UNKNOWN STEP	2026-02-22T17:01:13.5166859Z [command]/usr/bin/git config --local --name-only --get-regexp http\.https\:\/\/github\.com\/\.extraheader
validations	UNKNOWN STEP	2026-02-22T17:01:13.5197650Z [command]/usr/bin/git submodule foreach --recursive sh -c "git config --local --name-only --get-regexp 'http\.https\:\/\/github\.com\/\.extraheader' && git config --local --unset-all 'http.https://github.com/.extraheader' || :"
validations	UNKNOWN STEP	2026-02-22T17:01:13.5414296Z [command]/usr/bin/git config --local --name-only --get-regexp ^includeIf\.gitdir:
validations	UNKNOWN STEP	2026-02-22T17:01:13.5443937Z [command]/usr/bin/git submodule foreach --recursive git config --local --show-origin --name-only --get-regexp remote.origin.url
validations	UNKNOWN STEP	2026-02-22T17:01:13.5657160Z [command]/usr/bin/git config --local http.https://github.com/.extraheader AUTHORIZATION: basic ***
validations	UNKNOWN STEP	2026-02-22T17:01:13.5690358Z ##[endgroup]
validations	UNKNOWN STEP	2026-02-22T17:01:13.5691301Z ##[group]Fetching the repository
validations	UNKNOWN STEP	2026-02-22T17:01:13.5699437Z [command]/usr/bin/git -c protocol.version=2 fetch --prune --no-recurse-submodules origin +refs/heads/*:refs/remotes/origin/* +refs/tags/*:refs/tags/* +8d07a72058901e85bc09c469ce29acc934713843:refs/remotes/pull/6691/merge
validations	UNKNOWN STEP	2026-02-22T17:01:29.3162721Z From https://github.com/GoogleCloudPlatform/k8s-config-connector
validations	UNKNOWN STEP	2026-02-22T17:01:29.3163969Z  * [new branch]            BigQueryReservationReservation -> origin/BigQueryReservationReservation
validations	UNKNOWN STEP	2026-02-22T17:01:29.3165008Z  * [new branch]            KMSImportJob            -> origin/KMSImportJob
validations	UNKNOWN STEP	2026-02-22T17:01:29.3166286Z  * [new branch]            acpana-patch-1          -> origin/acpana-patch-1
validations	UNKNOWN STEP	2026-02-22T17:01:29.3167224Z  * [new branch]            acpana-patch-10         -> origin/acpana-patch-10
validations	UNKNOWN STEP	2026-02-22T17:01:29.3168164Z  * [new branch]            acpana-patch-11         -> origin/acpana-patch-11
validations	UNKNOWN STEP	2026-02-22T17:01:29.3169065Z  * [new branch]            acpana-patch-12         -> origin/acpana-patch-12
validations	UNKNOWN STEP	2026-02-22T17:01:29.3169936Z  * [new branch]            acpana-patch-13         -> origin/acpana-patch-13
validations	UNKNOWN STEP	2026-02-22T17:01:29.3170769Z  * [new branch]            acpana-patch-14         -> origin/acpana-patch-14
validations	UNKNOWN STEP	2026-02-22T17:01:29.3171576Z  * [new branch]            acpana-patch-2          -> origin/acpana-patch-2
validations	UNKNOWN STEP	2026-02-22T17:01:29.3172392Z  * [new branch]            acpana-patch-3          -> origin/acpana-patch-3
validations	UNKNOWN STEP	2026-02-22T17:01:29.3173250Z  * [new branch]            acpana-patch-4          -> origin/acpana-patch-4
validations	UNKNOWN STEP	2026-02-22T17:01:29.3174471Z  * [new branch]            acpana-patch-5          -> origin/acpana-patch-5
validations	UNKNOWN STEP	2026-02-22T17:01:29.3175333Z  * [new branch]            acpana-patch-6          -> origin/acpana-patch-6
validations	UNKNOWN STEP	2026-02-22T17:01:29.3176411Z  * [new branch]            acpana-patch-7          -> origin/acpana-patch-7
validations	UNKNOWN STEP	2026-02-22T17:01:29.3177288Z  * [new branch]            acpana-patch-8          -> origin/acpana-patch-8
validations	UNKNOWN STEP	2026-02-22T17:01:29.3178128Z  * [new branch]            acpana-patch-9          -> origin/acpana-patch-9
validations	UNKNOWN STEP	2026-02-22T17:01:29.3179129Z  * [new branch]            acpana/branches-working-on -> origin/acpana/branches-working-on
validations	UNKNOWN STEP	2026-02-22T17:01:29.3180075Z  * [new branch]            acpana/cp-137           -> origin/acpana/cp-137
validations	UNKNOWN STEP	2026-02-22T17:01:29.3180864Z  * [new branch]            acpana/cp-138           -> origin/acpana/cp-138
validations	UNKNOWN STEP	2026-02-22T17:01:29.3181651Z  * [new branch]            acpana/cp-139           -> origin/acpana/cp-139
validations	UNKNOWN STEP	2026-02-22T17:01:29.3182452Z  * [new branch]            acpana/cp-140           -> origin/acpana/cp-140
validations	UNKNOWN STEP	2026-02-22T17:01:29.3183255Z  * [new branch]            acpana/cswitch          -> origin/acpana/cswitch
validations	UNKNOWN STEP	2026-02-22T17:01:29.3184160Z  * [new branch]            acpana/ctrl-cmd-kind-aware -> origin/acpana/ctrl-cmd-kind-aware
validations	UNKNOWN STEP	2026-02-22T17:01:29.3185190Z  * [new branch]            acpana/dataexchangelisting -> origin/acpana/dataexchangelisting
validations	UNKNOWN STEP	2026-02-22T17:01:29.3186434Z  * [new branch]            acpana/direct-promos    -> origin/acpana/direct-promos
validations	UNKNOWN STEP	2026-02-22T17:01:29.3187380Z  * [new branch]            acpana/direct-promos3   -> origin/acpana/direct-promos3
validations	UNKNOWN STEP	2026-02-22T17:01:29.3188416Z  * [new branch]            acpana/direct-updating-event -> origin/acpana/direct-updating-event
validations	UNKNOWN STEP	2026-02-22T17:01:29.3189398Z  * [new branch]            acpana/dr-beta          -> origin/acpana/dr-beta
validations	UNKNOWN STEP	2026-02-22T17:01:29.3190309Z  * [new branch]            acpana/dr-fuzzy         -> origin/acpana/dr-fuzzy
validations	UNKNOWN STEP	2026-02-22T17:01:29.3191447Z  * [new branch]            acpana/dr-promo         -> origin/acpana/dr-promo
validations	UNKNOWN STEP	2026-02-22T17:01:29.3192470Z  * [new branch]            acpana/experiments-legacy-iam -> origin/acpana/experiments-legacy-iam
validations	UNKNOWN STEP	2026-02-22T17:01:29.3193448Z  * [new branch]            acpana/field-tool       -> origin/acpana/field-tool
validations	UNKNOWN STEP	2026-02-22T17:01:29.3194275Z  * [new branch]            acpana/fix-head         -> origin/acpana/fix-head
validations	UNKNOWN STEP	2026-02-22T17:01:29.3194962Z  * [new branch]            acpana/fix-head-12345   -> origin/acpana/fix-head-12345
validations	UNKNOWN STEP	2026-02-22T17:01:29.3195745Z  * [new branch]            acpana/fuzz-gh-action   -> origin/acpana/fuzz-gh-action
validations	UNKNOWN STEP	2026-02-22T17:01:29.3196294Z  * [new branch]            acpana/hotfix           -> origin/acpana/hotfix
validations	UNKNOWN STEP	2026-02-22T17:01:29.3197094Z  * [new branch]            acpana/iampp-direct-optin -> origin/acpana/iampp-direct-optin
validations	UNKNOWN STEP	2026-02-22T17:01:29.3198135Z  * [new branch]            acpana/iampp-direct-optin3 -> origin/acpana/iampp-direct-optin3
validations	UNKNOWN STEP	2026-02-22T17:01:29.3199107Z  * [new branch]            acpana/iampp-fuzzer2    -> origin/acpana/iampp-fuzzer2
validations	UNKNOWN STEP	2026-02-22T17:01:29.3200146Z  * [new branch]            acpana/iampp-one-resource-tests -> origin/acpana/iampp-one-resource-tests
validations	UNKNOWN STEP	2026-02-22T17:01:29.3201281Z  * [new branch]            acpana/iampp-resource-tests -> origin/acpana/iampp-resource-tests
validations	UNKNOWN STEP	2026-02-22T17:01:29.3202247Z  * [new branch]            acpana/integrate-mcl    -> origin/acpana/integrate-mcl
validations	UNKNOWN STEP	2026-02-22T17:01:29.3203192Z  * [new branch]            acpana/integrate-mcl-tests -> origin/acpana/integrate-mcl-tests
validations	UNKNOWN STEP	2026-02-22T17:01:29.3204302Z  * [new branch]            acpana/integrate-mcl-tests-first-pr -> origin/acpana/integrate-mcl-tests-first-pr
validations	UNKNOWN STEP	2026-02-22T17:01:29.3205440Z  * [new branch]            acpana/isak-controller  -> origin/acpana/isak-controller
validations	UNKNOWN STEP	2026-02-22T17:01:29.3206593Z  * [new branch]            acpana/isak-tests       -> origin/acpana/isak-tests
validations	UNKNOWN STEP	2026-02-22T17:01:29.3207533Z  * [new branch]            acpana/kcc-api-metrics  -> origin/acpana/kcc-api-metrics
validations	UNKNOWN STEP	2026-02-22T17:01:29.3208501Z  * [new branch]            acpana/kind-aware-2     -> origin/acpana/kind-aware-2
validations	UNKNOWN STEP	2026-02-22T17:01:29.3209405Z  * [new branch]            acpana/kompanion2       -> origin/acpana/kompanion2
validations	UNKNOWN STEP	2026-02-22T17:01:29.3210426Z  * [new branch]            acpana/krm-fuzzer-gkehubfm -> origin/acpana/krm-fuzzer-gkehubfm
validations	UNKNOWN STEP	2026-02-22T17:01:29.3211356Z  * [new branch]            acpana/llm-0            -> origin/acpana/llm-0
validations	UNKNOWN STEP	2026-02-22T17:01:29.3212261Z  * [new branch]            acpana/llm-empty-filter -> origin/acpana/llm-empty-filter
validations	UNKNOWN STEP	2026-02-22T17:01:29.3213314Z  * [new branch]            acpana/mockfirestore    -> origin/acpana/mockfirestore
validations	UNKNOWN STEP	2026-02-22T17:01:29.3214057Z  * [new branch]            acpana/rearrange-apis   -> origin/acpana/rearrange-apis
validations	UNKNOWN STEP	2026-02-22T17:01:29.3214733Z  * [new branch]            acpana/rest-iampp-resource-tests -> origin/acpana/rest-iampp-resource-tests
validations	UNKNOWN STEP	2026-02-22T17:01:29.3215434Z  * [new branch]            acpana/scenarios-refactor -> origin/acpana/scenarios-refactor
validations	UNKNOWN STEP	2026-02-22T17:01:29.3216259Z  * [new branch]            acpana/set-0            -> origin/acpana/set-0
validations	UNKNOWN STEP	2026-02-22T17:01:29.3217044Z  * [new branch]            acpana/sqlinstance-fields-document-defaults -> origin/acpana/sqlinstance-fields-document-defaults
validations	UNKNOWN STEP	2026-02-22T17:01:29.3217876Z  * [new branch]            acpana/sqlinstance-fields-mv -> origin/acpana/sqlinstance-fields-mv
validations	UNKNOWN STEP	2026-02-22T17:01:29.3218628Z  * [new branch]            acpana/sqlinstance-fields-mv-create -> origin/acpana/sqlinstance-fields-mv-create
validations	UNKNOWN STEP	2026-02-22T17:01:29.3219416Z  * [new branch]            acpana/sqlinstance-fields-status -> origin/acpana/sqlinstance-fields-status
validations	UNKNOWN STEP	2026-02-22T17:01:29.3220034Z  * [new branch]            acpana/ssa              -> origin/acpana/ssa
validations	UNKNOWN STEP	2026-02-22T17:01:29.3220568Z  * [new branch]            acpana/status-ctrl      -> origin/acpana/status-ctrl
validations	UNKNOWN STEP	2026-02-22T17:01:29.3221168Z  * [new branch]            acpana/test-acquire-llm2 -> origin/acpana/test-acquire-llm2
validations	UNKNOWN STEP	2026-02-22T17:01:29.3221957Z  * [new branch]            acpana/test-enable-adcs -> origin/acpana/test-enable-adcs
validations	UNKNOWN STEP	2026-02-22T17:01:29.3222614Z  * [new branch]            acpana/test-export      -> origin/acpana/test-export
validations	UNKNOWN STEP	2026-02-22T17:01:29.3223167Z  * [new branch]            acpana/use-gowork       -> origin/acpana/use-gowork
validations	UNKNOWN STEP	2026-02-22T17:01:29.3223729Z  * [new branch]            acpana/wait-for-cache   -> origin/acpana/wait-for-cache
validations	UNKNOWN STEP	2026-02-22T17:01:29.3224314Z  * [new branch]            add_api_bigqueryroutine -> origin/add_api_bigqueryroutine
validations	UNKNOWN STEP	2026-02-22T17:01:29.3224875Z  * [new branch]            cheftako-patch-1        -> origin/cheftako-patch-1
validations	UNKNOWN STEP	2026-02-22T17:01:29.3226560Z  * [new branch]            codebot-update-golang-version-go1.25.5-1 -> origin/codebot-update-golang-version-go1.25.5-1
validations	UNKNOWN STEP	2026-02-22T17:01:29.3227850Z  * [new branch]            compositions-preview    -> origin/compositions-preview
validations	UNKNOWN STEP	2026-02-22T17:01:29.3229162Z  * [new branch]            dependabot/docker/build/builder/golang-1.25.5 -> origin/dependabot/docker/build/builder/golang-1.25.5
validations	UNKNOWN STEP	2026-02-22T17:01:29.3230448Z  * [new branch]            dependabot/docker/operator/golang-1.25.5 -> origin/dependabot/docker/operator/golang-1.25.5
validations	UNKNOWN STEP	2026-02-22T17:01:29.3232069Z  * [new branch]            dependabot/go_modules/dev/tools/controllerbuilder/golang.org/x/net-0.36.0 -> origin/dependabot/go_modules/dev/tools/controllerbuilder/golang.org/x/net-0.36.0
validations	UNKNOWN STEP	2026-02-22T17:01:29.3234359Z  * [new branch]            dependabot/go_modules/github.com/hashicorp/hcl/v2-2.23.0 -> origin/dependabot/go_modules/github.com/hashicorp/hcl/v2-2.23.0
validations	UNKNOWN STEP	2026-02-22T17:01:29.3236947Z  * [new branch]            dependabot/go_modules/github.com/hashicorp/terraform-plugin-sdk/v2-2.35.0 -> origin/dependabot/go_modules/github.com/hashicorp/terraform-plugin-sdk/v2-2.35.0
validations	UNKNOWN STEP	2026-02-22T17:01:29.3239527Z  * [new branch]            dependabot/go_modules/github.com/hashicorp/terraform-plugin-sdk/v2-2.36.1 -> origin/dependabot/go_modules/github.com/hashicorp/terraform-plugin-sdk/v2-2.36.1
validations	UNKNOWN STEP	2026-02-22T17:01:29.3242114Z  * [new branch]            dependabot/go_modules/github.com/hashicorp/terraform-plugin-sdk/v2-2.37.0 -> origin/dependabot/go_modules/github.com/hashicorp/terraform-plugin-sdk/v2-2.37.0
validations	UNKNOWN STEP	2026-02-22T17:01:29.3244936Z  * [new branch]            dependabot/go_modules/github.com/hashicorp/terraform-plugin-sdk/v2-2.38.1 -> origin/dependabot/go_modules/github.com/hashicorp/terraform-plugin-sdk/v2-2.38.1
validations	UNKNOWN STEP	2026-02-22T17:01:29.3247454Z  * [new branch]            dependabot/go_modules/github.com/tmccombs/hcl2json-0.6.5 -> origin/dependabot/go_modules/github.com/tmccombs/hcl2json-0.6.5
validations	UNKNOWN STEP	2026-02-22T17:01:29.3249607Z  * [new branch]            dependabot/go_modules/mockgcp/cloud.google.com/go/compute-1.34.0 -> origin/dependabot/go_modules/mockgcp/cloud.google.com/go/compute-1.34.0
validations	UNKNOWN STEP	2026-02-22T17:01:29.3251864Z  * [new branch]            dependabot/go_modules/mockgcp/cloud.google.com/go/compute-1.49.1 -> origin/dependabot/go_modules/mockgcp/cloud.google.com/go/compute-1.49.1
validations	UNKNOWN STEP	2026-02-22T17:01:29.3254045Z  * [new branch]            dependabot/go_modules/mockgcp/cloud.google.com/go/iam-1.5.2 -> origin/dependabot/go_modules/mockgcp/cloud.google.com/go/iam-1.5.2
validations	UNKNOWN STEP	2026-02-22T17:01:29.3256325Z  * [new branch]            dependabot/go_modules/mockgcp/cloud.google.com/go/iam-1.5.3 -> origin/dependabot/go_modules/mockgcp/cloud.google.com/go/iam-1.5.3
validations	UNKNOWN STEP	2026-02-22T17:01:29.3258388Z  * [new branch]            dependabot/go_modules/mockgcp/golang.org/x/oauth2-0.30.0 -> origin/dependabot/go_modules/mockgcp/golang.org/x/oauth2-0.30.0
validations	UNKNOWN STEP	2026-02-22T17:01:29.3260394Z  * [new branch]            dependabot/go_modules/mockgcp/golang.org/x/oauth2-0.32.0 -> origin/dependabot/go_modules/mockgcp/golang.org/x/oauth2-0.32.0
validations	UNKNOWN STEP	2026-02-22T17:01:29.3262402Z  * [new branch]            dependabot/go_modules/mockgcp/k8s.io/apimachinery-0.27.16 -> origin/dependabot/go_modules/mockgcp/k8s.io/apimachinery-0.27.16
validations	UNKNOWN STEP	2026-02-22T17:01:29.3264669Z  * [new branch]            dependabot/go_modules/mockgcp/k8s.io/apimachinery-0.32.9 -> origin/dependabot/go_modules/mockgcp/k8s.io/apimachinery-0.32.9
validations	UNKNOWN STEP	2026-02-22T17:01:29.3266651Z  * [new branch]            document-project-dependency-gotcha -> origin/document-project-dependency-gotcha
validations	UNKNOWN STEP	2026-02-22T17:01:29.3267971Z  * [new branch]            documentaiprocessor     -> origin/documentaiprocessor
validations	UNKNOWN STEP	2026-02-22T17:01:29.3269282Z  * [new branch]            fix-docs-for-mockgcp-alpha-migration -> origin/fix-docs-for-mockgcp-alpha-migration
validations	UNKNOWN STEP	2026-02-22T17:01:29.3270507Z  * [new branch]            fix_build               -> origin/fix_build
validations	UNKNOWN STEP	2026-02-22T17:01:29.3271504Z  * [new branch]            ftr-logging-link-alpha  -> origin/ftr-logging-link-alpha
validations	UNKNOWN STEP	2026-02-22T17:01:29.3272572Z  * [new branch]            ftr-logging-links       -> origin/ftr-logging-links
validations	UNKNOWN STEP	2026-02-22T17:01:29.3273611Z  * [new branch]            ftr-logginglink-beta    -> origin/ftr-logginglink-beta
validations	UNKNOWN STEP	2026-02-22T17:01:29.3274638Z  * [new branch]            ftr-loglink-beta1       -> origin/ftr-loglink-beta1
validations	UNKNOWN STEP	2026-02-22T17:01:29.3275969Z  * [new branch]            ftr-loglink-beta2       -> origin/ftr-loglink-beta2
validations	UNKNOWN STEP	2026-02-22T17:01:29.3277014Z  * [new branch]            improve_propose_tag     -> origin/improve_propose_tag
validations	UNKNOWN STEP	2026-02-22T17:01:29.3278261Z  * [new branch]            jasonvigil-v1.127-release-notes -> origin/jasonvigil-v1.127-release-notes
validations	UNKNOWN STEP	2026-02-22T17:01:29.3279655Z  * [new branch]            maqiuyujoyce-1-123-release-note -> origin/maqiuyujoyce-1-123-release-note
validations	UNKNOWN STEP	2026-02-22T17:01:29.3281022Z  * [new branch]            maqiuyujoyce-202407-mockgcp-doc -> origin/maqiuyujoyce-202407-mockgcp-doc
validations	UNKNOWN STEP	2026-02-22T17:01:29.3282270Z  * [new branch]            maqiuyujoyce-patch-1    -> origin/maqiuyujoyce-patch-1
validations	UNKNOWN STEP	2026-02-22T17:01:29.3283353Z  * [new branch]            maqiuyujoyce-patch-2    -> origin/maqiuyujoyce-patch-2
validations	UNKNOWN STEP	2026-02-22T17:01:29.3284439Z  * [new branch]            maqiuyujoyce-patch-3    -> origin/maqiuyujoyce-patch-3
validations	UNKNOWN STEP	2026-02-22T17:01:29.3285110Z  * [new branch]            maqiuyujoyce-patch-4    -> origin/maqiuyujoyce-patch-4
validations	UNKNOWN STEP	2026-02-22T17:01:29.3285947Z  * [new branch]            master                  -> origin/master
validations	UNKNOWN STEP	2026-02-22T17:01:29.3286775Z  * [new branch]            mock-llm-access-context-manager-authorized-orgs -> origin/mock-llm-access-context-manager-authorized-orgs
validations	UNKNOWN STEP	2026-02-22T17:01:29.3288111Z  * [new branch]            mock-llm-access-context-manager-cloud-bindings -> origin/mock-llm-access-context-manager-cloud-bindings
validations	UNKNOWN STEP	2026-02-22T17:01:29.3289493Z  * [new branch]            mock-llm-access-context-manager-levels -> origin/mock-llm-access-context-manager-levels
validations	UNKNOWN STEP	2026-02-22T17:01:29.3290775Z  * [new branch]            mock-llm-access-context-manager-perimeters -> origin/mock-llm-access-context-manager-perimeters
validations	UNKNOWN STEP	2026-02-22T17:01:29.3292350Z  * [new branch]            mock-llm-access-context-manager-perimeters-dry-run -> origin/mock-llm-access-context-manager-perimeters-dry-run
validations	UNKNOWN STEP	2026-02-22T17:01:29.3293960Z  * [new branch]            mock-llm-access-context-manager-policies -> origin/mock-llm-access-context-manager-policies
validations	UNKNOWN STEP	2026-02-22T17:01:29.3295960Z  * [new branch]            mock-llm-access-context-manager-supported-services -> origin/mock-llm-access-context-manager-supported-services
validations	UNKNOWN STEP	2026-02-22T17:01:29.3297421Z  * [new branch]            mock-llm-acrolebindings -> origin/mock-llm-acrolebindings
validations	UNKNOWN STEP	2026-02-22T17:01:29.3298609Z  * [new branch]            mock-llm-active-directory-domains -> origin/mock-llm-active-directory-domains
validations	UNKNOWN STEP	2026-02-22T17:01:29.3300040Z  * [new branch]            mock-llm-active-directory-domains-backups -> origin/mock-llm-active-directory-domains-backups
validations	UNKNOWN STEP	2026-02-22T17:01:29.3301550Z  * [new branch]            mock-llm-active-directory-operations -> origin/mock-llm-active-directory-operations
validations	UNKNOWN STEP	2026-02-22T17:01:29.3302927Z  * [new branch]            mock-llm-active-directory-peerings -> origin/mock-llm-active-directory-peerings
validations	UNKNOWN STEP	2026-02-22T17:01:29.3304071Z  * [new branch]            mock-llm-ai-custom-jobs -> origin/mock-llm-ai-custom-jobs
validations	UNKNOWN STEP	2026-02-22T17:01:29.3305059Z  * [new branch]            mock-llm-ai-endpoints   -> origin/mock-llm-ai-endpoints
validations	UNKNOWN STEP	2026-02-22T17:01:29.3306404Z  * [new branch]            mock-llm-ai-hp-tuning-jobs -> origin/mock-llm-ai-hp-tuning-jobs
validations	UNKNOWN STEP	2026-02-22T17:01:29.3307533Z  * [new branch]            mock-llm-ai-index-endpoints -> origin/mock-llm-ai-index-endpoints
validations	UNKNOWN STEP	2026-02-22T17:01:29.3308551Z  * [new branch]            mock-llm-ai-indexes     -> origin/mock-llm-ai-indexes
validations	UNKNOWN STEP	2026-02-22T17:01:29.3309670Z  * [new branch]            mock-llm-ai-model-monitoring-jobs -> origin/mock-llm-ai-model-monitoring-jobs
validations	UNKNOWN STEP	2026-02-22T17:01:29.3310829Z  * [new branch]            mock-llm-ai-models      -> origin/mock-llm-ai-models
validations	UNKNOWN STEP	2026-02-22T17:01:29.3311783Z  * [new branch]            mock-llm-ai-operations  -> origin/mock-llm-ai-operations
validations	UNKNOWN STEP	2026-02-22T17:01:29.3312899Z  * [new branch]            mock-llm-ai-persistent-resources -> origin/mock-llm-ai-persistent-resources
validations	UNKNOWN STEP	2026-02-22T17:01:29.3314071Z  * [new branch]            mock-llm-ai-platform-models -> origin/mock-llm-ai-platform-models
validations	UNKNOWN STEP	2026-02-22T17:01:29.3315279Z  * [new branch]            mock-llm-ai-platform-operations -> origin/mock-llm-ai-platform-operations
validations	UNKNOWN STEP	2026-02-22T17:01:29.3316663Z  * [new branch]            mock-llm-ai-platform-versions -> origin/mock-llm-ai-platform-versions
validations	UNKNOWN STEP	2026-02-22T17:01:29.3317758Z  * [new branch]            mock-llm-ai-tensorboards -> origin/mock-llm-ai-tensorboards
validations	UNKNOWN STEP	2026-02-22T17:01:29.3318779Z  * [new branch]            mock-llm-alloydb-backups -> origin/mock-llm-alloydb-backups
validations	UNKNOWN STEP	2026-02-22T17:01:29.3319788Z  * [new branch]            mock-llm-alloydb-clusters -> origin/mock-llm-alloydb-clusters
validations	UNKNOWN STEP	2026-02-22T17:01:29.3320847Z  * [new branch]            mock-llm-alloydb-instances -> origin/mock-llm-alloydb-instances
validations	UNKNOWN STEP	2026-02-22T17:01:29.3321962Z  * [new branch]            mock-llm-alloydb-operations -> origin/mock-llm-alloydb-operations
validations	UNKNOWN STEP	2026-02-22T17:01:29.3323159Z  * [new branch]            mock-llm-anthos-config-controller -> origin/mock-llm-anthos-config-controller
validations	UNKNOWN STEP	2026-02-22T17:01:29.3324477Z  * [new branch]            mock-llm-anthos-config-operations -> origin/mock-llm-anthos-config-operations
validations	UNKNOWN STEP	2026-02-22T17:01:29.3325906Z  * [new branch]            mock-llm-api-gateway-api-configs -> origin/mock-llm-api-gateway-api-configs
validations	UNKNOWN STEP	2026-02-22T17:01:29.3327276Z  * [new branch]            mock-llm-api-gateway-apis -> origin/mock-llm-api-gateway-apis
validations	UNKNOWN STEP	2026-02-22T17:01:29.3328341Z  * [new branch]            mock-llm-api-gateway-gateways -> origin/mock-llm-api-gateway-gateways
validations	UNKNOWN STEP	2026-02-22T17:01:29.3329530Z  * [new branch]            mock-llm-api-gateway-operations -> origin/mock-llm-api-gateway-operations
validations	UNKNOWN STEP	2026-02-22T17:01:29.3330628Z  * [new branch]            mock-llm-apigee-apis    -> origin/mock-llm-apigee-apis
validations	UNKNOWN STEP	2026-02-22T17:01:29.3331681Z  * [new branch]            mock-llm-apigee-applications -> origin/mock-llm-apigee-applications
validations	UNKNOWN STEP	2026-02-22T17:01:29.3332846Z  * [new branch]            mock-llm-apigee-deployments -> origin/mock-llm-apigee-deployments
validations	UNKNOWN STEP	2026-02-22T17:01:29.3333892Z  * [new branch]            mock-llm-apigee-developers -> origin/mock-llm-apigee-developers
validations	UNKNOWN STEP	2026-02-22T17:01:29.3334907Z  * [new branch]            mock-llm-apigee-products -> origin/mock-llm-apigee-products
validations	UNKNOWN STEP	2026-02-22T17:01:29.3336116Z  * [new branch]            mock-llm-app            -> origin/mock-llm-app
validations	UNKNOWN STEP	2026-02-22T17:01:29.3337234Z  * [new branch]            mock-llm-app-domain-mappings -> origin/mock-llm-app-domain-mappings
validations	UNKNOWN STEP	2026-02-22T17:01:29.3338476Z  * [new branch]            mock-llm-app-firewall-rules -> origin/mock-llm-app-firewall-rules
validations	UNKNOWN STEP	2026-02-22T17:01:29.3339596Z  * [new branch]            mock-llm-app-instances  -> origin/mock-llm-app-instances
validations	UNKNOWN STEP	2026-02-22T17:01:29.3340649Z  * [new branch]            mock-llm-app-operations -> origin/mock-llm-app-operations
validations	UNKNOWN STEP	2026-02-22T17:01:29.3341676Z  * [new branch]            mock-llm-app-services   -> origin/mock-llm-app-services
validations	UNKNOWN STEP	2026-02-22T17:01:29.3342787Z  * [new branch]            mock-llm-app-ssl-certificates -> origin/mock-llm-app-ssl-certificates
validations	UNKNOWN STEP	2026-02-22T17:01:29.3343879Z  * [new branch]            mock-llm-app-versions   -> origin/mock-llm-app-versions
validations	UNKNOWN STEP	2026-02-22T17:01:29.3345324Z  * [new branch]            mock-llm-apphub-applications -> origin/mock-llm-apphub-applications
validations	UNKNOWN STEP	2026-02-22T17:01:29.3346839Z  * [new branch]            mock-llm-apphub-applications-services -> origin/mock-llm-apphub-applications-services
validations	UNKNOWN STEP	2026-02-22T17:01:29.3348364Z  * [new branch]            mock-llm-apphub-applications-workloads -> origin/mock-llm-apphub-applications-workloads
validations	UNKNOWN STEP	2026-02-22T17:01:29.3349842Z  * [new branch]            mock-llm-apphub-discovered-services -> origin/mock-llm-apphub-discovered-services
validations	UNKNOWN STEP	2026-02-22T17:01:29.3351239Z  * [new branch]            mock-llm-apphub-discovered-workloads -> origin/mock-llm-apphub-discovered-workloads
validations	UNKNOWN STEP	2026-02-22T17:01:29.3352442Z  * [new branch]            mock-llm-apphub-locations -> origin/mock-llm-apphub-locations
validations	UNKNOWN STEP	2026-02-22T17:01:29.3353549Z  * [new branch]            mock-llm-apphub-operations -> origin/mock-llm-apphub-operations
validations	UNKNOWN STEP	2026-02-22T17:01:29.3354750Z  * [new branch]            mock-llm-apphub-service-projects -> origin/mock-llm-apphub-service-projects
validations	UNKNOWN STEP	2026-02-22T17:01:29.3356175Z  * [new branch]            mock-llm-artifacts-docker-images -> origin/mock-llm-artifacts-docker-images
validations	UNKNOWN STEP	2026-02-22T17:01:29.3357327Z  * [new branch]            mock-llm-artifacts-files -> origin/mock-llm-artifacts-files
validations	UNKNOWN STEP	2026-02-22T17:01:29.3358353Z  * [new branch]            mock-llm-artifacts-operations -> origin/mock-llm-artifacts-operations
validations	UNKNOWN STEP	2026-02-22T17:01:29.3359535Z  * [new branch]            mock-llm-artifacts-packages -> origin/mock-llm-artifacts-packages
validations	UNKNOWN STEP	2026-02-22T17:01:29.3360710Z  * [new branch]            mock-llm-artifacts-repositories -> origin/mock-llm-artifacts-repositories
validations	UNKNOWN STEP	2026-02-22T17:01:29.3361829Z  * [new branch]            mock-llm-artifacts-rules -> origin/mock-llm-artifacts-rules
validations	UNKNOWN STEP	2026-02-22T17:01:29.3362922Z  * [new branch]            mock-llm-artifacts-settings -> origin/mock-llm-artifacts-settings
validations	UNKNOWN STEP	2026-02-22T17:01:29.3364024Z  * [new branch]            mock-llm-artifacts-versions -> origin/mock-llm-artifacts-versions
validations	UNKNOWN STEP	2026-02-22T17:01:29.3365205Z  * [new branch]            mock-llm-artifacts-vpcsc-config -> origin/mock-llm-artifacts-vpcsc-config
validations	UNKNOWN STEP	2026-02-22T17:01:29.3366790Z  * [new branch]            mock-llm-asset-feeds    -> origin/mock-llm-asset-feeds
validations	UNKNOWN STEP	2026-02-22T17:01:29.3367825Z  * [new branch]            mock-llm-asset-operations -> origin/mock-llm-asset-operations
validations	UNKNOWN STEP	2026-02-22T17:01:29.3368929Z  * [new branch]            mock-llm-asset-saved-queries -> origin/mock-llm-asset-saved-queries
validations	UNKNOWN STEP	2026-02-22T17:01:29.3370040Z  * [new branch]            mock-llm-assured-operations -> origin/mock-llm-assured-operations
validations	UNKNOWN STEP	2026-02-22T17:01:29.3371322Z  * [new branch]            mock-llm-assured-workloads-violations -> origin/mock-llm-assured-workloads-violations
validations	UNKNOWN STEP	2026-02-22T17:01:29.3372713Z  * [new branch]            mock-llm-audit-manager-operations -> origin/mock-llm-audit-manager-operations
validations	UNKNOWN STEP	2026-02-22T17:01:29.3374193Z  * [new branch]            mock-llm-backup-dr-backup-plan-associations -> origin/mock-llm-backup-dr-backup-plan-associations
validations	UNKNOWN STEP	2026-02-22T17:01:29.3375806Z  * [new branch]            mock-llm-backup-dr-backup-plans -> origin/mock-llm-backup-dr-backup-plans
validations	UNKNOWN STEP	2026-02-22T17:01:29.3377094Z  * [new branch]            mock-llm-backup-dr-backup-vaults -> origin/mock-llm-backup-dr-backup-vaults
validations	UNKNOWN STEP	2026-02-22T17:01:29.3378254Z  * [new branch]            mock-llm-backup-dr-backups -> origin/mock-llm-backup-dr-backups
validations	UNKNOWN STEP	2026-02-22T17:01:29.3379447Z  * [new branch]            mock-llm-backup-dr-data-sources -> origin/mock-llm-backup-dr-data-sources
validations	UNKNOWN STEP	2026-02-22T17:01:29.3380777Z  * [new branch]            mock-llm-backup-dr-management-servers -> origin/mock-llm-backup-dr-management-servers
validations	UNKNOWN STEP	2026-02-22T17:01:29.3382080Z  * [new branch]            mock-llm-backup-dr-operations -> origin/mock-llm-backup-dr-operations
validations	UNKNOWN STEP	2026-02-22T17:01:29.3383124Z  * [new branch]            mock-llm-batch-jobs     -> origin/mock-llm-batch-jobs
validations	UNKNOWN STEP	2026-02-22T17:01:29.3384038Z  * [new branch]            mock-llm-batch-tasks    -> origin/mock-llm-batch-tasks
validations	UNKNOWN STEP	2026-02-22T17:01:29.3385309Z  * [new branch]            mock-llm-bigtable-app-profiles -> origin/mock-llm-bigtable-app-profiles
validations	UNKNOWN STEP	2026-02-22T17:01:29.3386848Z  * [new branch]            mock-llm-bigtable-authorized-views -> origin/mock-llm-bigtable-authorized-views
validations	UNKNOWN STEP	2026-02-22T17:01:29.3388056Z  * [new branch]            mock-llm-bigtable-backups -> origin/mock-llm-bigtable-backups
validations	UNKNOWN STEP	2026-02-22T17:01:29.3389134Z  * [new branch]            mock-llm-bigtable-clusters -> origin/mock-llm-bigtable-clusters
validations	UNKNOWN STEP	2026-02-22T17:01:29.3390234Z  * [new branch]            mock-llm-bigtable-instances -> origin/mock-llm-bigtable-instances
validations	UNKNOWN STEP	2026-02-22T17:01:29.3391447Z  * [new branch]            mock-llm-bigtable-instances-tables -> origin/mock-llm-bigtable-instances-tables
validations	UNKNOWN STEP	2026-02-22T17:01:29.3392710Z  * [new branch]            mock-llm-bigtable-operations -> origin/mock-llm-bigtable-operations
validations	UNKNOWN STEP	2026-02-22T17:01:29.3393786Z  * [new branch]            mock-llm-bigtable-tables -> origin/mock-llm-bigtable-tables
validations	UNKNOWN STEP	2026-02-22T17:01:29.3394808Z  * [new branch]            mock-llm-billing-accounts -> origin/mock-llm-billing-accounts
validations	UNKNOWN STEP	2026-02-22T17:01:29.3395995Z  * [new branch]            mock-llm-billing-budgets -> origin/mock-llm-billing-budgets
validations	UNKNOWN STEP	2026-02-22T17:01:29.3397028Z  * [new branch]            mock-llm-billing-projects -> origin/mock-llm-billing-projects
validations	UNKNOWN STEP	2026-02-22T17:01:29.3398019Z  * [new branch]            mock-llm-bms-instances  -> origin/mock-llm-bms-instances
validations	UNKNOWN STEP	2026-02-22T17:01:29.3398962Z  * [new branch]            mock-llm-bms-networks   -> origin/mock-llm-bms-networks
validations	UNKNOWN STEP	2026-02-22T17:01:29.3399940Z  * [new branch]            mock-llm-bms-nfs-shares -> origin/mock-llm-bms-nfs-shares
validations	UNKNOWN STEP	2026-02-22T17:01:29.3400904Z  * [new branch]            mock-llm-bms-os-images  -> origin/mock-llm-bms-os-images
validations	UNKNOWN STEP	2026-02-22T17:01:29.3401833Z  * [new branch]            mock-llm-bms-volumes    -> origin/mock-llm-bms-volumes
validations	UNKNOWN STEP	2026-02-22T17:01:29.3402850Z  * [new branch]            mock-llm-bms-volumes-luns -> origin/mock-llm-bms-volumes-luns
validations	UNKNOWN STEP	2026-02-22T17:01:29.3403988Z  * [new branch]            mock-llm-bms-volumes-snapshots -> origin/mock-llm-bms-volumes-snapshots
validations	UNKNOWN STEP	2026-02-22T17:01:29.3405216Z  * [new branch]            mock-llm-builds         -> origin/mock-llm-builds
validations	UNKNOWN STEP	2026-02-22T17:01:29.3406382Z  * [new branch]            mock-llm-builds-connections -> origin/mock-llm-builds-connections
validations	UNKNOWN STEP	2026-02-22T17:01:29.3407531Z  * [new branch]            mock-llm-builds-repositories -> origin/mock-llm-builds-repositories
validations	UNKNOWN STEP	2026-02-22T17:01:29.3409184Z  * [new branch]            mock-llm-builds-triggers -> origin/mock-llm-builds-triggers
validations	UNKNOWN STEP	2026-02-22T17:01:29.3410248Z  * [new branch]            mock-llm-builds-worker-pools -> origin/mock-llm-builds-worker-pools
validations	UNKNOWN STEP	2026-02-22T17:01:29.3411713Z  * [new branch]            mock-llm-certificate-manager-certificates -> origin/mock-llm-certificate-manager-certificates
validations	UNKNOWN STEP	2026-02-22T17:01:29.3413396Z  * [new branch]            mock-llm-certificate-manager-dns-authorizations -> origin/mock-llm-certificate-manager-dns-authorizations
validations	UNKNOWN STEP	2026-02-22T17:01:29.3415179Z  * [new branch]            mock-llm-certificate-manager-issuance-configs -> origin/mock-llm-certificate-manager-issuance-configs
validations	UNKNOWN STEP	2026-02-22T17:01:29.3416852Z  * [new branch]            mock-llm-certificate-manager-maps -> origin/mock-llm-certificate-manager-maps
validations	UNKNOWN STEP	2026-02-22T17:01:29.3418327Z  * [new branch]            mock-llm-certificate-manager-maps-entries -> origin/mock-llm-certificate-manager-maps-entries
validations	UNKNOWN STEP	2026-02-22T17:01:29.3419853Z  * [new branch]            mock-llm-certificate-manager-operations -> origin/mock-llm-certificate-manager-operations
validations	UNKNOWN STEP	2026-02-22T17:01:29.3421422Z  * [new branch]            mock-llm-certificate-manager-trust-configs -> origin/mock-llm-certificate-manager-trust-configs
validations	UNKNOWN STEP	2026-02-22T17:01:29.3422726Z  * [new branch]            mock-llm-colab-executions -> origin/mock-llm-colab-executions
validations	UNKNOWN STEP	2026-02-22T17:01:29.3423891Z  * [new branch]            mock-llm-colab-runtime-templates -> origin/mock-llm-colab-runtime-templates
validations	UNKNOWN STEP	2026-02-22T17:01:29.3425222Z  * [new branch]            mock-llm-colab-runtimes -> origin/mock-llm-colab-runtimes
validations	UNKNOWN STEP	2026-02-22T17:01:29.3426419Z  * [new branch]            mock-llm-colab-schedules -> origin/mock-llm-colab-schedules
validations	UNKNOWN STEP	2026-02-22T17:01:29.3427540Z  * [new branch]            mock-llm-composer-environments -> origin/mock-llm-composer-environments
validations	UNKNOWN STEP	2026-02-22T17:01:29.3429224Z  * [new branch]            mock-llm-composer-environments-user-workloads-config-maps -> origin/mock-llm-composer-environments-user-workloads-config-maps
validations	UNKNOWN STEP	2026-02-22T17:01:29.3431267Z  * [new branch]            mock-llm-composer-environments-user-workloads-secrets -> origin/mock-llm-composer-environments-user-workloads-secrets
validations	UNKNOWN STEP	2026-02-22T17:01:29.3432816Z  * [new branch]            mock-llm-composer-operations -> origin/mock-llm-composer-operations
validations	UNKNOWN STEP	2026-02-22T17:01:29.3434060Z  * [new branch]            mock-llm-compute-accelerator-types -> origin/mock-llm-compute-accelerator-types
validations	UNKNOWN STEP	2026-02-22T17:01:29.3435219Z  * [new branch]            mock-llm-compute-addresses -> origin/mock-llm-compute-addresses
validations	UNKNOWN STEP	2026-02-22T17:01:29.3436190Z  * [new branch]            mock-llm-compute-backend-buckets -> origin/mock-llm-compute-backend-buckets
validations	UNKNOWN STEP	2026-02-22T17:01:29.3436993Z  * [new branch]            mock-llm-compute-backend-services -> origin/mock-llm-compute-backend-services
validations	UNKNOWN STEP	2026-02-22T17:01:29.3437931Z  * [new branch]            mock-llm-compute-commitments -> origin/mock-llm-compute-commitments
validations	UNKNOWN STEP	2026-02-22T17:01:29.3439234Z  * [new branch]            mock-llm-compute-disk-types -> origin/mock-llm-compute-disk-types
validations	UNKNOWN STEP	2026-02-22T17:01:29.3440450Z  * [new branch]            mock-llm-compute-disks  -> origin/mock-llm-compute-disks
validations	UNKNOWN STEP	2026-02-22T17:01:29.3441829Z  * [new branch]            mock-llm-compute-external-vpn-gateways -> origin/mock-llm-compute-external-vpn-gateways
validations	UNKNOWN STEP	2026-02-22T17:01:29.3443417Z  * [new branch]            mock-llm-compute-firewall-policies -> origin/mock-llm-compute-firewall-policies
validations	UNKNOWN STEP	2026-02-22T17:01:29.3445058Z  * [new branch]            mock-llm-compute-firewall-policies-rules -> origin/mock-llm-compute-firewall-policies-rules
validations	UNKNOWN STEP	2026-02-22T17:01:29.3446799Z  * [new branch]            mock-llm-compute-firewall-rules -> origin/mock-llm-compute-firewall-rules
validations	UNKNOWN STEP	2026-02-22T17:01:29.3448514Z  * [new branch]            mock-llm-compute-forwarding-rules -> origin/mock-llm-compute-forwarding-rules
validations	UNKNOWN STEP	2026-02-22T17:01:29.3449931Z  * [new branch]            mock-llm-compute-health-checks -> origin/mock-llm-compute-health-checks
validations	UNKNOWN STEP	2026-02-22T17:01:29.3451376Z  * [new branch]            mock-llm-compute-http-health-checks -> origin/mock-llm-compute-http-health-checks
validations	UNKNOWN STEP	2026-02-22T17:01:29.3452880Z  * [new branch]            mock-llm-compute-https-health-checks -> origin/mock-llm-compute-https-health-checks
validations	UNKNOWN STEP	2026-02-22T17:01:29.3454213Z  * [new branch]            mock-llm-compute-images -> origin/mock-llm-compute-images
validations	UNKNOWN STEP	2026-02-22T17:01:29.3455451Z  * [new branch]            mock-llm-compute-instance-groups -> origin/mock-llm-compute-instance-groups
validations	UNKNOWN STEP	2026-02-22T17:01:29.3457070Z  * [new branch]            mock-llm-compute-instance-groups-managed -> origin/mock-llm-compute-instance-groups-managed
validations	UNKNOWN STEP	2026-02-22T17:01:29.3458917Z  * [new branch]            mock-llm-compute-instance-groups-managed-resize-requests -> origin/mock-llm-compute-instance-groups-managed-resize-requests
validations	UNKNOWN STEP	2026-02-22T17:01:29.3460801Z  * [new branch]            mock-llm-compute-instance-groups-unmanaged -> origin/mock-llm-compute-instance-groups-unmanaged
validations	UNKNOWN STEP	2026-02-22T17:01:29.3462138Z  * [new branch]            mock-llm-compute-instance-templates -> origin/mock-llm-compute-instance-templates
validations	UNKNOWN STEP	2026-02-22T17:01:29.3462935Z  * [new branch]            mock-llm-compute-instances -> origin/mock-llm-compute-instances
validations	UNKNOWN STEP	2026-02-22T17:01:29.3463829Z  * [new branch]            mock-llm-compute-instances-ops-agents-policies -> origin/mock-llm-compute-instances-ops-agents-policies
validations	UNKNOWN STEP	2026-02-22T17:01:29.3464818Z  * [new branch]            mock-llm-compute-instances-os-inventory -> origin/mock-llm-compute-instances-os-inventory
validations	UNKNOWN STEP	2026-02-22T17:01:29.3466344Z  * [new branch]            mock-llm-compute-instant-snapshots -> origin/mock-llm-compute-instant-snapshots
validations	UNKNOWN STEP	2026-02-22T17:01:29.3467463Z  * [new branch]            mock-llm-compute-interconnects -> origin/mock-llm-compute-interconnects
validations	UNKNOWN STEP	2026-02-22T17:01:29.3468548Z  * [new branch]            mock-llm-compute-interconnects-attachments -> origin/mock-llm-compute-interconnects-attachments
validations	UNKNOWN STEP	2026-02-22T17:01:29.3469777Z  * [new branch]            mock-llm-compute-interconnects-locations -> origin/mock-llm-compute-interconnects-locations
validations	UNKNOWN STEP	2026-02-22T17:01:29.3471382Z  * [new branch]            mock-llm-compute-interconnects-remote-locations -> origin/mock-llm-compute-interconnects-remote-locations
validations	UNKNOWN STEP	2026-02-22T17:01:29.3472901Z  * [new branch]            mock-llm-compute-machine-images -> origin/mock-llm-compute-machine-images
validations	UNKNOWN STEP	2026-02-22T17:01:29.3474107Z  * [new branch]            mock-llm-compute-machine-types -> origin/mock-llm-compute-machine-types
validations	UNKNOWN STEP	2026-02-22T17:01:29.3475459Z  * [new branch]            mock-llm-compute-network-attachments -> origin/mock-llm-compute-network-attachments
validations	UNKNOWN STEP	2026-02-22T17:01:29.3477238Z  * [new branch]            mock-llm-compute-network-edge-security-services -> origin/mock-llm-compute-network-edge-security-services
validations	UNKNOWN STEP	2026-02-22T17:01:29.3478911Z  * [new branch]            mock-llm-compute-network-endpoint-groups -> origin/mock-llm-compute-network-endpoint-groups
validations	UNKNOWN STEP	2026-02-22T17:01:29.3480495Z  * [new branch]            mock-llm-compute-network-firewall-policies -> origin/mock-llm-compute-network-firewall-policies
validations	UNKNOWN STEP	2026-02-22T17:01:29.3482189Z  * [new branch]            mock-llm-compute-network-firewall-policies-rules -> origin/mock-llm-compute-network-firewall-policies-rules
validations	UNKNOWN STEP	2026-02-22T17:01:29.3483545Z  * [new branch]            mock-llm-compute-network-profiles -> origin/mock-llm-compute-network-profiles
validations	UNKNOWN STEP	2026-02-22T17:01:29.3484281Z  * [new branch]            mock-llm-compute-networks -> origin/mock-llm-compute-networks
validations	UNKNOWN STEP	2026-02-22T17:01:29.3485011Z  * [new branch]            mock-llm-compute-networks-subnets -> origin/mock-llm-compute-networks-subnets
validations	UNKNOWN STEP	2026-02-22T17:01:29.3486154Z  * [new branch]            mock-llm-compute-networks-vpc-access-connectors -> origin/mock-llm-compute-networks-vpc-access-connectors
validations	UNKNOWN STEP	2026-02-22T17:01:29.3487399Z  * [new branch]            mock-llm-compute-networks-vpc-access-operations -> origin/mock-llm-compute-networks-vpc-access-operations
validations	UNKNOWN STEP	2026-02-22T17:01:29.3488256Z  * [new branch]            mock-llm-compute-operations -> origin/mock-llm-compute-operations
validations	UNKNOWN STEP	2026-02-22T17:01:29.3489054Z  * [new branch]            mock-llm-compute-os-config-inventories -> origin/mock-llm-compute-os-config-inventories
validations	UNKNOWN STEP	2026-02-22T17:01:29.3490131Z  * [new branch]            mock-llm-compute-os-config-os-policy-assignment-reports -> origin/mock-llm-compute-os-config-os-policy-assignment-reports
validations	UNKNOWN STEP	2026-02-22T17:01:29.3491262Z  * [new branch]            mock-llm-compute-os-config-os-policy-assignments -> origin/mock-llm-compute-os-config-os-policy-assignments
validations	UNKNOWN STEP	2026-02-22T17:01:29.3492452Z  * [new branch]            mock-llm-compute-os-config-os-policy-assignments-operations -> origin/mock-llm-compute-os-config-os-policy-assignments-operations
validations	UNKNOWN STEP	2026-02-22T17:01:29.3493589Z  * [new branch]            mock-llm-compute-os-config-patch-deployments -> origin/mock-llm-compute-os-config-patch-deployments
validations	UNKNOWN STEP	2026-02-22T17:01:29.3494509Z  * [new branch]            mock-llm-compute-os-config-patch-jobs -> origin/mock-llm-compute-os-config-patch-jobs
validations	UNKNOWN STEP	2026-02-22T17:01:29.3495514Z  * [new branch]            mock-llm-compute-os-config-project-feature-settings -> origin/mock-llm-compute-os-config-project-feature-settings
validations	UNKNOWN STEP	2026-02-22T17:01:29.3496742Z  * [new branch]            mock-llm-compute-os-config-vulnerability-reports -> origin/mock-llm-compute-os-config-vulnerability-reports
validations	UNKNOWN STEP	2026-02-22T17:01:29.3497628Z  * [new branch]            mock-llm-compute-os-login-ssh-keys -> origin/mock-llm-compute-os-login-ssh-keys
validations	UNKNOWN STEP	2026-02-22T17:01:29.3498516Z  * [new branch]            mock-llm-compute-packet-mirrorings -> origin/mock-llm-compute-packet-mirrorings
validations	UNKNOWN STEP	2026-02-22T17:01:29.3499284Z  * [new branch]            mock-llm-compute-project-info -> origin/mock-llm-compute-project-info
validations	UNKNOWN STEP	2026-02-22T17:01:29.3500118Z  * [new branch]            mock-llm-compute-project-zonal-metadata -> origin/mock-llm-compute-project-zonal-metadata
validations	UNKNOWN STEP	2026-02-22T17:01:29.3501063Z  * [new branch]            mock-llm-compute-public-advertised-prefixes -> origin/mock-llm-compute-public-advertised-prefixes
validations	UNKNOWN STEP	2026-02-22T17:01:29.3502036Z  * [new branch]            mock-llm-compute-public-delegated-prefixes -> origin/mock-llm-compute-public-delegated-prefixes
validations	UNKNOWN STEP	2026-02-22T17:01:29.3502811Z  * [new branch]            mock-llm-compute-regions -> origin/mock-llm-compute-regions
validations	UNKNOWN STEP	2026-02-22T17:01:29.3503480Z  * [new branch]            mock-llm-compute-reservations -> origin/mock-llm-compute-reservations
validations	UNKNOWN STEP	2026-02-22T17:01:29.3504242Z  * [new branch]            mock-llm-compute-resource-policies -> origin/mock-llm-compute-resource-policies
validations	UNKNOWN STEP	2026-02-22T17:01:29.3504951Z  * [new branch]            mock-llm-compute-routers -> origin/mock-llm-compute-routers
validations	UNKNOWN STEP	2026-02-22T17:01:29.3505891Z  * [new branch]            mock-llm-compute-routers-nats -> origin/mock-llm-compute-routers-nats
validations	UNKNOWN STEP	2026-02-22T17:01:29.3506694Z  * [new branch]            mock-llm-compute-routers-nats-rules -> origin/mock-llm-compute-routers-nats-rules
validations	UNKNOWN STEP	2026-02-22T17:01:29.3507398Z  * [new branch]            mock-llm-compute-routes -> origin/mock-llm-compute-routes
validations	UNKNOWN STEP	2026-02-22T17:01:29.3508122Z  * [new branch]            mock-llm-compute-security-policies -> origin/mock-llm-compute-security-policies
validations	UNKNOWN STEP	2026-02-22T17:01:29.3508993Z  * [new branch]            mock-llm-compute-security-policies-rules -> origin/mock-llm-compute-security-policies-rules
validations	UNKNOWN STEP	2026-02-22T17:01:29.3509872Z  * [new branch]            mock-llm-compute-service-attachments -> origin/mock-llm-compute-service-attachments
validations	UNKNOWN STEP	2026-02-22T17:01:29.3510725Z  * [new branch]            mock-llm-compute-snapshot-settings -> origin/mock-llm-compute-snapshot-settings
validations	UNKNOWN STEP	2026-02-22T17:01:29.3511451Z  * [new branch]            mock-llm-compute-snapshots -> origin/mock-llm-compute-snapshots
validations	UNKNOWN STEP	2026-02-22T17:01:29.3512423Z  * [new branch]            mock-llm-compute-sole-tenancy-node-groups -> origin/mock-llm-compute-sole-tenancy-node-groups
validations	UNKNOWN STEP	2026-02-22T17:01:29.3513394Z  * [new branch]            mock-llm-compute-sole-tenancy-node-templates -> origin/mock-llm-compute-sole-tenancy-node-templates
validations	UNKNOWN STEP	2026-02-22T17:01:29.3514174Z  * [new branch]            mock-llm-container-hub  -> origin/mock-llm-container-hub
validations	UNKNOWN STEP	2026-02-22T17:01:29.3514855Z  * [new branch]            mock-llm-container-hub-cloudrun -> origin/mock-llm-container-hub-cloudrun
validations	UNKNOWN STEP	2026-02-22T17:01:29.3515862Z  * [new branch]            mock-llm-container-hub-clusterupgrade -> origin/mock-llm-container-hub-clusterupgrade
validations	UNKNOWN STEP	2026-02-22T17:01:29.3516840Z  * [new branch]            mock-llm-container-hub-dataplane-v2-encryption -> origin/mock-llm-container-hub-dataplane-v2-encryption
validations	UNKNOWN STEP	2026-02-22T17:01:29.3517832Z  * [new branch]            mock-llm-container-hub-fleetobservability -> origin/mock-llm-container-hub-fleetobservability
validations	UNKNOWN STEP	2026-02-22T17:01:29.3518754Z  * [new branch]            mock-llm-container-hub-identity-service -> origin/mock-llm-container-hub-identity-service
validations	UNKNOWN STEP	2026-02-22T17:01:29.3519563Z  * [new branch]            mock-llm-container-hub-ingress -> origin/mock-llm-container-hub-ingress
validations	UNKNOWN STEP	2026-02-22T17:01:29.3520331Z  * [new branch]            mock-llm-container-hub-memberships -> origin/mock-llm-container-hub-memberships
validations	UNKNOWN STEP	2026-02-22T17:01:29.3521221Z  * [new branch]            mock-llm-container-hub-memberships-bindings -> origin/mock-llm-container-hub-memberships-bindings
validations	UNKNOWN STEP	2026-02-22T17:01:29.3522261Z  * [new branch]            mock-llm-container-hub-memberships-support-access -> origin/mock-llm-container-hub-memberships-support-access
validations	UNKNOWN STEP	2026-02-22T17:01:29.3523131Z  * [new branch]            mock-llm-container-hub-mesh -> origin/mock-llm-container-hub-mesh
validations	UNKNOWN STEP	2026-02-22T17:01:29.3524152Z  * [new branch]            mock-llm-container-hub-multi-cluster-services -> origin/mock-llm-container-hub-multi-cluster-services
validations	UNKNOWN STEP	2026-02-22T17:01:29.3525073Z  * [new branch]            mock-llm-container-hub-operations -> origin/mock-llm-container-hub-operations
validations	UNKNOWN STEP	2026-02-22T17:01:29.3526096Z  * [new branch]            mock-llm-container-hub-policycontroller -> origin/mock-llm-container-hub-policycontroller
validations	UNKNOWN STEP	2026-02-22T17:01:29.3526909Z  * [new branch]            mock-llm-container-hub-scopes -> origin/mock-llm-container-hub-scopes
validations	UNKNOWN STEP	2026-02-22T17:01:29.3527733Z  * [new branch]            mock-llm-container-hub-scopes-namespaces -> origin/mock-llm-container-hub-scopes-namespaces
validations	UNKNOWN STEP	2026-02-22T17:01:29.3528714Z  * [new branch]            mock-llm-container-hub-scopes-rbacrolebindings -> origin/mock-llm-container-hub-scopes-rbacrolebindings
validations	UNKNOWN STEP	2026-02-22T17:01:29.3529544Z  * [new branch]            mock-llm-container-images -> origin/mock-llm-container-images
validations	UNKNOWN STEP	2026-02-22T17:01:29.3530240Z  * [new branch]            mock-llm-container-node-pools -> origin/mock-llm-container-node-pools
validations	UNKNOWN STEP	2026-02-22T17:01:29.3530966Z  * [new branch]            mock-llm-container-operations -> origin/mock-llm-container-operations
validations	UNKNOWN STEP	2026-02-22T17:01:29.3531799Z  * [new branch]            mock-llm-container-vmware-admin-clusters -> origin/mock-llm-container-vmware-admin-clusters
validations	UNKNOWN STEP	2026-02-22T17:01:29.3532658Z  * [new branch]            mock-llm-container-vmware-clusters -> origin/mock-llm-container-vmware-clusters
validations	UNKNOWN STEP	2026-02-22T17:01:29.3533483Z  * [new branch]            mock-llm-container-vmware-node-pools -> origin/mock-llm-container-vmware-node-pools
validations	UNKNOWN STEP	2026-02-22T17:01:29.3534333Z  * [new branch]            mock-llm-container-vmware-operations -> origin/mock-llm-container-vmware-operations
validations	UNKNOWN STEP	2026-02-22T17:01:29.3535100Z  * [new branch]            mock-llm-data-catalog-entries -> origin/mock-llm-data-catalog-entries
validations	UNKNOWN STEP	2026-02-22T17:01:29.3536005Z  * [new branch]            mock-llm-data-catalog-entry-groups -> origin/mock-llm-data-catalog-entry-groups
validations	UNKNOWN STEP	2026-02-22T17:01:29.3536827Z  * [new branch]            mock-llm-data-catalog-tag-templates -> origin/mock-llm-data-catalog-tag-templates
validations	UNKNOWN STEP	2026-02-22T17:01:29.3537758Z  * [new branch]            mock-llm-data-catalog-taxonomies -> origin/mock-llm-data-catalog-taxonomies
validations	UNKNOWN STEP	2026-02-22T17:01:29.3538652Z  * [new branch]            mock-llm-data-catalog-taxonomies-policy-tags -> origin/mock-llm-data-catalog-taxonomies-policy-tags
validations	UNKNOWN STEP	2026-02-22T17:01:29.3539702Z  * [new branch]            mock-llm-database-migration-connection-profiles -> origin/mock-llm-database-migration-connection-profiles
validations	UNKNOWN STEP	2026-02-22T17:01:29.3540775Z  * [new branch]            mock-llm-database-migration-conversion-workspaces -> origin/mock-llm-database-migration-conversion-workspaces
validations	UNKNOWN STEP	2026-02-22T17:01:29.3541796Z  * [new branch]            mock-llm-database-migration-migration-jobs -> origin/mock-llm-database-migration-migration-jobs
validations	UNKNOWN STEP	2026-02-22T17:01:29.3542706Z  * [new branch]            mock-llm-database-migration-operations -> origin/mock-llm-database-migration-operations
validations	UNKNOWN STEP	2026-02-22T17:01:29.3543691Z  * [new branch]            mock-llm-database-migration-private-connections -> origin/mock-llm-database-migration-private-connections
validations	UNKNOWN STEP	2026-02-22T17:01:29.3544510Z  * [new branch]            mock-llm-dataflow-jobs  -> origin/mock-llm-dataflow-jobs
validations	UNKNOWN STEP	2026-02-22T17:01:29.3545156Z  * [new branch]            mock-llm-dataflow-snapshots -> origin/mock-llm-dataflow-snapshots
validations	UNKNOWN STEP	2026-02-22T17:01:29.3546040Z  * [new branch]            mock-llm-dataplex-aspect-types -> origin/mock-llm-dataplex-aspect-types
validations	UNKNOWN STEP	2026-02-22T17:01:29.3546722Z  * [new branch]            mock-llm-dataplex-assets -> origin/mock-llm-dataplex-assets
validations	UNKNOWN STEP	2026-02-22T17:01:29.3547355Z  * [new branch]            mock-llm-dataplex-content -> origin/mock-llm-dataplex-content
validations	UNKNOWN STEP	2026-02-22T17:01:29.3548023Z  * [new branch]            mock-llm-dataplex-datascans -> origin/mock-llm-dataplex-datascans
validations	UNKNOWN STEP	2026-02-22T17:01:29.3548746Z  * [new branch]            mock-llm-dataplex-datascans-jobs -> origin/mock-llm-dataplex-datascans-jobs
validations	UNKNOWN STEP	2026-02-22T17:01:29.3549585Z  * [new branch]            mock-llm-dataplex-entries -> origin/mock-llm-dataplex-entries
validations	UNKNOWN STEP	2026-02-22T17:01:29.3550292Z  * [new branch]            mock-llm-dataplex-entry-groups -> origin/mock-llm-dataplex-entry-groups
validations	UNKNOWN STEP	2026-02-22T17:01:29.3551013Z  * [new branch]            mock-llm-dataplex-entry-types -> origin/mock-llm-dataplex-entry-types
validations	UNKNOWN STEP	2026-02-22T17:01:29.3551731Z  * [new branch]            mock-llm-dataplex-environments -> origin/mock-llm-dataplex-environments
validations	UNKNOWN STEP	2026-02-22T17:01:29.3552385Z  * [new branch]            mock-llm-dataplex-lakes -> origin/mock-llm-dataplex-lakes
validations	UNKNOWN STEP	2026-02-22T17:01:29.3552982Z  * [new branch]            mock-llm-dataplex-tasks -> origin/mock-llm-dataplex-tasks
validations	UNKNOWN STEP	2026-02-22T17:01:29.3553629Z  * [new branch]            mock-llm-dataplex-tasks-jobs -> origin/mock-llm-dataplex-tasks-jobs
validations	UNKNOWN STEP	2026-02-22T17:01:29.3554269Z  * [new branch]            mock-llm-dataplex-zones -> origin/mock-llm-dataplex-zones
validations	UNKNOWN STEP	2026-02-22T17:01:29.3555050Z  * [new branch]            mock-llm-dataproc-autoscaling-policies -> origin/mock-llm-dataproc-autoscaling-policies
validations	UNKNOWN STEP	2026-02-22T17:01:29.3556019Z  * [new branch]            mock-llm-dataproc-batches -> origin/mock-llm-dataproc-batches
validations	UNKNOWN STEP	2026-02-22T17:01:29.3556680Z  * [new branch]            mock-llm-dataproc-clusters -> origin/mock-llm-dataproc-clusters
validations	UNKNOWN STEP	2026-02-22T17:01:29.3557306Z  * [new branch]            mock-llm-dataproc-jobs  -> origin/mock-llm-dataproc-jobs
validations	UNKNOWN STEP	2026-02-22T17:01:29.3557960Z  * [new branch]            mock-llm-dataproc-node-groups -> origin/mock-llm-dataproc-node-groups
validations	UNKNOWN STEP	2026-02-22T17:01:29.3558669Z  * [new branch]            mock-llm-dataproc-operations -> origin/mock-llm-dataproc-operations
validations	UNKNOWN STEP	2026-02-22T17:01:29.3559446Z  * [new branch]            mock-llm-dataproc-workflow-templates -> origin/mock-llm-dataproc-workflow-templates
validations	UNKNOWN STEP	2026-02-22T17:01:29.3560190Z  * [new branch]            mock-llm-datastore-indexes -> origin/mock-llm-datastore-indexes
validations	UNKNOWN STEP	2026-02-22T17:01:29.3560884Z  * [new branch]            mock-llm-datastore-operations -> origin/mock-llm-datastore-operations
validations	UNKNOWN STEP	2026-02-22T17:01:29.3561702Z  * [new branch]            mock-llm-datastream-connection-profiles -> origin/mock-llm-datastream-connection-profiles
validations	UNKNOWN STEP	2026-02-22T17:01:29.3562643Z  * [new branch]            mock-llm-datastream-locations -> origin/mock-llm-datastream-locations
validations	UNKNOWN STEP	2026-02-22T17:01:29.3563335Z  * [new branch]            mock-llm-datastream-objects -> origin/mock-llm-datastream-objects
validations	UNKNOWN STEP	2026-02-22T17:01:29.3564047Z  * [new branch]            mock-llm-datastream-operations -> origin/mock-llm-datastream-operations
validations	UNKNOWN STEP	2026-02-22T17:01:29.3564868Z  * [new branch]            mock-llm-datastream-private-connections -> origin/mock-llm-datastream-private-connections
validations	UNKNOWN STEP	2026-02-22T17:01:29.3565858Z  * [new branch]            mock-llm-datastream-routes -> origin/mock-llm-datastream-routes
validations	UNKNOWN STEP	2026-02-22T17:01:29.3566544Z  * [new branch]            mock-llm-datastream-streams -> origin/mock-llm-datastream-streams
validations	UNKNOWN STEP	2026-02-22T17:01:29.3567258Z  * [new branch]            mock-llm-deploy-automation-runs -> origin/mock-llm-deploy-automation-runs
validations	UNKNOWN STEP	2026-02-22T17:01:29.3567983Z  * [new branch]            mock-llm-deploy-automations -> origin/mock-llm-deploy-automations
validations	UNKNOWN STEP	2026-02-22T17:01:29.3568744Z  * [new branch]            mock-llm-deploy-custom-target-types -> origin/mock-llm-deploy-custom-target-types
validations	UNKNOWN STEP	2026-02-22T17:01:29.3569562Z  * [new branch]            mock-llm-deploy-delivery-pipelines -> origin/mock-llm-deploy-delivery-pipelines
validations	UNKNOWN STEP	2026-02-22T17:01:29.3570342Z  * [new branch]            mock-llm-deploy-deploy-policies -> origin/mock-llm-deploy-deploy-policies
validations	UNKNOWN STEP	2026-02-22T17:01:29.3571021Z  * [new branch]            mock-llm-deploy-job-runs -> origin/mock-llm-deploy-job-runs
validations	UNKNOWN STEP	2026-02-22T17:01:29.3571639Z  * [new branch]            mock-llm-deploy-releases -> origin/mock-llm-deploy-releases
validations	UNKNOWN STEP	2026-02-22T17:01:29.3572247Z  * [new branch]            mock-llm-deploy-rollouts -> origin/mock-llm-deploy-rollouts
validations	UNKNOWN STEP	2026-02-22T17:01:29.3572849Z  * [new branch]            mock-llm-deploy-targets -> origin/mock-llm-deploy-targets
validations	UNKNOWN STEP	2026-02-22T17:01:29.3573751Z  * [new branch]            mock-llm-deployment-manager-deployments -> origin/mock-llm-deployment-manager-deployments
validations	UNKNOWN STEP	2026-02-22T17:01:29.3574649Z  * [new branch]            mock-llm-deployment-manager-manifests -> origin/mock-llm-deployment-manager-manifests
validations	UNKNOWN STEP	2026-02-22T17:01:29.3575669Z  * [new branch]            mock-llm-deployment-manager-operations -> origin/mock-llm-deployment-manager-operations
validations	UNKNOWN STEP	2026-02-22T17:01:29.3576558Z  * [new branch]            mock-llm-deployment-manager-resources -> origin/mock-llm-deployment-manager-resources
validations	UNKNOWN STEP	2026-02-22T17:01:29.3577421Z  * [new branch]            mock-llm-developer-connect-connections -> origin/mock-llm-developer-connect-connections
validations	UNKNOWN STEP	2026-02-22T17:01:29.3578534Z  * [new branch]            mock-llm-developer-connect-connections-git-repository-links -> origin/mock-llm-developer-connect-connections-git-repository-links
validations	UNKNOWN STEP	2026-02-22T17:01:29.3579604Z  * [new branch]            mock-llm-developer-connect-operations -> origin/mock-llm-developer-connect-operations
validations	UNKNOWN STEP	2026-02-22T17:01:29.3580319Z  * [new branch]            mock-llm-dns-dns-keys   -> origin/mock-llm-dns-dns-keys
validations	UNKNOWN STEP	2026-02-22T17:01:29.3580946Z  * [new branch]            mock-llm-dns-managed-zones -> origin/mock-llm-dns-managed-zones
validations	UNKNOWN STEP	2026-02-22T17:01:29.3581565Z  * [new branch]            mock-llm-dns-operations -> origin/mock-llm-dns-operations
validations	UNKNOWN STEP	2026-02-22T17:01:29.3582157Z  * [new branch]            mock-llm-dns-policies   -> origin/mock-llm-dns-policies
validations	UNKNOWN STEP	2026-02-22T17:01:29.3582762Z  * [new branch]            mock-llm-dns-project-info -> origin/mock-llm-dns-project-info
validations	UNKNOWN STEP	2026-02-22T17:01:29.3583384Z  * [new branch]            mock-llm-dns-record-sets -> origin/mock-llm-dns-record-sets
validations	UNKNOWN STEP	2026-02-22T17:01:29.3584077Z  * [new branch]            mock-llm-dns-record-sets-changes -> origin/mock-llm-dns-record-sets-changes
validations	UNKNOWN STEP	2026-02-22T17:01:29.3584883Z  * [new branch]            mock-llm-dns-record-sets-transaction -> origin/mock-llm-dns-record-sets-transaction
validations	UNKNOWN STEP	2026-02-22T17:01:29.3585786Z  * [new branch]            mock-llm-dns-response-policies -> origin/mock-llm-dns-response-policies
validations	UNKNOWN STEP	2026-02-22T17:01:29.3586735Z  * [new branch]            mock-llm-dns-response-policies-rules -> origin/mock-llm-dns-response-policies-rules
validations	UNKNOWN STEP	2026-02-22T17:01:29.3587526Z  * [new branch]            mock-llm-domains-registrations -> origin/mock-llm-domains-registrations
validations	UNKNOWN STEP	2026-02-22T17:01:29.3588382Z  * [new branch]            mock-llm-domains-registrations-operations -> origin/mock-llm-domains-registrations-operations
validations	UNKNOWN STEP	2026-02-22T17:01:29.3589180Z  * [new branch]            mock-llm-edge-cache-keysets -> origin/mock-llm-edge-cache-keysets
validations	UNKNOWN STEP	2026-02-22T17:01:29.3589886Z  * [new branch]            mock-llm-edge-cache-operations -> origin/mock-llm-edge-cache-operations
validations	UNKNOWN STEP	2026-02-22T17:01:29.3590575Z  * [new branch]            mock-llm-edge-cache-origins -> origin/mock-llm-edge-cache-origins
validations	UNKNOWN STEP	2026-02-22T17:01:29.3591256Z  * [new branch]            mock-llm-edge-cache-services -> origin/mock-llm-edge-cache-services
validations	UNKNOWN STEP	2026-02-22T17:01:29.3592053Z  * [new branch]            mock-llm-edge-cloud-container-clusters -> origin/mock-llm-edge-cloud-container-clusters
validations	UNKNOWN STEP	2026-02-22T17:01:29.3593055Z  * [new branch]            mock-llm-edge-cloud-container-clusters-node-pools -> origin/mock-llm-edge-cloud-container-clusters-node-pools
validations	UNKNOWN STEP	2026-02-22T17:01:29.3594040Z  * [new branch]            mock-llm-edge-cloud-container-machines -> origin/mock-llm-edge-cloud-container-machines
validations	UNKNOWN STEP	2026-02-22T17:01:29.3594948Z  * [new branch]            mock-llm-edge-cloud-container-operations -> origin/mock-llm-edge-cloud-container-operations
validations	UNKNOWN STEP	2026-02-22T17:01:29.3596102Z  * [new branch]            mock-llm-edge-cloud-container-regions -> origin/mock-llm-edge-cloud-container-regions
validations	UNKNOWN STEP	2026-02-22T17:01:29.3597065Z  * [new branch]            mock-llm-edge-cloud-container-vpn-connections -> origin/mock-llm-edge-cloud-container-vpn-connections
validations	UNKNOWN STEP	2026-02-22T17:01:29.3597976Z  * [new branch]            mock-llm-edge-cloud-container-zones -> origin/mock-llm-edge-cloud-container-zones
validations	UNKNOWN STEP	2026-02-22T17:01:29.3599033Z  * [new branch]            mock-llm-edge-cloud-networking-interconnects -> origin/mock-llm-edge-cloud-networking-interconnects
validations	UNKNOWN STEP	2026-02-22T17:01:29.3600177Z  * [new branch]            mock-llm-edge-cloud-networking-interconnects-attachments -> origin/mock-llm-edge-cloud-networking-interconnects-attachments
validations	UNKNOWN STEP	2026-02-22T17:01:29.3601226Z  * [new branch]            mock-llm-edge-cloud-networking-networks -> origin/mock-llm-edge-cloud-networking-networks
validations	UNKNOWN STEP	2026-02-22T17:01:29.3602149Z  * [new branch]            mock-llm-edge-cloud-networking-operations -> origin/mock-llm-edge-cloud-networking-operations
validations	UNKNOWN STEP	2026-02-22T17:01:29.3603050Z  * [new branch]            mock-llm-edge-cloud-networking-routers -> origin/mock-llm-edge-cloud-networking-routers
validations	UNKNOWN STEP	2026-02-22T17:01:29.3603923Z  * [new branch]            mock-llm-edge-cloud-networking-subnets -> origin/mock-llm-edge-cloud-networking-subnets
validations	UNKNOWN STEP	2026-02-22T17:01:29.3604684Z  * [new branch]            mock-llm-endpoints-configs -> origin/mock-llm-endpoints-configs
validations	UNKNOWN STEP	2026-02-22T17:01:29.3605385Z  * [new branch]            mock-llm-endpoints-operations -> origin/mock-llm-endpoints-operations
validations	UNKNOWN STEP	2026-02-22T17:01:29.3606242Z  * [new branch]            mock-llm-endpoints-services -> origin/mock-llm-endpoints-services
validations	UNKNOWN STEP	2026-02-22T17:01:29.3606917Z  * [new branch]            mock-llm-essential-contacts -> origin/mock-llm-essential-contacts
validations	UNKNOWN STEP	2026-02-22T17:01:29.3607703Z  * [new branch]            mock-llm-eventarc-channel-connections -> origin/mock-llm-eventarc-channel-connections
validations	UNKNOWN STEP	2026-02-22T17:01:29.3608450Z  * [new branch]            mock-llm-eventarc-channels -> origin/mock-llm-eventarc-channels
validations	UNKNOWN STEP	2026-02-22T17:01:29.3609170Z  * [new branch]            mock-llm-eventarc-google-channels -> origin/mock-llm-eventarc-google-channels
validations	UNKNOWN STEP	2026-02-22T17:01:29.3609901Z  * [new branch]            mock-llm-eventarc-providers -> origin/mock-llm-eventarc-providers
validations	UNKNOWN STEP	2026-02-22T17:01:29.3610590Z  * [new branch]            mock-llm-eventarc-triggers -> origin/mock-llm-eventarc-triggers
validations	UNKNOWN STEP	2026-02-22T17:01:29.3611252Z  * [new branch]            mock-llm-filestore-backups -> origin/mock-llm-filestore-backups
validations	UNKNOWN STEP	2026-02-22T17:01:29.3612089Z  * [new branch]            mock-llm-filestore-instances -> origin/mock-llm-filestore-instances
validations	UNKNOWN STEP	2026-02-22T17:01:29.3612885Z  * [new branch]            mock-llm-filestore-instances-snapshots -> origin/mock-llm-filestore-instances-snapshots
validations	UNKNOWN STEP	2026-02-22T17:01:29.3613664Z  * [new branch]            mock-llm-filestore-locations -> origin/mock-llm-filestore-locations
validations	UNKNOWN STEP	2026-02-22T17:01:29.3614363Z  * [new branch]            mock-llm-filestore-operations -> origin/mock-llm-filestore-operations
validations	UNKNOWN STEP	2026-02-22T17:01:29.3615167Z  * [new branch]            mock-llm-firebase-test-android-locales -> origin/mock-llm-firebase-test-android-locales
validations	UNKNOWN STEP	2026-02-22T17:01:29.3616143Z  * [new branch]            mock-llm-firebase-test-android-models -> origin/mock-llm-firebase-test-android-models
validations	UNKNOWN STEP	2026-02-22T17:01:29.3617023Z  * [new branch]            mock-llm-firebase-test-android-versions -> origin/mock-llm-firebase-test-android-versions
validations	UNKNOWN STEP	2026-02-22T17:01:29.3617871Z  * [new branch]            mock-llm-firebase-test-ios-locales -> origin/mock-llm-firebase-test-ios-locales
validations	UNKNOWN STEP	2026-02-22T17:01:29.3618662Z  * [new branch]            mock-llm-firebase-test-ios-models -> origin/mock-llm-firebase-test-ios-models
validations	UNKNOWN STEP	2026-02-22T17:01:29.3619460Z  * [new branch]            mock-llm-firebase-test-ios-versions -> origin/mock-llm-firebase-test-ios-versions
validations	UNKNOWN STEP	2026-02-22T17:01:29.3620316Z  * [new branch]            mock-llm-firebase-test-network-profiles -> origin/mock-llm-firebase-test-network-profiles
validations	UNKNOWN STEP	2026-02-22T17:01:29.3621078Z  * [new branch]            mock-llm-firestore-backups -> origin/mock-llm-firestore-backups
validations	UNKNOWN STEP	2026-02-22T17:01:29.3621844Z  * [new branch]            mock-llm-firestore-backups-schedules -> origin/mock-llm-firestore-backups-schedules
validations	UNKNOWN STEP	2026-02-22T17:01:29.3622604Z  * [new branch]            mock-llm-firestore-databases -> origin/mock-llm-firestore-databases
validations	UNKNOWN STEP	2026-02-22T17:01:29.3623497Z  * [new branch]            mock-llm-firestore-indexes-composite -> origin/mock-llm-firestore-indexes-composite
validations	UNKNOWN STEP	2026-02-22T17:01:29.3624326Z  * [new branch]            mock-llm-firestore-indexes-fields -> origin/mock-llm-firestore-indexes-fields
validations	UNKNOWN STEP	2026-02-22T17:01:29.3625072Z  * [new branch]            mock-llm-firestore-operations -> origin/mock-llm-firestore-operations
validations	UNKNOWN STEP	2026-02-22T17:01:29.3625810Z  * [new branch]            mock-llm-functions      -> origin/mock-llm-functions
validations	UNKNOWN STEP	2026-02-22T17:01:29.3626560Z  * [new branch]            mock-llm-gemini-code-repository-indexes -> origin/mock-llm-gemini-code-repository-indexes
validations	UNKNOWN STEP	2026-02-22T17:01:29.3627658Z  * [new branch]            mock-llm-gemini-code-repository-indexes-repository-groups -> origin/mock-llm-gemini-code-repository-indexes-repository-groups
validations	UNKNOWN STEP	2026-02-22T17:01:29.3628588Z  * [new branch]            mock-llm-gemini-operations -> origin/mock-llm-gemini-operations
validations	UNKNOWN STEP	2026-02-22T17:01:29.3629325Z  * [new branch]            mock-llm-healthcare-consent-stores -> origin/mock-llm-healthcare-consent-stores
validations	UNKNOWN STEP	2026-02-22T17:01:29.3630079Z  * [new branch]            mock-llm-healthcare-datasets -> origin/mock-llm-healthcare-datasets
validations	UNKNOWN STEP	2026-02-22T17:01:29.3630818Z  * [new branch]            mock-llm-healthcare-dicom-stores -> origin/mock-llm-healthcare-dicom-stores
validations	UNKNOWN STEP	2026-02-22T17:01:29.3631567Z  * [new branch]            mock-llm-healthcare-fhir-stores -> origin/mock-llm-healthcare-fhir-stores
validations	UNKNOWN STEP	2026-02-22T17:01:29.3632319Z  * [new branch]            mock-llm-healthcare-hl7v2-stores -> origin/mock-llm-healthcare-hl7v2-stores
validations	UNKNOWN STEP	2026-02-22T17:01:29.3633056Z  * [new branch]            mock-llm-healthcare-operations -> origin/mock-llm-healthcare-operations
validations	UNKNOWN STEP	2026-02-22T17:01:29.3633793Z  * [new branch]            mock-llm-iam-oauth-clients -> origin/mock-llm-iam-oauth-clients
validations	UNKNOWN STEP	2026-02-22T17:01:29.3634579Z  * [new branch]            mock-llm-iam-oauth-clients-credentials -> origin/mock-llm-iam-oauth-clients-credentials
validations	UNKNOWN STEP	2026-02-22T17:01:29.3635355Z  * [new branch]            mock-llm-iam-policy-bindings -> origin/mock-llm-iam-policy-bindings
validations	UNKNOWN STEP	2026-02-22T17:01:29.3636366Z  * [new branch]            mock-llm-iam-principal-access-boundary-policies -> origin/mock-llm-iam-principal-access-boundary-policies
validations	UNKNOWN STEP	2026-02-22T17:01:29.3637291Z  * [new branch]            mock-llm-iam-roles      -> origin/mock-llm-iam-roles
validations	UNKNOWN STEP	2026-02-22T17:01:29.3637942Z  * [new branch]            mock-llm-iam-service-accounts -> origin/mock-llm-iam-service-accounts
validations	UNKNOWN STEP	2026-02-22T17:01:29.3638638Z  * [new branch]            mock-llm-iam-workforce-pools -> origin/mock-llm-iam-workforce-pools
validations	UNKNOWN STEP	2026-02-22T17:01:29.3639454Z  * [new branch]            mock-llm-iam-workforce-pools-operations -> origin/mock-llm-iam-workforce-pools-operations
validations	UNKNOWN STEP	2026-02-22T17:01:29.3640352Z  * [new branch]            mock-llm-iam-workforce-pools-providers -> origin/mock-llm-iam-workforce-pools-providers
validations	UNKNOWN STEP	2026-02-22T17:01:29.3641286Z  * [new branch]            mock-llm-iam-workforce-pools-providers-keys -> origin/mock-llm-iam-workforce-pools-providers-keys
validations	UNKNOWN STEP	2026-02-22T17:01:29.3642384Z  * [new branch]            mock-llm-iam-workforce-pools-providers-keys-operations -> origin/mock-llm-iam-workforce-pools-providers-keys-operations
validations	UNKNOWN STEP	2026-02-22T17:01:29.3643529Z  * [new branch]            mock-llm-iam-workforce-pools-providers-operations -> origin/mock-llm-iam-workforce-pools-providers-operations
validations	UNKNOWN STEP	2026-02-22T17:01:29.3644602Z  * [new branch]            mock-llm-iam-workforce-pools-subjects-operations -> origin/mock-llm-iam-workforce-pools-subjects-operations
validations	UNKNOWN STEP	2026-02-22T17:01:29.3645672Z  * [new branch]            mock-llm-iam-workload-identity-pools -> origin/mock-llm-iam-workload-identity-pools
validations	UNKNOWN STEP	2026-02-22T17:01:29.3646642Z  * [new branch]            mock-llm-iam-workload-identity-pools-operations -> origin/mock-llm-iam-workload-identity-pools-operations
validations	UNKNOWN STEP	2026-02-22T17:01:29.3647686Z  * [new branch]            mock-llm-iam-workload-identity-pools-providers -> origin/mock-llm-iam-workload-identity-pools-providers
validations	UNKNOWN STEP	2026-02-22T17:01:29.3648905Z  * [new branch]            mock-llm-iam-workload-identity-pools-providers-keys -> origin/mock-llm-iam-workload-identity-pools-providers-keys
validations	UNKNOWN STEP	2026-02-22T17:01:29.3650167Z  * [new branch]            mock-llm-iam-workload-identity-pools-providers-keys-operations -> origin/mock-llm-iam-workload-identity-pools-providers-keys-operations
validations	UNKNOWN STEP	2026-02-22T17:01:29.3651474Z  * [new branch]            mock-llm-iam-workload-identity-pools-providers-operations -> origin/mock-llm-iam-workload-identity-pools-providers-operations
validations	UNKNOWN STEP	2026-02-22T17:01:29.3652396Z  * [new branch]            mock-llm-iap-oauth-brands -> origin/mock-llm-iap-oauth-brands
validations	UNKNOWN STEP	2026-02-22T17:01:29.3653046Z  * [new branch]            mock-llm-iap-oauth-clients -> origin/mock-llm-iap-oauth-clients
validations	UNKNOWN STEP	2026-02-22T17:01:29.3653723Z  * [new branch]            mock-llm-iap-tcp-dest-groups -> origin/mock-llm-iap-tcp-dest-groups
validations	UNKNOWN STEP	2026-02-22T17:01:29.3654373Z  * [new branch]            mock-llm-identity-groups -> origin/mock-llm-identity-groups
validations	UNKNOWN STEP	2026-02-22T17:01:29.3655124Z  * [new branch]            mock-llm-identity-groups-memberships -> origin/mock-llm-identity-groups-memberships
validations	UNKNOWN STEP	2026-02-22T17:01:29.3655947Z  * [new branch]            mock-llm-ids-endpoints  -> origin/mock-llm-ids-endpoints
validations	UNKNOWN STEP	2026-02-22T17:01:29.3656687Z  * [new branch]            mock-llm-immersive-stream-xr-contents -> origin/mock-llm-immersive-stream-xr-contents
validations	UNKNOWN STEP	2026-02-22T17:01:29.3657556Z  * [new branch]            mock-llm-immersive-stream-xr-instances -> origin/mock-llm-immersive-stream-xr-instances
validations	UNKNOWN STEP	2026-02-22T17:01:29.3658443Z  * [new branch]            mock-llm-immersive-stream-xr-operations -> origin/mock-llm-immersive-stream-xr-operations
validations	UNKNOWN STEP	2026-02-22T17:01:29.3659355Z  * [new branch]            mock-llm-infra-manager-deployments -> origin/mock-llm-infra-manager-deployments
validations	UNKNOWN STEP	2026-02-22T17:01:29.3660136Z  * [new branch]            mock-llm-infra-manager-previews -> origin/mock-llm-infra-manager-previews
validations	UNKNOWN STEP	2026-02-22T17:01:29.3660895Z  * [new branch]            mock-llm-infra-manager-resources -> origin/mock-llm-infra-manager-resources
validations	UNKNOWN STEP	2026-02-22T17:01:29.3661665Z  * [new branch]            mock-llm-infra-manager-revisions -> origin/mock-llm-infra-manager-revisions
validations	UNKNOWN STEP	2026-02-22T17:01:29.3662680Z  * [new branch]            mock-llm-infra-manager-terraform-versions -> origin/mock-llm-infra-manager-terraform-versions
validations	UNKNOWN STEP	2026-02-22T17:01:29.3663439Z  * [new branch]            mock-llm-kms-ekm-config -> origin/mock-llm-kms-ekm-config
validations	UNKNOWN STEP	2026-02-22T17:01:29.3664089Z  * [new branch]            mock-llm-kms-ekm-connections -> origin/mock-llm-kms-ekm-connections
validations	UNKNOWN STEP	2026-02-22T17:01:29.3664735Z  * [new branch]            mock-llm-kms-import-jobs -> origin/mock-llm-kms-import-jobs
validations	UNKNOWN STEP	2026-02-22T17:01:29.3665333Z  * [new branch]            mock-llm-kms-keyrings   -> origin/mock-llm-kms-keyrings
validations	UNKNOWN STEP	2026-02-22T17:01:29.3666001Z  * [new branch]            mock-llm-kms-keys       -> origin/mock-llm-kms-keys
validations	UNKNOWN STEP	2026-02-22T17:01:29.3666605Z  * [new branch]            mock-llm-kms-keys-versions -> origin/mock-llm-kms-keys-versions
validations	UNKNOWN STEP	2026-02-22T17:01:29.3667244Z  * [new branch]            mock-llm-logging-buckets -> origin/mock-llm-logging-buckets
validations	UNKNOWN STEP	2026-02-22T17:01:29.3667845Z  * [new branch]            mock-llm-logging-links  -> origin/mock-llm-logging-links
validations	UNKNOWN STEP	2026-02-22T17:01:29.3668474Z  * [new branch]            mock-llm-logging-locations -> origin/mock-llm-logging-locations
validations	UNKNOWN STEP	2026-02-22T17:01:29.3669101Z  * [new branch]            mock-llm-logging-metrics -> origin/mock-llm-logging-metrics
validations	UNKNOWN STEP	2026-02-22T17:01:29.3669744Z  * [new branch]            mock-llm-logging-operations -> origin/mock-llm-logging-operations
validations	UNKNOWN STEP	2026-02-22T17:01:29.3670382Z  * [new branch]            mock-llm-logging-scopes -> origin/mock-llm-logging-scopes
validations	UNKNOWN STEP	2026-02-22T17:01:29.3670998Z  * [new branch]            mock-llm-logging-settings -> origin/mock-llm-logging-settings
validations	UNKNOWN STEP	2026-02-22T17:01:29.3671605Z  * [new branch]            mock-llm-logging-sinks  -> origin/mock-llm-logging-sinks
validations	UNKNOWN STEP	2026-02-22T17:01:29.3672185Z  * [new branch]            mock-llm-logging-views  -> origin/mock-llm-logging-views
validations	UNKNOWN STEP	2026-02-22T17:01:29.3672921Z  * [new branch]            mock-llm-looker-instances -> origin/mock-llm-looker-instances
validations	UNKNOWN STEP	2026-02-22T17:01:29.3673567Z  * [new branch]            mock-llm-looker-operations -> origin/mock-llm-looker-operations
validations	UNKNOWN STEP	2026-02-22T17:01:29.3674313Z  * [new branch]            mock-llm-managed-kafka-clusters -> origin/mock-llm-managed-kafka-clusters
validations	UNKNOWN STEP	2026-02-22T17:01:29.3675137Z  * [new branch]            mock-llm-managed-kafka-consumer-groups -> origin/mock-llm-managed-kafka-consumer-groups
validations	UNKNOWN STEP	2026-02-22T17:01:29.3676031Z  * [new branch]            mock-llm-managed-kafka-topics -> origin/mock-llm-managed-kafka-topics
validations	UNKNOWN STEP	2026-02-22T17:01:29.3676724Z  * [new branch]            mock-llm-memcache-instances -> origin/mock-llm-memcache-instances
validations	UNKNOWN STEP	2026-02-22T17:01:29.3677402Z  * [new branch]            mock-llm-memcache-operations -> origin/mock-llm-memcache-operations
validations	UNKNOWN STEP	2026-02-22T17:01:29.3678064Z  * [new branch]            mock-llm-memcache-regions -> origin/mock-llm-memcache-regions
validations	UNKNOWN STEP	2026-02-22T17:01:29.3678764Z  * [new branch]            mock-llm-memorystore-instances -> origin/mock-llm-memorystore-instances
validations	UNKNOWN STEP	2026-02-22T17:01:29.3679507Z  * [new branch]            mock-llm-memorystore-operations -> origin/mock-llm-memorystore-operations
validations	UNKNOWN STEP	2026-02-22T17:01:29.3680259Z  * [new branch]            mock-llm-metastore-federations -> origin/mock-llm-metastore-federations
validations	UNKNOWN STEP	2026-02-22T17:01:29.3680973Z  * [new branch]            mock-llm-metastore-locations -> origin/mock-llm-metastore-locations
validations	UNKNOWN STEP	2026-02-22T17:01:29.3681673Z  * [new branch]            mock-llm-metastore-operations -> origin/mock-llm-metastore-operations
validations	UNKNOWN STEP	2026-02-22T17:01:29.3682357Z  * [new branch]            mock-llm-metastore-services -> origin/mock-llm-metastore-services
validations	UNKNOWN STEP	2026-02-22T17:01:29.3683105Z  * [new branch]            mock-llm-metastore-services-backups -> origin/mock-llm-metastore-services-backups
validations	UNKNOWN STEP	2026-02-22T17:01:29.3683935Z  * [new branch]            mock-llm-migration-vms-image-imports -> origin/mock-llm-migration-vms-image-imports
validations	UNKNOWN STEP	2026-02-22T17:01:29.3684851Z  * [new branch]            mock-llm-migration-vms-machine-image-imports -> origin/mock-llm-migration-vms-machine-image-imports
validations	UNKNOWN STEP	2026-02-22T17:01:29.3685892Z  * [new branch]            mock-llm-ml-engine-jobs -> origin/mock-llm-ml-engine-jobs
validations	UNKNOWN STEP	2026-02-22T17:01:29.3686516Z  * [new branch]            mock-llm-ml-engine-models -> origin/mock-llm-ml-engine-models
validations	UNKNOWN STEP	2026-02-22T17:01:29.3687182Z  * [new branch]            mock-llm-ml-engine-operations -> origin/mock-llm-ml-engine-operations
validations	UNKNOWN STEP	2026-02-22T17:01:29.3687859Z  * [new branch]            mock-llm-ml-engine-versions -> origin/mock-llm-ml-engine-versions
validations	UNKNOWN STEP	2026-02-22T17:01:29.3688541Z  * [new branch]            mock-llm-ml-speech-operations -> origin/mock-llm-ml-speech-operations
validations	UNKNOWN STEP	2026-02-22T17:01:29.3689238Z  * [new branch]            mock-llm-ml-video-operations -> origin/mock-llm-ml-video-operations
validations	UNKNOWN STEP	2026-02-22T17:01:29.3689945Z  * [new branch]            mock-llm-monitoring-dashboards -> origin/mock-llm-monitoring-dashboards
validations	UNKNOWN STEP	2026-02-22T17:01:29.3690645Z  * [new branch]            mock-llm-monitoring-snoozes -> origin/mock-llm-monitoring-snoozes
validations	UNKNOWN STEP	2026-02-22T17:01:29.3691311Z  * [new branch]            mock-llm-monitoring-uptime -> origin/mock-llm-monitoring-uptime
validations	UNKNOWN STEP	2026-02-22T17:01:29.3692049Z  * [new branch]            mock-llm-netapp-active-directories -> origin/mock-llm-netapp-active-directories
validations	UNKNOWN STEP	2026-02-22T17:01:29.3692827Z  * [new branch]            mock-llm-netapp-backup-policies -> origin/mock-llm-netapp-backup-policies
validations	UNKNOWN STEP	2026-02-22T17:01:29.3693550Z  * [new branch]            mock-llm-netapp-backup-vaults -> origin/mock-llm-netapp-backup-vaults
validations	UNKNOWN STEP	2026-02-22T17:01:29.3694341Z  * [new branch]            mock-llm-netapp-backup-vaults-backups -> origin/mock-llm-netapp-backup-vaults-backups
validations	UNKNOWN STEP	2026-02-22T17:01:29.3695097Z  * [new branch]            mock-llm-netapp-kms-configs -> origin/mock-llm-netapp-kms-configs
validations	UNKNOWN STEP	2026-02-22T17:01:29.3695839Z  * [new branch]            mock-llm-netapp-locations -> origin/mock-llm-netapp-locations
validations	UNKNOWN STEP	2026-02-22T17:01:29.3696490Z  * [new branch]            mock-llm-netapp-operations -> origin/mock-llm-netapp-operations
validations	UNKNOWN STEP	2026-02-22T17:01:29.3697304Z  * [new branch]            mock-llm-netapp-storage-pools -> origin/mock-llm-netapp-storage-pools
validations	UNKNOWN STEP	2026-02-22T17:01:29.3697982Z  * [new branch]            mock-llm-netapp-volumes -> origin/mock-llm-netapp-volumes
validations	UNKNOWN STEP	2026-02-22T17:01:29.3698708Z  * [new branch]            mock-llm-netapp-volumes-quota-rules -> origin/mock-llm-netapp-volumes-quota-rules
validations	UNKNOWN STEP	2026-02-22T17:01:29.3699535Z  * [new branch]            mock-llm-netapp-volumes-replications -> origin/mock-llm-netapp-volumes-replications
validations	UNKNOWN STEP	2026-02-22T17:01:29.3700442Z  * [new branch]            mock-llm-netapp-volumes-snapshots -> origin/mock-llm-netapp-volumes-snapshots
validations	UNKNOWN STEP	2026-02-22T17:01:29.3701243Z  * [new branch]            mock-llm-network-connectivity-hubs -> origin/mock-llm-network-connectivity-hubs
validations	UNKNOWN STEP	2026-02-22T17:01:29.3702113Z  * [new branch]            mock-llm-network-connectivity-hubs-groups -> origin/mock-llm-network-connectivity-hubs-groups
validations	UNKNOWN STEP	2026-02-22T17:01:29.3703120Z  * [new branch]            mock-llm-network-connectivity-hubs-route-tables -> origin/mock-llm-network-connectivity-hubs-route-tables
validations	UNKNOWN STEP	2026-02-22T17:01:29.3704240Z  * [new branch]            mock-llm-network-connectivity-hubs-route-tables-routes -> origin/mock-llm-network-connectivity-hubs-route-tables-routes
validations	UNKNOWN STEP	2026-02-22T17:01:29.3705331Z  * [new branch]            mock-llm-network-connectivity-internal-ranges -> origin/mock-llm-network-connectivity-internal-ranges
validations	UNKNOWN STEP	2026-02-22T17:01:29.3706393Z  * [new branch]            mock-llm-network-connectivity-locations -> origin/mock-llm-network-connectivity-locations
validations	UNKNOWN STEP	2026-02-22T17:01:29.3707298Z  * [new branch]            mock-llm-network-connectivity-operations -> origin/mock-llm-network-connectivity-operations
validations	UNKNOWN STEP	2026-02-22T17:01:29.3708303Z  * [new branch]            mock-llm-network-connectivity-policy-based-routes -> origin/mock-llm-network-connectivity-policy-based-routes
validations	UNKNOWN STEP	2026-02-22T17:01:29.3709385Z  * [new branch]            mock-llm-network-connectivity-regional-endpoints -> origin/mock-llm-network-connectivity-regional-endpoints
validations	UNKNOWN STEP	2026-02-22T17:01:29.3710577Z  * [new branch]            mock-llm-network-connectivity-service-connection-policies -> origin/mock-llm-network-connectivity-service-connection-policies
validations	UNKNOWN STEP	2026-02-22T17:01:29.3711744Z  * [new branch]            mock-llm-network-connectivity-spokes -> origin/mock-llm-network-connectivity-spokes
validations	UNKNOWN STEP	2026-02-22T17:01:29.3712688Z  * [new branch]            mock-llm-network-management-connectivity-tests -> origin/mock-llm-network-management-connectivity-tests
validations	UNKNOWN STEP	2026-02-22T17:01:29.3713638Z  * [new branch]            mock-llm-network-management-operations -> origin/mock-llm-network-management-operations
validations	UNKNOWN STEP	2026-02-22T17:01:29.3714628Z  * [new branch]            mock-llm-network-management-vpc-flow-logs-configs -> origin/mock-llm-network-management-vpc-flow-logs-configs
validations	UNKNOWN STEP	2026-02-22T17:01:29.3715725Z  * [new branch]            mock-llm-network-security-address-groups -> origin/mock-llm-network-security-address-groups
validations	UNKNOWN STEP	2026-02-22T17:01:29.3716821Z  * [new branch]            mock-llm-network-security-firewall-endpoint-associations -> origin/mock-llm-network-security-firewall-endpoint-associations
validations	UNKNOWN STEP	2026-02-22T17:01:29.3717924Z  * [new branch]            mock-llm-network-security-firewall-endpoints -> origin/mock-llm-network-security-firewall-endpoints
validations	UNKNOWN STEP	2026-02-22T17:01:29.3718903Z  * [new branch]            mock-llm-network-security-org-address-groups -> origin/mock-llm-network-security-org-address-groups
validations	UNKNOWN STEP	2026-02-22T17:01:29.3719941Z  * [new branch]            mock-llm-network-security-security-profile-groups -> origin/mock-llm-network-security-security-profile-groups
validations	UNKNOWN STEP	2026-02-22T17:01:29.3720979Z  * [new branch]            mock-llm-network-security-server-tls-policies -> origin/mock-llm-network-security-server-tls-policies
validations	UNKNOWN STEP	2026-02-22T17:01:29.3721962Z  * [new branch]            mock-llm-network-services-endpoint-policies -> origin/mock-llm-network-services-endpoint-policies
validations	UNKNOWN STEP	2026-02-22T17:01:29.3722959Z  * [new branch]            mock-llm-network-services-gateways -> origin/mock-llm-network-services-gateways
validations	UNKNOWN STEP	2026-02-22T17:01:29.3723796Z  * [new branch]            mock-llm-network-services-grpc-routes -> origin/mock-llm-network-services-grpc-routes
validations	UNKNOWN STEP	2026-02-22T17:01:29.3724662Z  * [new branch]            mock-llm-network-services-http-routes -> origin/mock-llm-network-services-http-routes
validations	UNKNOWN STEP	2026-02-22T17:01:29.3725453Z  * [new branch]            mock-llm-network-services-meshes -> origin/mock-llm-network-services-meshes
validations	UNKNOWN STEP	2026-02-22T17:01:29.3726403Z  * [new branch]            mock-llm-network-services-route-views -> origin/mock-llm-network-services-route-views
validations	UNKNOWN STEP	2026-02-22T17:01:29.3727310Z  * [new branch]            mock-llm-network-services-service-bindings -> origin/mock-llm-network-services-service-bindings
validations	UNKNOWN STEP	2026-02-22T17:01:29.3728284Z  * [new branch]            mock-llm-network-services-service-lb-policies -> origin/mock-llm-network-services-service-lb-policies
validations	UNKNOWN STEP	2026-02-22T17:01:29.3729197Z  * [new branch]            mock-llm-network-services-tcp-routes -> origin/mock-llm-network-services-tcp-routes
validations	UNKNOWN STEP	2026-02-22T17:01:29.3730041Z  * [new branch]            mock-llm-network-services-tls-routes -> origin/mock-llm-network-services-tls-routes
validations	UNKNOWN STEP	2026-02-22T17:01:29.3730841Z  * [new branch]            mock-llm-notebooks-environments -> origin/mock-llm-notebooks-environments
validations	UNKNOWN STEP	2026-02-22T17:01:29.3731562Z  * [new branch]            mock-llm-notebooks-instances -> origin/mock-llm-notebooks-instances
validations	UNKNOWN STEP	2026-02-22T17:01:29.3732236Z  * [new branch]            mock-llm-notebooks-runtimes -> origin/mock-llm-notebooks-runtimes
validations	UNKNOWN STEP	2026-02-22T17:01:29.3733094Z  * [new branch]            mock-llm-oracle-database-autonomous-databases -> origin/mock-llm-oracle-database-autonomous-databases
validations	UNKNOWN STEP	2026-02-22T17:01:29.3734215Z  * [new branch]            mock-llm-oracle-database-cloud-exadata-infrastructures -> origin/mock-llm-oracle-database-cloud-exadata-infrastructures
validations	UNKNOWN STEP	2026-02-22T17:01:29.3735271Z  * [new branch]            mock-llm-oracle-database-cloud-vm-clusters -> origin/mock-llm-oracle-database-cloud-vm-clusters
validations	UNKNOWN STEP	2026-02-22T17:01:29.3736257Z  * [new branch]            mock-llm-oracle-database-operations -> origin/mock-llm-oracle-database-operations
validations	UNKNOWN STEP	2026-02-22T17:01:29.3737083Z  * [new branch]            mock-llm-org-policies   -> origin/mock-llm-org-policies
validations	UNKNOWN STEP	2026-02-22T17:01:29.3737674Z  * [new branch]            mock-llm-organizations  -> origin/mock-llm-organizations
validations	UNKNOWN STEP	2026-02-22T17:01:29.3738300Z  * [new branch]            mock-llm-pam-entitlements -> origin/mock-llm-pam-entitlements
validations	UNKNOWN STEP	2026-02-22T17:01:29.3738907Z  * [new branch]            mock-llm-pam-grants     -> origin/mock-llm-pam-grants
validations	UNKNOWN STEP	2026-02-22T17:01:29.3739505Z  * [new branch]            mock-llm-pam-operations -> origin/mock-llm-pam-operations
validations	UNKNOWN STEP	2026-02-22T17:01:29.3740261Z  * [new branch]            mock-llm-preview-config-configurations -> origin/mock-llm-preview-config-configurations
validations	UNKNOWN STEP	2026-02-22T17:01:29.3741072Z  * [new branch]            mock-llm-privateca-certificates -> origin/mock-llm-privateca-certificates
validations	UNKNOWN STEP	2026-02-22T17:01:29.3741761Z  * [new branch]            mock-llm-privateca-pools -> origin/mock-llm-privateca-pools
validations	UNKNOWN STEP	2026-02-22T17:01:29.3742381Z  * [new branch]            mock-llm-privateca-roots -> origin/mock-llm-privateca-roots
validations	UNKNOWN STEP	2026-02-22T17:01:29.3743070Z  * [new branch]            mock-llm-privateca-subordinates -> origin/mock-llm-privateca-subordinates
validations	UNKNOWN STEP	2026-02-22T17:01:29.3743793Z  * [new branch]            mock-llm-privateca-templates -> origin/mock-llm-privateca-templates
validations	UNKNOWN STEP	2026-02-22T17:01:29.3744417Z  * [new branch]            mock-llm-projects       -> origin/mock-llm-projects
validations	UNKNOWN STEP	2026-02-22T17:01:29.3745067Z  * [new branch]            mock-llm-pubsub-lite-operations -> origin/mock-llm-pubsub-lite-operations
validations	UNKNOWN STEP	2026-02-22T17:01:29.3745940Z  * [new branch]            mock-llm-pubsub-lite-reservations -> origin/mock-llm-pubsub-lite-reservations
validations	UNKNOWN STEP	2026-02-22T17:01:29.3746737Z  * [new branch]            mock-llm-pubsub-lite-subscriptions -> origin/mock-llm-pubsub-lite-subscriptions
validations	UNKNOWN STEP	2026-02-22T17:01:29.3747591Z  * [new branch]            mock-llm-pubsub-lite-topics -> origin/mock-llm-pubsub-lite-topics
validations	UNKNOWN STEP	2026-02-22T17:01:29.3748238Z  * [new branch]            mock-llm-pubsub-schemas -> origin/mock-llm-pubsub-schemas
validations	UNKNOWN STEP	2026-02-22T17:01:29.3748865Z  * [new branch]            mock-llm-pubsub-snapshots -> origin/mock-llm-pubsub-snapshots
validations	UNKNOWN STEP	2026-02-22T17:01:29.3749560Z  * [new branch]            mock-llm-pubsub-subscriptions -> origin/mock-llm-pubsub-subscriptions
validations	UNKNOWN STEP	2026-02-22T17:01:29.3750210Z  * [new branch]            mock-llm-pubsub-topics  -> origin/mock-llm-pubsub-topics
validations	UNKNOWN STEP	2026-02-22T17:01:29.3750938Z  * [new branch]            mock-llm-recaptcha-firewall-policies -> origin/mock-llm-recaptcha-firewall-policies
validations	UNKNOWN STEP	2026-02-22T17:01:29.3751653Z  * [new branch]            mock-llm-recaptcha-keys -> origin/mock-llm-recaptcha-keys
validations	UNKNOWN STEP	2026-02-22T17:01:29.3752423Z  * [new branch]            mock-llm-recommender-insight-type-config -> origin/mock-llm-recommender-insight-type-config
validations	UNKNOWN STEP	2026-02-22T17:01:29.3753240Z  * [new branch]            mock-llm-recommender-insights -> origin/mock-llm-recommender-insights
validations	UNKNOWN STEP	2026-02-22T17:01:29.3754032Z  * [new branch]            mock-llm-recommender-recommendations -> origin/mock-llm-recommender-recommendations
validations	UNKNOWN STEP	2026-02-22T17:01:29.3754908Z  * [new branch]            mock-llm-recommender-recommender-config -> origin/mock-llm-recommender-recommender-config
validations	UNKNOWN STEP	2026-02-22T17:01:29.3755746Z  * [new branch]            mock-llm-redis-clusters -> origin/mock-llm-redis-clusters
validations	UNKNOWN STEP	2026-02-22T17:01:29.3756349Z  * [new branch]            mock-llm-redis-instances -> origin/mock-llm-redis-instances
validations	UNKNOWN STEP	2026-02-22T17:01:29.3756975Z  * [new branch]            mock-llm-redis-operations -> origin/mock-llm-redis-operations
validations	UNKNOWN STEP	2026-02-22T17:01:29.3757590Z  * [new branch]            mock-llm-redis-regions  -> origin/mock-llm-redis-regions
validations	UNKNOWN STEP	2026-02-22T17:01:29.3758275Z  * [new branch]            mock-llm-resource-manager-folders -> origin/mock-llm-resource-manager-folders
validations	UNKNOWN STEP	2026-02-22T17:01:29.3759114Z  * [new branch]            mock-llm-resource-manager-org-policies -> origin/mock-llm-resource-manager-org-policies
validations	UNKNOWN STEP	2026-02-22T17:01:29.3759973Z  * [new branch]            mock-llm-resource-manager-tags-keys -> origin/mock-llm-resource-manager-tags-keys
validations	UNKNOWN STEP	2026-02-22T17:01:29.3760933Z  * [new branch]            mock-llm-resource-manager-tags-values -> origin/mock-llm-resource-manager-tags-values
validations	UNKNOWN STEP	2026-02-22T17:01:29.3761702Z  * [new branch]            mock-llm-run-domain-mappings -> origin/mock-llm-run-domain-mappings
validations	UNKNOWN STEP	2026-02-22T17:01:29.3762313Z  * [new branch]            mock-llm-run-jobs       -> origin/mock-llm-run-jobs
validations	UNKNOWN STEP	2026-02-22T17:01:29.3762930Z  * [new branch]            mock-llm-run-jobs-executions -> origin/mock-llm-run-jobs-executions
validations	UNKNOWN STEP	2026-02-22T17:01:29.3763670Z  * [new branch]            mock-llm-run-jobs-executions-tasks -> origin/mock-llm-run-jobs-executions-tasks
validations	UNKNOWN STEP	2026-02-22T17:01:29.3764352Z  * [new branch]            mock-llm-run-revisions  -> origin/mock-llm-run-revisions
validations	UNKNOWN STEP	2026-02-22T17:01:29.3764935Z  * [new branch]            mock-llm-run-services   -> origin/mock-llm-run-services
validations	UNKNOWN STEP	2026-02-22T17:01:29.3765500Z  * [new branch]            mock-llm-scc-assets     -> origin/mock-llm-scc-assets
validations	UNKNOWN STEP	2026-02-22T17:01:29.3766342Z  * [new branch]            mock-llm-scc-iac-validation-reports -> origin/mock-llm-scc-iac-validation-reports
validations	UNKNOWN STEP	2026-02-22T17:01:29.3767187Z  * [new branch]            mock-llm-scc-manage-custom-modules-etd -> origin/mock-llm-scc-manage-custom-modules-etd
validations	UNKNOWN STEP	2026-02-22T17:01:29.3768054Z  * [new branch]            mock-llm-scc-manage-custom-modules-sha -> origin/mock-llm-scc-manage-custom-modules-sha
validations	UNKNOWN STEP	2026-02-22T17:01:29.3768854Z  * [new branch]            mock-llm-scc-manage-services -> origin/mock-llm-scc-manage-services
validations	UNKNOWN STEP	2026-02-22T17:01:29.3769516Z  * [new branch]            mock-llm-scc-notifications -> origin/mock-llm-scc-notifications
validations	UNKNOWN STEP	2026-02-22T17:01:29.3770146Z  * [new branch]            mock-llm-scc-operations -> origin/mock-llm-scc-operations
validations	UNKNOWN STEP	2026-02-22T17:01:29.3770832Z  * [new branch]            mock-llm-scc-posture-deployments -> origin/mock-llm-scc-posture-deployments
validations	UNKNOWN STEP	2026-02-22T17:01:29.3771710Z  * [new branch]            mock-llm-scc-posture-operations -> origin/mock-llm-scc-posture-operations
validations	UNKNOWN STEP	2026-02-22T17:01:29.3772462Z  * [new branch]            mock-llm-scc-posture-templates -> origin/mock-llm-scc-posture-templates
validations	UNKNOWN STEP	2026-02-22T17:01:29.3773110Z  * [new branch]            mock-llm-scc-postures   -> origin/mock-llm-scc-postures
validations	UNKNOWN STEP	2026-02-22T17:01:29.3773684Z  * [new branch]            mock-llm-scc-sources    -> origin/mock-llm-scc-sources
validations	UNKNOWN STEP	2026-02-22T17:01:29.3774268Z  * [new branch]            mock-llm-scheduler-jobs -> origin/mock-llm-scheduler-jobs
validations	UNKNOWN STEP	2026-02-22T17:01:29.3774914Z  * [new branch]            mock-llm-scheduler-locations -> origin/mock-llm-scheduler-locations
validations	UNKNOWN STEP	2026-02-22T17:01:29.3775873Z  * [new branch]            mock-llm-secrets        -> origin/mock-llm-secrets
validations	UNKNOWN STEP	2026-02-22T17:01:29.3776476Z  * [new branch]            mock-llm-secrets-locations -> origin/mock-llm-secrets-locations
validations	UNKNOWN STEP	2026-02-22T17:01:29.3777125Z  * [new branch]            mock-llm-secrets-versions -> origin/mock-llm-secrets-versions
validations	UNKNOWN STEP	2026-02-22T17:01:29.3777873Z  * [new branch]            mock-llm-service-directory-endpoints -> origin/mock-llm-service-directory-endpoints
validations	UNKNOWN STEP	2026-02-22T17:01:29.3778715Z  * [new branch]            mock-llm-service-directory-locations -> origin/mock-llm-service-directory-locations
validations	UNKNOWN STEP	2026-02-22T17:01:29.3779561Z  * [new branch]            mock-llm-service-directory-namespaces -> origin/mock-llm-service-directory-namespaces
validations	UNKNOWN STEP	2026-02-22T17:01:29.3780393Z  * [new branch]            mock-llm-service-directory-services -> origin/mock-llm-service-directory-services
validations	UNKNOWN STEP	2026-02-22T17:01:29.3781335Z  * [new branch]            mock-llm-service-extensions-lb-route-extensions -> origin/mock-llm-service-extensions-lb-route-extensions
validations	UNKNOWN STEP	2026-02-22T17:01:29.3782398Z  * [new branch]            mock-llm-service-extensions-lb-traffic-extensions -> origin/mock-llm-service-extensions-lb-traffic-extensions
validations	UNKNOWN STEP	2026-02-22T17:01:29.3783252Z  * [new branch]            mock-llm-services-api-keys -> origin/mock-llm-services-api-keys
validations	UNKNOWN STEP	2026-02-22T17:01:29.3783934Z  * [new branch]            mock-llm-services-operations -> origin/mock-llm-services-operations
validations	UNKNOWN STEP	2026-02-22T17:01:29.3784927Z  * [new branch]            mock-llm-services-vpc-peerings-operations -> origin/mock-llm-services-vpc-peerings-operations
validations	UNKNOWN STEP	2026-02-22T17:01:29.3785963Z  * [new branch]            mock-llm-source-project-configs -> origin/mock-llm-source-project-configs
validations	UNKNOWN STEP	2026-02-22T17:01:29.3786812Z  * [new branch]            mock-llm-source-repos   -> origin/mock-llm-source-repos
validations	UNKNOWN STEP	2026-02-22T17:01:29.3787417Z  * [new branch]            mock-llm-spanner-backups -> origin/mock-llm-spanner-backups
validations	UNKNOWN STEP	2026-02-22T17:01:29.3788052Z  * [new branch]            mock-llm-spanner-databases -> origin/mock-llm-spanner-databases
validations	UNKNOWN STEP	2026-02-22T17:01:29.3788740Z  * [new branch]            mock-llm-spanner-databases-ddl -> origin/mock-llm-spanner-databases-ddl
validations	UNKNOWN STEP	2026-02-22T17:01:29.3789501Z  * [new branch]            mock-llm-spanner-instance-configs -> origin/mock-llm-spanner-instance-configs
validations	UNKNOWN STEP	2026-02-22T17:01:29.3790218Z  * [new branch]            mock-llm-spanner-instances -> origin/mock-llm-spanner-instances
validations	UNKNOWN STEP	2026-02-22T17:01:29.3790887Z  * [new branch]            mock-llm-spanner-operations -> origin/mock-llm-spanner-operations
validations	UNKNOWN STEP	2026-02-22T17:01:29.3791504Z  * [new branch]            mock-llm-sql-backups    -> origin/mock-llm-sql-backups
validations	UNKNOWN STEP	2026-02-22T17:01:29.3792080Z  * [new branch]            mock-llm-sql-databases  -> origin/mock-llm-sql-databases
validations	UNKNOWN STEP	2026-02-22T17:01:29.3792665Z  * [new branch]            mock-llm-sql-instances  -> origin/mock-llm-sql-instances
validations	UNKNOWN STEP	2026-02-22T17:01:29.3793251Z  * [new branch]            mock-llm-sql-operations -> origin/mock-llm-sql-operations
validations	UNKNOWN STEP	2026-02-22T17:01:29.3793843Z  * [new branch]            mock-llm-sql-ssl-certs  -> origin/mock-llm-sql-ssl-certs
validations	UNKNOWN STEP	2026-02-22T17:01:29.3794491Z  * [new branch]            mock-llm-sql-ssl-client-certs -> origin/mock-llm-sql-ssl-client-certs
validations	UNKNOWN STEP	2026-02-22T17:01:29.3795119Z  * [new branch]            mock-llm-sql-users      -> origin/mock-llm-sql-users
validations	UNKNOWN STEP	2026-02-22T17:01:29.3795966Z  * [new branch]            mock-llm-storage-buckets -> origin/mock-llm-storage-buckets
validations	UNKNOWN STEP	2026-02-22T17:01:29.3796762Z  * [new branch]            mock-llm-storage-buckets-notifications -> origin/mock-llm-storage-buckets-notifications
validations	UNKNOWN STEP	2026-02-22T17:01:29.3797507Z  * [new branch]            mock-llm-storage-folders -> origin/mock-llm-storage-folders
validations	UNKNOWN STEP	2026-02-22T17:01:29.3798103Z  * [new branch]            mock-llm-storage-hmac   -> origin/mock-llm-storage-hmac
validations	UNKNOWN STEP	2026-02-22T17:01:29.3798902Z  * [new branch]            mock-llm-storage-insights-inventory-reports -> origin/mock-llm-storage-insights-inventory-reports
validations	UNKNOWN STEP	2026-02-22T17:01:29.3799972Z  * [new branch]            mock-llm-storage-insights-inventory-reports-details -> origin/mock-llm-storage-insights-inventory-reports-details
validations	UNKNOWN STEP	2026-02-22T17:01:29.3800898Z  * [new branch]            mock-llm-storage-managed-folders -> origin/mock-llm-storage-managed-folders
validations	UNKNOWN STEP	2026-02-22T17:01:29.3801581Z  * [new branch]            mock-llm-storage-objects -> origin/mock-llm-storage-objects
validations	UNKNOWN STEP	2026-02-22T17:01:29.3802229Z  * [new branch]            mock-llm-storage-operations -> origin/mock-llm-storage-operations
validations	UNKNOWN STEP	2026-02-22T17:01:29.3802830Z  * [new branch]            mock-llm-tasks          -> origin/mock-llm-tasks
validations	UNKNOWN STEP	2026-02-22T17:01:29.3803423Z  * [new branch]            mock-llm-tasks-cmek-config -> origin/mock-llm-tasks-cmek-config
validations	UNKNOWN STEP	2026-02-22T17:01:29.3804050Z  * [new branch]            mock-llm-tasks-locations -> origin/mock-llm-tasks-locations
validations	UNKNOWN STEP	2026-02-22T17:01:29.3804650Z  * [new branch]            mock-llm-tasks-queues   -> origin/mock-llm-tasks-queues
validations	UNKNOWN STEP	2026-02-22T17:01:29.3805371Z  * [new branch]            mock-llm-telco-automation-operations -> origin/mock-llm-telco-automation-operations
validations	UNKNOWN STEP	2026-02-22T17:01:29.3806471Z  * [new branch]            mock-llm-telco-automation-orchestration-cluster -> origin/mock-llm-telco-automation-orchestration-cluster
validations	UNKNOWN STEP	2026-02-22T17:01:29.3807296Z  * [new branch]            mock-llm-transcoder-jobs -> origin/mock-llm-transcoder-jobs
validations	UNKNOWN STEP	2026-02-22T17:01:29.3807962Z  * [new branch]            mock-llm-transcoder-templates -> origin/mock-llm-transcoder-templates
validations	UNKNOWN STEP	2026-02-22T17:01:29.3808807Z  * [new branch]            mock-llm-transfer-agent-pools -> origin/mock-llm-transfer-agent-pools
validations	UNKNOWN STEP	2026-02-22T17:01:29.3809448Z  * [new branch]            mock-llm-transfer-jobs  -> origin/mock-llm-transfer-jobs
validations	UNKNOWN STEP	2026-02-22T17:01:29.3810109Z  * [new branch]            mock-llm-transfer-operations -> origin/mock-llm-transfer-operations
validations	UNKNOWN STEP	2026-02-22T17:01:29.3810901Z  * [new branch]            mock-llm-vmware-dns-bind-permission -> origin/mock-llm-vmware-dns-bind-permission
validations	UNKNOWN STEP	2026-02-22T17:01:29.3811687Z  * [new branch]            mock-llm-vmware-network-peerings -> origin/mock-llm-vmware-network-peerings
validations	UNKNOWN STEP	2026-02-22T17:01:29.3812451Z  * [new branch]            mock-llm-vmware-network-policies -> origin/mock-llm-vmware-network-policies
validations	UNKNOWN STEP	2026-02-22T17:01:29.3813443Z  * [new branch]            mock-llm-vmware-network-policies-external-access-rules -> origin/mock-llm-vmware-network-policies-external-access-rules
validations	UNKNOWN STEP	2026-02-22T17:01:29.3814329Z  * [new branch]            mock-llm-vmware-networks -> origin/mock-llm-vmware-networks
validations	UNKNOWN STEP	2026-02-22T17:01:29.3814962Z  * [new branch]            mock-llm-vmware-node-types -> origin/mock-llm-vmware-node-types
validations	UNKNOWN STEP	2026-02-22T17:01:29.3815704Z  * [new branch]            mock-llm-vmware-operations -> origin/mock-llm-vmware-operations
validations	UNKNOWN STEP	2026-02-22T17:01:29.3816404Z  * [new branch]            mock-llm-vmware-private-clouds -> origin/mock-llm-vmware-private-clouds
validations	UNKNOWN STEP	2026-02-22T17:01:29.3817224Z  * [new branch]            mock-llm-vmware-private-clouds-clusters -> origin/mock-llm-vmware-private-clouds-clusters
validations	UNKNOWN STEP	2026-02-22T17:01:29.3818201Z  * [new branch]            mock-llm-vmware-private-clouds-clusters-nodes -> origin/mock-llm-vmware-private-clouds-clusters-nodes
validations	UNKNOWN STEP	2026-02-22T17:01:29.3819213Z  * [new branch]            mock-llm-vmware-private-clouds-dns-forwarding -> origin/mock-llm-vmware-private-clouds-dns-forwarding
validations	UNKNOWN STEP	2026-02-22T17:01:29.3820398Z  * [new branch]            mock-llm-vmware-private-clouds-external-addresses -> origin/mock-llm-vmware-private-clouds-external-addresses
validations	UNKNOWN STEP	2026-02-22T17:01:29.3821503Z  * [new branch]            mock-llm-vmware-private-clouds-hcx-activationkeys -> origin/mock-llm-vmware-private-clouds-hcx-activationkeys
validations	UNKNOWN STEP	2026-02-22T17:01:29.3822555Z  * [new branch]            mock-llm-vmware-private-clouds-logging-servers -> origin/mock-llm-vmware-private-clouds-logging-servers
validations	UNKNOWN STEP	2026-02-22T17:01:29.3823726Z  * [new branch]            mock-llm-vmware-private-clouds-management-dns-zone-bindings -> origin/mock-llm-vmware-private-clouds-management-dns-zone-bindings
validations	UNKNOWN STEP	2026-02-22T17:01:29.3824874Z  * [new branch]            mock-llm-vmware-private-clouds-nsx-credentials -> origin/mock-llm-vmware-private-clouds-nsx-credentials
validations	UNKNOWN STEP	2026-02-22T17:01:29.3825917Z  * [new branch]            mock-llm-vmware-private-clouds-subnets -> origin/mock-llm-vmware-private-clouds-subnets
validations	UNKNOWN STEP	2026-02-22T17:01:29.3826933Z  * [new branch]            mock-llm-vmware-private-clouds-vcenter-credentials -> origin/mock-llm-vmware-private-clouds-vcenter-credentials
validations	UNKNOWN STEP	2026-02-22T17:01:29.3827896Z  * [new branch]            mock-llm-vmware-private-connections -> origin/mock-llm-vmware-private-connections
validations	UNKNOWN STEP	2026-02-22T17:01:29.3828645Z  * [new branch]            mock-llm-workbench-instances -> origin/mock-llm-workbench-instances
validations	UNKNOWN STEP	2026-02-22T17:01:29.3829267Z  * [new branch]            mock-llm-workflows      -> origin/mock-llm-workflows
validations	UNKNOWN STEP	2026-02-22T17:01:29.3829905Z  * [new branch]            mock-llm-workflows-executions -> origin/mock-llm-workflows-executions
validations	UNKNOWN STEP	2026-02-22T17:01:29.3830714Z  * [new branch]            mock-llm-workspace-add-ons-deployments -> origin/mock-llm-workspace-add-ons-deployments
validations	UNKNOWN STEP	2026-02-22T17:01:29.3831438Z  * [new branch]            mock-llm-workstations   -> origin/mock-llm-workstations
validations	UNKNOWN STEP	2026-02-22T17:01:29.3832094Z  * [new branch]            mock-llm-workstations-clusters -> origin/mock-llm-workstations-clusters
validations	UNKNOWN STEP	2026-02-22T17:01:29.3832828Z  * [new branch]            mock-llm-workstations-configs -> origin/mock-llm-workstations-configs
validations	UNKNOWN STEP	2026-02-22T17:01:29.3833619Z  * [new branch]            nicslatts-patch-1       -> origin/nicslatts-patch-1
validations	UNKNOWN STEP	2026-02-22T17:01:29.3834272Z  * [new branch]            operator-upgrade-20240123223027 -> origin/operator-upgrade-20240123223027
validations	UNKNOWN STEP	2026-02-22T17:01:29.3835269Z  * [new branch]            perf-optimize-container-types-slice-11035557299650681384 -> origin/perf-optimize-container-types-slice-11035557299650681384
validations	UNKNOWN STEP	2026-02-22T17:01:29.3836469Z  * [new branch]            perf-optimize-regex-webhook-2306124842705057214 -> origin/perf-optimize-regex-webhook-2306124842705057214
validations	UNKNOWN STEP	2026-02-22T17:01:29.3837459Z  * [new branch]            perf-optimize-text-regex-14751055721610547766 -> origin/perf-optimize-text-regex-14751055721610547766
validations	UNKNOWN STEP	2026-02-22T17:01:29.3838222Z  * [new branch]            propose_tag_1.125.0-rc.1 -> origin/propose_tag_1.125.0-rc.1
validations	UNKNOWN STEP	2026-02-22T17:01:29.3838803Z  * [new branch]            propose_tag_1.126.0     -> origin/propose_tag_1.126.0
validations	UNKNOWN STEP	2026-02-22T17:01:29.3839371Z  * [new branch]            propose_tag_1.126.0-rc.2 -> origin/propose_tag_1.126.0-rc.2
validations	UNKNOWN STEP	2026-02-22T17:01:29.3840228Z  * [new branch]            read-only-resources-design-doc-1288914977485780888 -> origin/read-only-resources-design-doc-1288914977485780888
validations	UNKNOWN STEP	2026-02-22T17:01:29.3841045Z  * [new branch]            refactor-loglink-parent -> origin/refactor-loglink-parent
validations	UNKNOWN STEP	2026-02-22T17:01:29.3841621Z  * [new branch]            refactor-logmocks       -> origin/refactor-logmocks
validations	UNKNOWN STEP	2026-02-22T17:01:29.3842145Z  * [new branch]            release-1.114           -> origin/release-1.114
validations	UNKNOWN STEP	2026-02-22T17:01:29.3842649Z  * [new branch]            release-1.115           -> origin/release-1.115
validations	UNKNOWN STEP	2026-02-22T17:01:29.3843175Z  * [new branch]            release-1.122-node      -> origin/release-1.122-node
validations	UNKNOWN STEP	2026-02-22T17:01:29.3843704Z  * [new branch]            release-1.123.1         -> origin/release-1.123.1
validations	UNKNOWN STEP	2026-02-22T17:01:29.3844358Z  * [new branch]            release-1.124.0         -> origin/release-1.124.0
validations	UNKNOWN STEP	2026-02-22T17:01:29.3844889Z  * [new branch]            release-1.125.0         -> origin/release-1.125.0
validations	UNKNOWN STEP	2026-02-22T17:01:29.3845410Z  * [new branch]            release-1.132           -> origin/release-1.132
validations	UNKNOWN STEP	2026-02-22T17:01:29.3846040Z  * [new branch]            release-1.133           -> origin/release-1.133
validations	UNKNOWN STEP	2026-02-22T17:01:29.3846543Z  * [new branch]            release-1.134           -> origin/release-1.134
validations	UNKNOWN STEP	2026-02-22T17:01:29.3847075Z  * [new branch]            release-1.135           -> origin/release-1.135
validations	UNKNOWN STEP	2026-02-22T17:01:29.3847580Z  * [new branch]            release-1.136           -> origin/release-1.136
validations	UNKNOWN STEP	2026-02-22T17:01:29.3848072Z  * [new branch]            release-1.137           -> origin/release-1.137
validations	UNKNOWN STEP	2026-02-22T17:01:29.3848576Z  * [new branch]            release-1.138           -> origin/release-1.138
validations	UNKNOWN STEP	2026-02-22T17:01:29.3849071Z  * [new branch]            release-1.139           -> origin/release-1.139
validations	UNKNOWN STEP	2026-02-22T17:01:29.3849587Z  * [new branch]            release-1.140           -> origin/release-1.140
validations	UNKNOWN STEP	2026-02-22T17:01:29.3850094Z  * [new branch]            release-1.141           -> origin/release-1.141
validations	UNKNOWN STEP	2026-02-22T17:01:29.3850591Z  * [new branch]            release-1.142           -> origin/release-1.142
validations	UNKNOWN STEP	2026-02-22T17:01:29.3851093Z  * [new branch]            release-1.143           -> origin/release-1.143
validations	UNKNOWN STEP	2026-02-22T17:01:29.3851596Z  * [new branch]            release-1.144           -> origin/release-1.144
validations	UNKNOWN STEP	2026-02-22T17:01:29.3852090Z  * [new branch]            release-1.145           -> origin/release-1.145
validations	UNKNOWN STEP	2026-02-22T17:01:29.3852961Z  * [new branch]            resource-accessapproval-AccessApprovalServiceAccount -> origin/resource-accessapproval-AccessApprovalServiceAccount
validations	UNKNOWN STEP	2026-02-22T17:01:29.3854060Z  * [new branch]            resource-accessapproval-AccessApprovalSettings -> origin/resource-accessapproval-AccessApprovalSettings
validations	UNKNOWN STEP	2026-02-22T17:01:29.3855037Z  * [new branch]            resource-accessapproval-ApprovalRequest -> origin/resource-accessapproval-ApprovalRequest
validations	UNKNOWN STEP	2026-02-22T17:01:29.3856120Z  * [new branch]            resource-advisorynotifications-Notification -> origin/resource-advisorynotifications-Notification
validations	UNKNOWN STEP	2026-02-22T17:01:29.3857205Z  * [new branch]            resource-advisorynotifications-Settings -> origin/resource-advisorynotifications-Settings
validations	UNKNOWN STEP	2026-02-22T17:01:29.3857973Z  * [new branch]            resource-ai-CachedContent -> origin/resource-ai-CachedContent
validations	UNKNOWN STEP	2026-02-22T17:01:29.3858563Z  * [new branch]            resource-ai-Chunk       -> origin/resource-ai-Chunk
validations	UNKNOWN STEP	2026-02-22T17:01:29.3859123Z  * [new branch]            resource-ai-Corpus      -> origin/resource-ai-Corpus
validations	UNKNOWN STEP	2026-02-22T17:01:29.3859691Z  * [new branch]            resource-ai-Document    -> origin/resource-ai-Document
validations	UNKNOWN STEP	2026-02-22T17:01:29.3860236Z  * [new branch]            resource-ai-File        -> origin/resource-ai-File
validations	UNKNOWN STEP	2026-02-22T17:01:29.3860778Z  * [new branch]            resource-ai-Model       -> origin/resource-ai-Model
validations	UNKNOWN STEP	2026-02-22T17:01:29.3861355Z  * [new branch]            resource-ai-Permission  -> origin/resource-ai-Permission
validations	UNKNOWN STEP	2026-02-22T17:01:29.3861972Z  * [new branch]            resource-ai-TunedModel  -> origin/resource-ai-TunedModel
validations	UNKNOWN STEP	2026-02-22T17:01:29.3883483Z  * [new branch]            resource-aiplatform-Annotation -> origin/resource-aiplatform-Annotation
validations	UNKNOWN STEP	2026-02-22T17:01:29.3884339Z  * [new branch]            resource-aiplatform-AnnotationSpec -> origin/resource-aiplatform-AnnotationSpec
validations	UNKNOWN STEP	2026-02-22T17:01:29.3885133Z  * [new branch]            resource-aiplatform-Artifact -> origin/resource-aiplatform-Artifact
validations	UNKNOWN STEP	2026-02-22T17:01:29.3886175Z  * [new branch]            resource-aiplatform-BatchPredictionJob -> origin/resource-aiplatform-BatchPredictionJob
validations	UNKNOWN STEP	2026-02-22T17:01:29.3887046Z  * [new branch]            resource-aiplatform-CachedContent -> origin/resource-aiplatform-CachedContent
validations	UNKNOWN STEP	2026-02-22T17:01:29.3887782Z  * [new branch]            resource-aiplatform-Context -> origin/resource-aiplatform-Context
validations	UNKNOWN STEP	2026-02-22T17:01:29.3888680Z  * [new branch]            resource-aiplatform-CustomJob -> origin/resource-aiplatform-CustomJob
validations	UNKNOWN STEP	2026-02-22T17:01:29.3889429Z  * [new branch]            resource-aiplatform-DataItem -> origin/resource-aiplatform-DataItem
validations	UNKNOWN STEP	2026-02-22T17:01:29.3890207Z  * [new branch]            resource-aiplatform-DataLabelingJob -> origin/resource-aiplatform-DataLabelingJob
validations	UNKNOWN STEP	2026-02-22T17:01:29.3890964Z  * [new branch]            resource-aiplatform-Dataset -> origin/resource-aiplatform-Dataset
validations	UNKNOWN STEP	2026-02-22T17:01:29.3891713Z  * [new branch]            resource-aiplatform-DatasetVersion -> origin/resource-aiplatform-DatasetVersion
validations	UNKNOWN STEP	2026-02-22T17:01:29.3892615Z  * [new branch]            resource-aiplatform-DeploymentResourcePool -> origin/resource-aiplatform-DeploymentResourcePool
validations	UNKNOWN STEP	2026-02-22T17:01:29.3893445Z  * [new branch]            resource-aiplatform-Endpoint -> origin/resource-aiplatform-Endpoint
validations	UNKNOWN STEP	2026-02-22T17:01:29.3894161Z  * [new branch]            resource-aiplatform-EntityType -> origin/resource-aiplatform-EntityType
validations	UNKNOWN STEP	2026-02-22T17:01:29.3894905Z  * [new branch]            resource-aiplatform-Execution -> origin/resource-aiplatform-Execution
validations	UNKNOWN STEP	2026-02-22T17:01:29.3895733Z  * [new branch]            resource-aiplatform-Feature -> origin/resource-aiplatform-Feature
validations	UNKNOWN STEP	2026-02-22T17:01:29.3896494Z  * [new branch]            resource-aiplatform-FeatureGroup -> origin/resource-aiplatform-FeatureGroup
validations	UNKNOWN STEP	2026-02-22T17:01:29.3897386Z  * [new branch]            resource-aiplatform-FeatureOnlineStore -> origin/resource-aiplatform-FeatureOnlineStore
validations	UNKNOWN STEP	2026-02-22T17:01:29.3898233Z  * [new branch]            resource-aiplatform-FeatureView -> origin/resource-aiplatform-FeatureView
validations	UNKNOWN STEP	2026-02-22T17:01:29.3899031Z  * [new branch]            resource-aiplatform-FeatureViewSync -> origin/resource-aiplatform-FeatureViewSync
validations	UNKNOWN STEP	2026-02-22T17:01:29.3899816Z  * [new branch]            resource-aiplatform-Featurestore -> origin/resource-aiplatform-Featurestore
validations	UNKNOWN STEP	2026-02-22T17:01:29.3900716Z  * [new branch]            resource-aiplatform-HyperparameterTuningJob -> origin/resource-aiplatform-HyperparameterTuningJob
validations	UNKNOWN STEP	2026-02-22T17:01:29.3901513Z  * [new branch]            resource-aiplatform-Index -> origin/resource-aiplatform-Index
validations	UNKNOWN STEP	2026-02-22T17:01:29.3902400Z  * [new branch]            resource-aiplatform-IndexEndpoint -> origin/resource-aiplatform-IndexEndpoint
validations	UNKNOWN STEP	2026-02-22T17:01:29.3903231Z  * [new branch]            resource-aiplatform-MetadataSchema -> origin/resource-aiplatform-MetadataSchema
validations	UNKNOWN STEP	2026-02-22T17:01:29.3904032Z  * [new branch]            resource-aiplatform-MetadataStore -> origin/resource-aiplatform-MetadataStore
validations	UNKNOWN STEP	2026-02-22T17:01:29.3904755Z  * [new branch]            resource-aiplatform-Model -> origin/resource-aiplatform-Model
validations	UNKNOWN STEP	2026-02-22T17:01:29.3905906Z  * [new branch]            resource-aiplatform-ModelDeploymentMonitoringJob -> origin/resource-aiplatform-ModelDeploymentMonitoringJob
validations	UNKNOWN STEP	2026-02-22T17:01:29.3906901Z  * [new branch]            resource-aiplatform-ModelEvaluation -> origin/resource-aiplatform-ModelEvaluation
validations	UNKNOWN STEP	2026-02-22T17:01:29.3907806Z  * [new branch]            resource-aiplatform-ModelEvaluationSlice -> origin/resource-aiplatform-ModelEvaluationSlice
validations	UNKNOWN STEP	2026-02-22T17:01:29.3908592Z  * [new branch]            resource-aiplatform-NasJob -> origin/resource-aiplatform-NasJob
validations	UNKNOWN STEP	2026-02-22T17:01:29.3909343Z  * [new branch]            resource-aiplatform-NasTrialDetail -> origin/resource-aiplatform-NasTrialDetail
validations	UNKNOWN STEP	2026-02-22T17:01:29.3910213Z  * [new branch]            resource-aiplatform-NotebookExecutionJob -> origin/resource-aiplatform-NotebookExecutionJob
validations	UNKNOWN STEP	2026-02-22T17:01:29.3911112Z  * [new branch]            resource-aiplatform-NotebookRuntime -> origin/resource-aiplatform-NotebookRuntime
validations	UNKNOWN STEP	2026-02-22T17:01:29.3912023Z  * [new branch]            resource-aiplatform-NotebookRuntimeTemplate -> origin/resource-aiplatform-NotebookRuntimeTemplate
validations	UNKNOWN STEP	2026-02-22T17:01:29.3912955Z  * [new branch]            resource-aiplatform-PersistentResource -> origin/resource-aiplatform-PersistentResource
validations	UNKNOWN STEP	2026-02-22T17:01:29.3913901Z  * [new branch]            resource-aiplatform-PipelineJob -> origin/resource-aiplatform-PipelineJob
validations	UNKNOWN STEP	2026-02-22T17:01:29.3914712Z  * [new branch]            resource-aiplatform-PublisherModel -> origin/resource-aiplatform-PublisherModel
validations	UNKNOWN STEP	2026-02-22T17:01:29.3915635Z  * [new branch]            resource-aiplatform-ReasoningEngine -> origin/resource-aiplatform-ReasoningEngine
validations	UNKNOWN STEP	2026-02-22T17:01:29.3916373Z  * [new branch]            resource-alloydb-Backup -> origin/resource-alloydb-Backup
validations	UNKNOWN STEP	2026-02-22T17:01:29.3916999Z  * [new branch]            resource-alloydb-Cluster -> origin/resource-alloydb-Cluster
validations	UNKNOWN STEP	2026-02-22T17:01:29.3917691Z  * [new branch]            resource-alloydb-ConnectionInfo -> origin/resource-alloydb-ConnectionInfo
validations	UNKNOWN STEP	2026-02-22T17:01:29.3918381Z  * [new branch]            resource-alloydb-Database -> origin/resource-alloydb-Database
validations	UNKNOWN STEP	2026-02-22T17:01:29.3919162Z  * [new branch]            resource-alloydb-SupportedDatabaseFlag -> origin/resource-alloydb-SupportedDatabaseFlag
validations	UNKNOWN STEP	2026-02-22T17:01:29.3919903Z  * [new branch]            resource-alloydb-User   -> origin/resource-alloydb-User
validations	UNKNOWN STEP	2026-02-22T17:01:29.3920532Z  * [new branch]            resource-analytics-Account -> origin/resource-analytics-Account
validations	UNKNOWN STEP	2026-02-22T17:01:29.3921266Z  * [new branch]            resource-analytics-AccountSummary -> origin/resource-analytics-AccountSummary
validations	UNKNOWN STEP	2026-02-22T17:01:29.3922057Z  * [new branch]            resource-analytics-AudienceExport -> origin/resource-analytics-AudienceExport
validations	UNKNOWN STEP	2026-02-22T17:01:29.3922854Z  * [new branch]            resource-analytics-ConversionEvent -> origin/resource-analytics-ConversionEvent
validations	UNKNOWN STEP	2026-02-22T17:01:29.3923657Z  * [new branch]            resource-analytics-CustomDimension -> origin/resource-analytics-CustomDimension
validations	UNKNOWN STEP	2026-02-22T17:01:29.3924428Z  * [new branch]            resource-analytics-CustomMetric -> origin/resource-analytics-CustomMetric
validations	UNKNOWN STEP	2026-02-22T17:01:29.3925271Z  * [new branch]            resource-analytics-DataRetentionSettings -> origin/resource-analytics-DataRetentionSettings
validations	UNKNOWN STEP	2026-02-22T17:01:29.3926402Z  * [new branch]            resource-analytics-DataSharingSettings -> origin/resource-analytics-DataSharingSettings
validations	UNKNOWN STEP	2026-02-22T17:01:29.3927346Z  * [new branch]            resource-analytics-DataStream -> origin/resource-analytics-DataStream
validations	UNKNOWN STEP	2026-02-22T17:01:29.3928085Z  * [new branch]            resource-analytics-FirebaseLink -> origin/resource-analytics-FirebaseLink
validations	UNKNOWN STEP	2026-02-22T17:01:29.3928847Z  * [new branch]            resource-analytics-GoogleAdsLink -> origin/resource-analytics-GoogleAdsLink
validations	UNKNOWN STEP	2026-02-22T17:01:29.3929567Z  * [new branch]            resource-analytics-KeyEvent -> origin/resource-analytics-KeyEvent
validations	UNKNOWN STEP	2026-02-22T17:01:29.3930424Z  * [new branch]            resource-analytics-MeasurementProtocolSecret -> origin/resource-analytics-MeasurementProtocolSecret
validations	UNKNOWN STEP	2026-02-22T17:01:29.3931246Z  * [new branch]            resource-analytics-Metadata -> origin/resource-analytics-Metadata
validations	UNKNOWN STEP	2026-02-22T17:01:29.3931919Z  * [new branch]            resource-analytics-Property -> origin/resource-analytics-Property
validations	UNKNOWN STEP	2026-02-22T17:01:29.3932534Z  * [new branch]            resource-api-Key        -> origin/resource-api-Key
validations	UNKNOWN STEP	2026-02-22T17:01:29.3933231Z  * [new branch]            resource-api-QuotaAdjusterSettings -> origin/resource-api-QuotaAdjusterSettings
validations	UNKNOWN STEP	2026-02-22T17:01:29.3933931Z  * [new branch]            resource-api-QuotaInfo  -> origin/resource-api-QuotaInfo
validations	UNKNOWN STEP	2026-02-22T17:01:29.3934583Z  * [new branch]            resource-api-QuotaPreference -> origin/resource-api-QuotaPreference
validations	UNKNOWN STEP	2026-02-22T17:01:29.3935218Z  * [new branch]            resource-api-Service    -> origin/resource-api-Service
validations	UNKNOWN STEP	2026-02-22T17:01:29.3935923Z  * [new branch]            resource-apigateway-Api -> origin/resource-apigateway-Api
validations	UNKNOWN STEP	2026-02-22T17:01:29.3936604Z  * [new branch]            resource-apigateway-ApiConfig -> origin/resource-apigateway-ApiConfig
validations	UNKNOWN STEP	2026-02-22T17:01:29.3937301Z  * [new branch]            resource-apigateway-Gateway -> origin/resource-apigateway-Gateway
validations	UNKNOWN STEP	2026-02-22T17:01:29.3938090Z  * [new branch]            resource-apigeeregistry-Api -> origin/resource-apigeeregistry-Api
validations	UNKNOWN STEP	2026-02-22T17:01:29.3938888Z  * [new branch]            resource-apigeeregistry-ApiDeployment -> origin/resource-apigeeregistry-ApiDeployment
validations	UNKNOWN STEP	2026-02-22T17:01:29.3939706Z  * [new branch]            resource-apigeeregistry-ApiSpec -> origin/resource-apigeeregistry-ApiSpec
validations	UNKNOWN STEP	2026-02-22T17:01:29.3940500Z  * [new branch]            resource-apigeeregistry-ApiVersion -> origin/resource-apigeeregistry-ApiVersion
validations	UNKNOWN STEP	2026-02-22T17:01:29.3941295Z  * [new branch]            resource-apigeeregistry-Artifact -> origin/resource-apigeeregistry-Artifact
validations	UNKNOWN STEP	2026-02-22T17:01:29.3942053Z  * [new branch]            resource-apigeeregistry-Instance -> origin/resource-apigeeregistry-Instance
validations	UNKNOWN STEP	2026-02-22T17:01:29.3942713Z  * [new branch]            resource-apihub-Api     -> origin/resource-apihub-Api
validations	UNKNOWN STEP	2026-02-22T17:01:29.3943367Z  * [new branch]            resource-apihub-ApiHubInstance -> origin/resource-apihub-ApiHubInstance
validations	UNKNOWN STEP	2026-02-22T17:01:29.3944088Z  * [new branch]            resource-apihub-ApiOperation -> origin/resource-apihub-ApiOperation
validations	UNKNOWN STEP	2026-02-22T17:01:29.3944759Z  * [new branch]            resource-apihub-Attribute -> origin/resource-apihub-Attribute
validations	UNKNOWN STEP	2026-02-22T17:01:29.3945411Z  * [new branch]            resource-apihub-Definition -> origin/resource-apihub-Definition
validations	UNKNOWN STEP	2026-02-22T17:01:29.3946362Z  * [new branch]            resource-apihub-Dependency -> origin/resource-apihub-Dependency
validations	UNKNOWN STEP	2026-02-22T17:01:29.3947021Z  * [new branch]            resource-apihub-Deployment -> origin/resource-apihub-Deployment
validations	UNKNOWN STEP	2026-02-22T17:01:29.3947688Z  * [new branch]            resource-apihub-ExternalApi -> origin/resource-apihub-ExternalApi
validations	UNKNOWN STEP	2026-02-22T17:01:29.3948499Z  * [new branch]            resource-apihub-HostProjectRegistration -> origin/resource-apihub-HostProjectRegistration
validations	UNKNOWN STEP	2026-02-22T17:01:29.3949245Z  * [new branch]            resource-apihub-Plugin  -> origin/resource-apihub-Plugin
validations	UNKNOWN STEP	2026-02-22T17:01:29.3950070Z  * [new branch]            resource-apihub-RuntimeProjectAttachment -> origin/resource-apihub-RuntimeProjectAttachment
validations	UNKNOWN STEP	2026-02-22T17:01:29.3950819Z  * [new branch]            resource-apihub-Spec    -> origin/resource-apihub-Spec
validations	UNKNOWN STEP	2026-02-22T17:01:29.3951589Z  * [new branch]            resource-apihub-StyleGuide -> origin/resource-apihub-StyleGuide
validations	UNKNOWN STEP	2026-02-22T17:01:29.3952227Z  * [new branch]            resource-apihub-Version -> origin/resource-apihub-Version
validations	UNKNOWN STEP	2026-02-22T17:01:29.3952872Z  * [new branch]            resource-appengine-Instance -> origin/resource-appengine-Instance
validations	UNKNOWN STEP	2026-02-22T17:01:29.3953560Z  * [new branch]            resource-apphub-Application -> origin/resource-apphub-Application
validations	UNKNOWN STEP	2026-02-22T17:01:29.3954297Z  * [new branch]            resource-apphub-DiscoveredService -> origin/resource-apphub-DiscoveredService
validations	UNKNOWN STEP	2026-02-22T17:01:29.3955107Z  * [new branch]            resource-apphub-DiscoveredWorkload -> origin/resource-apphub-DiscoveredWorkload
validations	UNKNOWN STEP	2026-02-22T17:01:29.3956088Z  * [new branch]            resource-apphub-Service -> origin/resource-apphub-Service
validations	UNKNOWN STEP	2026-02-22T17:01:29.3956905Z  * [new branch]            resource-apphub-ServiceProjectAttachment -> origin/resource-apphub-ServiceProjectAttachment
validations	UNKNOWN STEP	2026-02-22T17:01:29.3957687Z  * [new branch]            resource-apphub-Workload -> origin/resource-apphub-Workload
validations	UNKNOWN STEP	2026-02-22T17:01:29.3958285Z  * [new branch]            resource-asset-Asset    -> origin/resource-asset-Asset
validations	UNKNOWN STEP	2026-02-22T17:01:29.3958864Z  * [new branch]            resource-asset-Feed     -> origin/resource-asset-Feed
validations	UNKNOWN STEP	2026-02-22T17:01:29.3959462Z  * [new branch]            resource-asset-SavedQuery -> origin/resource-asset-SavedQuery
validations	UNKNOWN STEP	2026-02-22T17:01:29.3960203Z  * [new branch]            resource-assuredworkloads-Violation -> origin/resource-assuredworkloads-Violation
validations	UNKNOWN STEP	2026-02-22T17:01:29.3961023Z  * [new branch]            resource-assuredworkloads-Workload -> origin/resource-assuredworkloads-Workload
validations	UNKNOWN STEP	2026-02-22T17:01:29.3961792Z  * [new branch]            resource-automl-AnnotationSpec -> origin/resource-automl-AnnotationSpec
validations	UNKNOWN STEP	2026-02-22T17:01:29.3962619Z  * [new branch]            resource-automl-ColumnSpec -> origin/resource-automl-ColumnSpec
validations	UNKNOWN STEP	2026-02-22T17:01:29.3963275Z  * [new branch]            resource-automl-Dataset -> origin/resource-automl-Dataset
validations	UNKNOWN STEP	2026-02-22T17:01:29.3963867Z  * [new branch]            resource-automl-Model   -> origin/resource-automl-Model
validations	UNKNOWN STEP	2026-02-22T17:01:29.3964543Z  * [new branch]            resource-automl-ModelEvaluation -> origin/resource-automl-ModelEvaluation
validations	UNKNOWN STEP	2026-02-22T17:01:29.3965230Z  * [new branch]            resource-automl-TableSpec -> origin/resource-automl-TableSpec
validations	UNKNOWN STEP	2026-02-22T17:01:29.3966052Z  * [new branch]            resource-backupdr-Backup -> origin/resource-backupdr-Backup
validations	UNKNOWN STEP	2026-02-22T17:01:29.3966721Z  * [new branch]            resource-backupdr-BackupPlan -> origin/resource-backupdr-BackupPlan
validations	UNKNOWN STEP	2026-02-22T17:01:29.3967543Z  * [new branch]            resource-backupdr-BackupPlanAssociation -> origin/resource-backupdr-BackupPlanAssociation
validations	UNKNOWN STEP	2026-02-22T17:01:29.3968360Z  * [new branch]            resource-backupdr-BackupVault -> origin/resource-backupdr-BackupVault
validations	UNKNOWN STEP	2026-02-22T17:01:29.3969056Z  * [new branch]            resource-backupdr-DataSource -> origin/resource-backupdr-DataSource
validations	UNKNOWN STEP	2026-02-22T17:01:29.3969820Z  * [new branch]            resource-backupdr-ManagementServer -> origin/resource-backupdr-ManagementServer
validations	UNKNOWN STEP	2026-02-22T17:01:29.3970638Z  * [new branch]            resource-baremetalsolution-Instance -> origin/resource-baremetalsolution-Instance
validations	UNKNOWN STEP	2026-02-22T17:01:29.3971524Z  * [new branch]            resource-baremetalsolution-InstanceConfig -> origin/resource-baremetalsolution-InstanceConfig
validations	UNKNOWN STEP	2026-02-22T17:01:29.3972456Z  * [new branch]            resource-baremetalsolution-InstanceQuota -> origin/resource-baremetalsolution-InstanceQuota
validations	UNKNOWN STEP	2026-02-22T17:01:29.3973268Z  * [new branch]            resource-baremetalsolution-Lun -> origin/resource-baremetalsolution-Lun
validations	UNKNOWN STEP	2026-02-22T17:01:29.3974041Z  * [new branch]            resource-baremetalsolution-Network -> origin/resource-baremetalsolution-Network
validations	UNKNOWN STEP	2026-02-22T17:01:29.3974909Z  * [new branch]            resource-baremetalsolution-NetworkConfig -> origin/resource-baremetalsolution-NetworkConfig
validations	UNKNOWN STEP	2026-02-22T17:01:29.3976039Z  * [new branch]            resource-baremetalsolution-NfsShare -> origin/resource-baremetalsolution-NfsShare
validations	UNKNOWN STEP	2026-02-22T17:01:29.3976849Z  * [new branch]            resource-baremetalsolution-OSImage -> origin/resource-baremetalsolution-OSImage
validations	UNKNOWN STEP	2026-02-22T17:01:29.3977776Z  * [new branch]            resource-baremetalsolution-ProvisioningConfig -> origin/resource-baremetalsolution-ProvisioningConfig
validations	UNKNOWN STEP	2026-02-22T17:01:29.3978784Z  * [new branch]            resource-baremetalsolution-ProvisioningQuota -> origin/resource-baremetalsolution-ProvisioningQuota
validations	UNKNOWN STEP	2026-02-22T17:01:29.3979671Z  * [new branch]            resource-baremetalsolution-SSHKey -> origin/resource-baremetalsolution-SSHKey
validations	UNKNOWN STEP	2026-02-22T17:01:29.3980624Z  * [new branch]            resource-baremetalsolution-ServerNetworkTemplate -> origin/resource-baremetalsolution-ServerNetworkTemplate
validations	UNKNOWN STEP	2026-02-22T17:01:29.3981552Z  * [new branch]            resource-baremetalsolution-Volume -> origin/resource-baremetalsolution-Volume
validations	UNKNOWN STEP	2026-02-22T17:01:29.3982408Z  * [new branch]            resource-baremetalsolution-VolumeConfig -> origin/resource-baremetalsolution-VolumeConfig
validations	UNKNOWN STEP	2026-02-22T17:01:29.3983338Z  * [new branch]            resource-baremetalsolution-VolumeSnapshot -> origin/resource-baremetalsolution-VolumeSnapshot
validations	UNKNOWN STEP	2026-02-22T17:01:29.3984075Z  * [new branch]            resource-batch-Job      -> origin/resource-batch-Job
validations	UNKNOWN STEP	2026-02-22T17:01:29.3984637Z  * [new branch]            resource-batch-Task     -> origin/resource-batch-Task
validations	UNKNOWN STEP	2026-02-22T17:01:29.3985236Z  * [new branch]            resource-batch-TaskGroup -> origin/resource-batch-TaskGroup
validations	UNKNOWN STEP	2026-02-22T17:01:29.3986045Z  * [new branch]            resource-beyondcorp-AppConnection -> origin/resource-beyondcorp-AppConnection
validations	UNKNOWN STEP	2026-02-22T17:01:29.3986827Z  * [new branch]            resource-beyondcorp-AppConnector -> origin/resource-beyondcorp-AppConnector
validations	UNKNOWN STEP	2026-02-22T17:01:29.3987699Z  * [new branch]            resource-beyondcorp-AppGateway -> origin/resource-beyondcorp-AppGateway
validations	UNKNOWN STEP	2026-02-22T17:01:29.3988565Z  * [new branch]            resource-beyondcorp-ClientConnectorService -> origin/resource-beyondcorp-ClientConnectorService
validations	UNKNOWN STEP	2026-02-22T17:01:29.3989440Z  * [new branch]            resource-beyondcorp-ClientGateway -> origin/resource-beyondcorp-ClientGateway
validations	UNKNOWN STEP	2026-02-22T17:01:29.3990184Z  * [new branch]            resource-bigquery-Assignment -> origin/resource-bigquery-Assignment
validations	UNKNOWN STEP	2026-02-22T17:01:29.3990911Z  * [new branch]            resource-bigquery-BiReservation -> origin/resource-bigquery-BiReservation
validations	UNKNOWN STEP	2026-02-22T17:01:29.3991722Z  * [new branch]            resource-bigquery-CapacityCommitment -> origin/resource-bigquery-CapacityCommitment
validations	UNKNOWN STEP	2026-02-22T17:01:29.3992455Z  * [new branch]            resource-bigquery-Catalog -> origin/resource-bigquery-Catalog
validations	UNKNOWN STEP	2026-02-22T17:01:29.3993131Z  * [new branch]            resource-bigquery-Connection -> origin/resource-bigquery-Connection
validations	UNKNOWN STEP	2026-02-22T17:01:29.3993845Z  * [new branch]            resource-bigquery-DataExchange -> origin/resource-bigquery-DataExchange
validations	UNKNOWN STEP	2026-02-22T17:01:29.3994563Z  * [new branch]            resource-bigquery-DataPolicy -> origin/resource-bigquery-DataPolicy
validations	UNKNOWN STEP	2026-02-22T17:01:29.3995253Z  * [new branch]            resource-bigquery-DataSource -> origin/resource-bigquery-DataSource
validations	UNKNOWN STEP	2026-02-22T17:01:29.3996162Z  * [new branch]            resource-bigquery-Database -> origin/resource-bigquery-Database
validations	UNKNOWN STEP	2026-02-22T17:01:29.3996824Z  * [new branch]            resource-bigquery-Listing -> origin/resource-bigquery-Listing
validations	UNKNOWN STEP	2026-02-22T17:01:29.3997546Z  * [new branch]            resource-bigquery-MigrationSubtask -> origin/resource-bigquery-MigrationSubtask
validations	UNKNOWN STEP	2026-02-22T17:01:29.3998372Z  * [new branch]            resource-bigquery-MigrationWorkflow -> origin/resource-bigquery-MigrationWorkflow
validations	UNKNOWN STEP	2026-02-22T17:01:29.3999137Z  * [new branch]            resource-bigquery-ReadSession -> origin/resource-bigquery-ReadSession
validations	UNKNOWN STEP	2026-02-22T17:01:29.3999855Z  * [new branch]            resource-bigquery-ReadStream -> origin/resource-bigquery-ReadStream
validations	UNKNOWN STEP	2026-02-22T17:01:29.4000703Z  * [new branch]            resource-bigquery-Reservation -> origin/resource-bigquery-Reservation
validations	UNKNOWN STEP	2026-02-22T17:01:29.4001358Z  * [new branch]            resource-bigquery-Stream -> origin/resource-bigquery-Stream
validations	UNKNOWN STEP	2026-02-22T17:01:29.4002047Z  * [new branch]            resource-bigquery-Subscription -> origin/resource-bigquery-Subscription
validations	UNKNOWN STEP	2026-02-22T17:01:29.4002738Z  * [new branch]            resource-bigquery-Table -> origin/resource-bigquery-Table
validations	UNKNOWN STEP	2026-02-22T17:01:29.4003432Z  * [new branch]            resource-bigquery-TransferConfig -> origin/resource-bigquery-TransferConfig
validations	UNKNOWN STEP	2026-02-22T17:01:29.4004175Z  * [new branch]            resource-bigquery-TransferRun -> origin/resource-bigquery-TransferRun
validations	UNKNOWN STEP	2026-02-22T17:01:29.4004872Z  * [new branch]            resource-bigquery-WriteStream -> origin/resource-bigquery-WriteStream
validations	UNKNOWN STEP	2026-02-22T17:01:29.4005785Z  * [new branch]            resource-bigtable-AppProfile -> origin/resource-bigtable-AppProfile
validations	UNKNOWN STEP	2026-02-22T17:01:29.4006563Z  * [new branch]            resource-bigtable-AuthorizedView -> origin/resource-bigtable-AuthorizedView
validations	UNKNOWN STEP	2026-02-22T17:01:29.4007255Z  * [new branch]            resource-bigtable-Backup -> origin/resource-bigtable-Backup
validations	UNKNOWN STEP	2026-02-22T17:01:29.4007896Z  * [new branch]            resource-bigtable-Cluster -> origin/resource-bigtable-Cluster
validations	UNKNOWN STEP	2026-02-22T17:01:29.4008545Z  * [new branch]            resource-bigtable-HotTablet -> origin/resource-bigtable-HotTablet
validations	UNKNOWN STEP	2026-02-22T17:01:29.4009207Z  * [new branch]            resource-bigtable-Snapshot -> origin/resource-bigtable-Snapshot
validations	UNKNOWN STEP	2026-02-22T17:01:29.4009842Z  * [new branch]            resource-bigtable-Table -> origin/resource-bigtable-Table
validations	UNKNOWN STEP	2026-02-22T17:01:29.4010563Z  * [new branch]            resource-billing-BillingAccount -> origin/resource-billing-BillingAccount
validations	UNKNOWN STEP	2026-02-22T17:01:29.4011379Z  * [new branch]            resource-billing-Budget -> origin/resource-billing-Budget
validations	UNKNOWN STEP	2026-02-22T17:01:29.4012123Z  * [new branch]            resource-billing-ProjectBillingInfo -> origin/resource-billing-ProjectBillingInfo
validations	UNKNOWN STEP	2026-02-22T17:01:29.4012853Z  * [new branch]            resource-billing-Service -> origin/resource-billing-Service
validations	UNKNOWN STEP	2026-02-22T17:01:29.4013446Z  * [new branch]            resource-billing-Sku    -> origin/resource-billing-Sku
validations	UNKNOWN STEP	2026-02-22T17:01:29.4014181Z  * [new branch]            resource-binaryauthorization-Attestor -> origin/resource-binaryauthorization-Attestor
validations	UNKNOWN STEP	2026-02-22T17:01:29.4015023Z  * [new branch]            resource-binaryauthorization-Policy -> origin/resource-binaryauthorization-Policy
validations	UNKNOWN STEP	2026-02-22T17:01:29.4016064Z  * [new branch]            resource-blockchainnodeengine-BlockchainNode -> origin/resource-blockchainnodeengine-BlockchainNode
validations	UNKNOWN STEP	2026-02-22T17:01:29.4018001Z  * [new branch]            resource-certificatemanager-Certificate -> origin/resource-certificatemanager-Certificate
validations	UNKNOWN STEP	2026-02-22T17:01:29.4019248Z  * [new branch]            resource-certificatemanager-CertificateIssuanceConfig -> origin/resource-certificatemanager-CertificateIssuanceConfig
validations	UNKNOWN STEP	2026-02-22T17:01:29.4020328Z  * [new branch]            resource-certificatemanager-CertificateMap -> origin/resource-certificatemanager-CertificateMap
validations	UNKNOWN STEP	2026-02-22T17:01:29.4021343Z  * [new branch]            resource-certificatemanager-CertificateMapEntry -> origin/resource-certificatemanager-CertificateMapEntry
validations	UNKNOWN STEP	2026-02-22T17:01:29.4022308Z  * [new branch]            resource-certificatemanager-TrustConfig -> origin/resource-certificatemanager-TrustConfig
validations	UNKNOWN STEP	2026-02-22T17:01:29.4023130Z  * [new branch]            resource-channel-BillingAccount -> origin/resource-channel-BillingAccount
validations	UNKNOWN STEP	2026-02-22T17:01:29.4023920Z  * [new branch]            resource-channel-ChannelPartnerLink -> origin/resource-channel-ChannelPartnerLink
validations	UNKNOWN STEP	2026-02-22T17:01:29.4024863Z  * [new branch]            resource-channel-ChannelPartnerRepricingConfig -> origin/resource-channel-ChannelPartnerRepricingConfig
validations	UNKNOWN STEP	2026-02-22T17:01:29.4025801Z  * [new branch]            resource-channel-Customer -> origin/resource-channel-Customer
validations	UNKNOWN STEP	2026-02-22T17:01:29.4026788Z  * [new branch]            resource-channel-CustomerRepricingConfig -> origin/resource-channel-CustomerRepricingConfig
validations	UNKNOWN STEP	2026-02-22T17:01:29.4027585Z  * [new branch]            resource-channel-Entitlement -> origin/resource-channel-Entitlement
validations	UNKNOWN STEP	2026-02-22T17:01:29.4028223Z  * [new branch]            resource-channel-Offer  -> origin/resource-channel-Offer
validations	UNKNOWN STEP	2026-02-22T17:01:29.4028839Z  * [new branch]            resource-channel-Product -> origin/resource-channel-Product
validations	UNKNOWN STEP	2026-02-22T17:01:29.4029454Z  * [new branch]            resource-channel-Report -> origin/resource-channel-Report
validations	UNKNOWN STEP	2026-02-22T17:01:29.4030087Z  * [new branch]            resource-channel-ReportJob -> origin/resource-channel-ReportJob
validations	UNKNOWN STEP	2026-02-22T17:01:29.4030698Z  * [new branch]            resource-channel-Sku    -> origin/resource-channel-Sku
validations	UNKNOWN STEP	2026-02-22T17:01:29.4031305Z  * [new branch]            resource-channel-SkuGroup -> origin/resource-channel-SkuGroup
validations	UNKNOWN STEP	2026-02-22T17:01:29.4031952Z  * [new branch]            resource-cloudbuild-Build -> origin/resource-cloudbuild-Build
validations	UNKNOWN STEP	2026-02-22T17:01:29.4032651Z  * [new branch]            resource-cloudbuild-BuildTrigger -> origin/resource-cloudbuild-BuildTrigger
validations	UNKNOWN STEP	2026-02-22T17:01:29.4033395Z  * [new branch]            resource-cloudbuild-Connection -> origin/resource-cloudbuild-Connection
validations	UNKNOWN STEP	2026-02-22T17:01:29.4034259Z  * [new branch]            resource-cloudbuild-GitHubEnterpriseConfig -> origin/resource-cloudbuild-GitHubEnterpriseConfig
validations	UNKNOWN STEP	2026-02-22T17:01:29.4035089Z  * [new branch]            resource-cloudbuild-Repository -> origin/resource-cloudbuild-Repository
validations	UNKNOWN STEP	2026-02-22T17:01:29.4036305Z  * [new branch]            resource-cloudcontrolspartner-AccessApprovalRequest -> origin/resource-cloudcontrolspartner-AccessApprovalRequest
validations	UNKNOWN STEP	2026-02-22T17:01:29.4037338Z  * [new branch]            resource-cloudcontrolspartner-Customer -> origin/resource-cloudcontrolspartner-Customer
validations	UNKNOWN STEP	2026-02-22T17:01:29.4038425Z  * [new branch]            resource-cloudcontrolspartner-EkmConnections -> origin/resource-cloudcontrolspartner-EkmConnections
validations	UNKNOWN STEP	2026-02-22T17:01:29.4039380Z  * [new branch]            resource-cloudcontrolspartner-Partner -> origin/resource-cloudcontrolspartner-Partner
validations	UNKNOWN STEP	2026-02-22T17:01:29.4040370Z  * [new branch]            resource-cloudcontrolspartner-PartnerPermissions -> origin/resource-cloudcontrolspartner-PartnerPermissions
validations	UNKNOWN STEP	2026-02-22T17:01:29.4041361Z  * [new branch]            resource-cloudcontrolspartner-Violation -> origin/resource-cloudcontrolspartner-Violation
validations	UNKNOWN STEP	2026-02-22T17:01:29.4042263Z  * [new branch]            resource-cloudcontrolspartner-Workload -> origin/resource-cloudcontrolspartner-Workload
validations	UNKNOWN STEP	2026-02-22T17:01:29.4043108Z  * [new branch]            resource-clouddms-ConnectionProfile -> origin/resource-clouddms-ConnectionProfile
validations	UNKNOWN STEP	2026-02-22T17:01:29.4043965Z  * [new branch]            resource-clouddms-ConversionWorkspace -> origin/resource-clouddms-ConversionWorkspace
validations	UNKNOWN STEP	2026-02-22T17:01:29.4044748Z  * [new branch]            resource-clouddms-MappingRule -> origin/resource-clouddms-MappingRule
validations	UNKNOWN STEP	2026-02-22T17:01:29.4045477Z  * [new branch]            resource-clouddms-MigrationJob -> origin/resource-clouddms-MigrationJob
validations	UNKNOWN STEP	2026-02-22T17:01:29.4046541Z  * [new branch]            resource-clouddms-PrivateConnection -> origin/resource-clouddms-PrivateConnection
validations	UNKNOWN STEP	2026-02-22T17:01:29.4047304Z  * [new branch]            resource-commerce-LicensePool -> origin/resource-commerce-LicensePool
validations	UNKNOWN STEP	2026-02-22T17:01:29.4047957Z  * [new branch]            resource-commerce-Order -> origin/resource-commerce-Order
validations	UNKNOWN STEP	2026-02-22T17:01:29.4048737Z  * [new branch]            resource-confidentialcomputing-Challenge -> origin/resource-confidentialcomputing-Challenge
validations	UNKNOWN STEP	2026-02-22T17:01:29.4049518Z  * [new branch]            resource-config-Deployment -> origin/resource-config-Deployment
validations	UNKNOWN STEP	2026-02-22T17:01:29.4050160Z  * [new branch]            resource-config-Preview -> origin/resource-config-Preview
validations	UNKNOWN STEP	2026-02-22T17:01:29.4050778Z  * [new branch]            resource-config-Resource -> origin/resource-config-Resource
validations	UNKNOWN STEP	2026-02-22T17:01:29.4051537Z  * [new branch]            resource-config-Revision -> origin/resource-config-Revision
validations	UNKNOWN STEP	2026-02-22T17:01:29.4052229Z  * [new branch]            resource-config-TerraformVersion -> origin/resource-config-TerraformVersion
validations	UNKNOWN STEP	2026-02-22T17:01:29.4052983Z  * [new branch]            resource-connectors-Connection -> origin/resource-connectors-Connection
validations	UNKNOWN STEP	2026-02-22T17:01:29.4053859Z  * [new branch]            resource-connectors-ConnectionSchemaMetadata -> origin/resource-connectors-ConnectionSchemaMetadata
validations	UNKNOWN STEP	2026-02-22T17:01:29.4054696Z  * [new branch]            resource-connectors-Connector -> origin/resource-connectors-Connector
validations	UNKNOWN STEP	2026-02-22T17:01:29.4055478Z  * [new branch]            resource-connectors-ConnectorVersion -> origin/resource-connectors-ConnectorVersion
validations	UNKNOWN STEP	2026-02-22T17:01:29.4056484Z  * [new branch]            resource-connectors-Provider -> origin/resource-connectors-Provider
validations	UNKNOWN STEP	2026-02-22T17:01:29.4057251Z  * [new branch]            resource-connectors-RuntimeConfig -> origin/resource-connectors-RuntimeConfig
validations	UNKNOWN STEP	2026-02-22T17:01:29.4057993Z  * [new branch]            resource-connectors-Settings -> origin/resource-connectors-Settings
validations	UNKNOWN STEP	2026-02-22T17:01:29.4058799Z  * [new branch]            resource-contactcenterinsights-Analysis -> origin/resource-contactcenterinsights-Analysis
validations	UNKNOWN STEP	2026-02-22T17:01:29.4059744Z  * [new branch]            resource-contactcenterinsights-AnalysisRule -> origin/resource-contactcenterinsights-AnalysisRule
validations	UNKNOWN STEP	2026-02-22T17:01:29.4060723Z  * [new branch]            resource-contactcenterinsights-Conversation -> origin/resource-contactcenterinsights-Conversation
validations	UNKNOWN STEP	2026-02-22T17:01:29.4061719Z  * [new branch]            resource-contactcenterinsights-EncryptionSpec -> origin/resource-contactcenterinsights-EncryptionSpec
validations	UNKNOWN STEP	2026-02-22T17:01:29.4062858Z  * [new branch]            resource-contactcenterinsights-FeedbackLabel -> origin/resource-contactcenterinsights-FeedbackLabel
validations	UNKNOWN STEP	2026-02-22T17:01:29.4063782Z  * [new branch]            resource-contactcenterinsights-Issue -> origin/resource-contactcenterinsights-Issue
validations	UNKNOWN STEP	2026-02-22T17:01:29.4064702Z  * [new branch]            resource-contactcenterinsights-IssueModel -> origin/resource-contactcenterinsights-IssueModel
validations	UNKNOWN STEP	2026-02-22T17:01:29.4065821Z  * [new branch]            resource-contactcenterinsights-PhraseMatcher -> origin/resource-contactcenterinsights-PhraseMatcher
validations	UNKNOWN STEP	2026-02-22T17:01:29.4066790Z  * [new branch]            resource-contactcenterinsights-QaQuestion -> origin/resource-contactcenterinsights-QaQuestion
validations	UNKNOWN STEP	2026-02-22T17:01:29.4067741Z  * [new branch]            resource-contactcenterinsights-QaScorecard -> origin/resource-contactcenterinsights-QaScorecard
validations	UNKNOWN STEP	2026-02-22T17:01:29.4068757Z  * [new branch]            resource-contactcenterinsights-QaScorecardResult -> origin/resource-contactcenterinsights-QaScorecardResult
validations	UNKNOWN STEP	2026-02-22T17:01:29.4069868Z  * [new branch]            resource-contactcenterinsights-QaScorecardRevision -> origin/resource-contactcenterinsights-QaScorecardRevision
validations	UNKNOWN STEP	2026-02-22T17:01:29.4070878Z  * [new branch]            resource-contactcenterinsights-Settings -> origin/resource-contactcenterinsights-Settings
validations	UNKNOWN STEP	2026-02-22T17:01:29.4071743Z  * [new branch]            resource-contactcenterinsights-View -> origin/resource-contactcenterinsights-View
validations	UNKNOWN STEP	2026-02-22T17:01:29.4072560Z  * [new branch]            resource-contentwarehouse-Document -> origin/resource-contentwarehouse-Document
validations	UNKNOWN STEP	2026-02-22T17:01:29.4073422Z  * [new branch]            resource-contentwarehouse-DocumentLink -> origin/resource-contentwarehouse-DocumentLink
validations	UNKNOWN STEP	2026-02-22T17:01:29.4074340Z  * [new branch]            resource-contentwarehouse-DocumentSchema -> origin/resource-contentwarehouse-DocumentSchema
validations	UNKNOWN STEP	2026-02-22T17:01:29.4075196Z  * [new branch]            resource-contentwarehouse-RuleSet -> origin/resource-contentwarehouse-RuleSet
validations	UNKNOWN STEP	2026-02-22T17:01:29.4076145Z  * [new branch]            resource-contentwarehouse-SynonymSet -> origin/resource-contentwarehouse-SynonymSet
validations	UNKNOWN STEP	2026-02-22T17:01:29.4076895Z  * [new branch]            resource-datacatalog-Entry -> origin/resource-datacatalog-Entry
validations	UNKNOWN STEP	2026-02-22T17:01:29.4077737Z  * [new branch]            resource-datacatalog-EntryGroup -> origin/resource-datacatalog-EntryGroup
validations	UNKNOWN STEP	2026-02-22T17:01:29.4078517Z  * [new branch]            resource-datacatalog-LineageEvent -> origin/resource-datacatalog-LineageEvent
validations	UNKNOWN STEP	2026-02-22T17:01:29.4079275Z  * [new branch]            resource-datacatalog-PolicyTag -> origin/resource-datacatalog-PolicyTag
validations	UNKNOWN STEP	2026-02-22T17:01:29.4079994Z  * [new branch]            resource-datacatalog-Process -> origin/resource-datacatalog-Process
validations	UNKNOWN STEP	2026-02-22T17:01:29.4080656Z  * [new branch]            resource-datacatalog-Run -> origin/resource-datacatalog-Run
validations	UNKNOWN STEP	2026-02-22T17:01:29.4081272Z  * [new branch]            resource-datacatalog-Tag -> origin/resource-datacatalog-Tag
validations	UNKNOWN STEP	2026-02-22T17:01:29.4081987Z  * [new branch]            resource-datacatalog-TagTemplate -> origin/resource-datacatalog-TagTemplate
validations	UNKNOWN STEP	2026-02-22T17:01:29.4082813Z  * [new branch]            resource-datacatalog-TagTemplateField -> origin/resource-datacatalog-TagTemplateField
validations	UNKNOWN STEP	2026-02-22T17:01:29.4083599Z  * [new branch]            resource-datacatalog-Taxonomy -> origin/resource-datacatalog-Taxonomy
validations	UNKNOWN STEP	2026-02-22T17:01:29.4084373Z  * [new branch]            resource-dataform-CompilationResult -> origin/resource-dataform-CompilationResult
validations	UNKNOWN STEP	2026-02-22T17:01:29.4085145Z  * [new branch]            resource-dataform-ReleaseConfig -> origin/resource-dataform-ReleaseConfig
validations	UNKNOWN STEP	2026-02-22T17:01:29.4086013Z  * [new branch]            resource-dataform-WorkflowConfig -> origin/resource-dataform-WorkflowConfig
validations	UNKNOWN STEP	2026-02-22T17:01:29.4086827Z  * [new branch]            resource-dataform-WorkflowInvocation -> origin/resource-dataform-WorkflowInvocation
validations	UNKNOWN STEP	2026-02-22T17:01:29.4087572Z  * [new branch]            resource-dataform-Workspace -> origin/resource-dataform-Workspace
validations	UNKNOWN STEP	2026-02-22T17:01:29.4088379Z  * [new branch]            resource-datafusion-Instance -> origin/resource-datafusion-Instance
validations	UNKNOWN STEP	2026-02-22T17:01:29.4089085Z  * [new branch]            resource-datafusion-Namespace -> origin/resource-datafusion-Namespace
validations	UNKNOWN STEP	2026-02-22T17:01:29.4089906Z  * [new branch]            resource-datalabeling-AnnotatedDataset -> origin/resource-datalabeling-AnnotatedDataset
validations	UNKNOWN STEP	2026-02-22T17:01:29.4090814Z  * [new branch]            resource-datalabeling-AnnotationSpecSet -> origin/resource-datalabeling-AnnotationSpecSet
validations	UNKNOWN STEP	2026-02-22T17:01:29.4091624Z  * [new branch]            resource-datalabeling-DataItem -> origin/resource-datalabeling-DataItem
validations	UNKNOWN STEP	2026-02-22T17:01:29.4092346Z  * [new branch]            resource-datalabeling-Dataset -> origin/resource-datalabeling-Dataset
validations	UNKNOWN STEP	2026-02-22T17:01:29.4093083Z  * [new branch]            resource-datalabeling-Evaluation -> origin/resource-datalabeling-Evaluation
validations	UNKNOWN STEP	2026-02-22T17:01:29.4093876Z  * [new branch]            resource-datalabeling-EvaluationJob -> origin/resource-datalabeling-EvaluationJob
validations	UNKNOWN STEP	2026-02-22T17:01:29.4094636Z  * [new branch]            resource-datalabeling-Example -> origin/resource-datalabeling-Example
validations	UNKNOWN STEP	2026-02-22T17:01:29.4095390Z  * [new branch]            resource-datalabeling-Instruction -> origin/resource-datalabeling-Instruction
validations	UNKNOWN STEP	2026-02-22T17:01:29.4096213Z  * [new branch]            resource-dataplex-Action -> origin/resource-dataplex-Action
validations	UNKNOWN STEP	2026-02-22T17:01:29.4096871Z  * [new branch]            resource-dataplex-AspectType -> origin/resource-dataplex-AspectType
validations	UNKNOWN STEP	2026-02-22T17:01:29.4097520Z  * [new branch]            resource-dataplex-Asset -> origin/resource-dataplex-Asset
validations	UNKNOWN STEP	2026-02-22T17:01:29.4098147Z  * [new branch]            resource-dataplex-Content -> origin/resource-dataplex-Content
validations	UNKNOWN STEP	2026-02-22T17:01:29.4098848Z  * [new branch]            resource-dataplex-DataAttribute -> origin/resource-dataplex-DataAttribute
validations	UNKNOWN STEP	2026-02-22T17:01:29.4099670Z  * [new branch]            resource-dataplex-DataAttributeBinding -> origin/resource-dataplex-DataAttributeBinding
validations	UNKNOWN STEP	2026-02-22T17:01:29.4100439Z  * [new branch]            resource-dataplex-DataScan -> origin/resource-dataplex-DataScan
validations	UNKNOWN STEP	2026-02-22T17:01:29.4101274Z  * [new branch]            resource-dataplex-DataScanJob -> origin/resource-dataplex-DataScanJob
validations	UNKNOWN STEP	2026-02-22T17:01:29.4102006Z  * [new branch]            resource-dataplex-DataTaxonomy -> origin/resource-dataplex-DataTaxonomy
validations	UNKNOWN STEP	2026-02-22T17:01:29.4102673Z  * [new branch]            resource-dataplex-Entity -> origin/resource-dataplex-Entity
validations	UNKNOWN STEP	2026-02-22T17:01:29.4103289Z  * [new branch]            resource-dataplex-Entry -> origin/resource-dataplex-Entry
validations	UNKNOWN STEP	2026-02-22T17:01:29.4103939Z  * [new branch]            resource-dataplex-EntryGroup -> origin/resource-dataplex-EntryGroup
validations	UNKNOWN STEP	2026-02-22T17:01:29.4104631Z  * [new branch]            resource-dataplex-EntryType -> origin/resource-dataplex-EntryType
validations	UNKNOWN STEP	2026-02-22T17:01:29.4105322Z  * [new branch]            resource-dataplex-Environment -> origin/resource-dataplex-Environment
validations	UNKNOWN STEP	2026-02-22T17:01:29.4106068Z  * [new branch]            resource-dataplex-Job   -> origin/resource-dataplex-Job
validations	UNKNOWN STEP	2026-02-22T17:01:29.4106677Z  * [new branch]            resource-dataplex-Lake  -> origin/resource-dataplex-Lake
validations	UNKNOWN STEP	2026-02-22T17:01:29.4107338Z  * [new branch]            resource-dataplex-MetadataJob -> origin/resource-dataplex-MetadataJob
validations	UNKNOWN STEP	2026-02-22T17:01:29.4108032Z  * [new branch]            resource-dataplex-Partition -> origin/resource-dataplex-Partition
validations	UNKNOWN STEP	2026-02-22T17:01:29.4108688Z  * [new branch]            resource-dataplex-Session -> origin/resource-dataplex-Session
validations	UNKNOWN STEP	2026-02-22T17:01:29.4109300Z  * [new branch]            resource-dataplex-Task  -> origin/resource-dataplex-Task
validations	UNKNOWN STEP	2026-02-22T17:01:29.4109895Z  * [new branch]            resource-dataplex-Zone  -> origin/resource-dataplex-Zone
validations	UNKNOWN STEP	2026-02-22T17:01:29.4110647Z  * [new branch]            resource-dataproc-AutoscalingPolicy -> origin/resource-dataproc-AutoscalingPolicy
validations	UNKNOWN STEP	2026-02-22T17:01:29.4111360Z  * [new branch]            resource-dataproc-Batch -> origin/resource-dataproc-Batch
validations	UNKNOWN STEP	2026-02-22T17:01:29.4112144Z  * [new branch]            resource-dataproc-NodeGroup -> origin/resource-dataproc-NodeGroup
validations	UNKNOWN STEP	2026-02-22T17:01:29.4112809Z  * [new branch]            resource-dataproc-Session -> origin/resource-dataproc-Session
validations	UNKNOWN STEP	2026-02-22T17:01:29.4113525Z  * [new branch]            resource-dataproc-SessionTemplate -> origin/resource-dataproc-SessionTemplate
validations	UNKNOWN STEP	2026-02-22T17:01:29.4114323Z  * [new branch]            resource-dataproc-WorkflowTemplate -> origin/resource-dataproc-WorkflowTemplate
validations	UNKNOWN STEP	2026-02-22T17:01:29.4115163Z  * [new branch]            resource-datastream-ConnectionProfile -> origin/resource-datastream-ConnectionProfile
validations	UNKNOWN STEP	2026-02-22T17:01:29.4116164Z  * [new branch]            resource-datastream-PrivateConnection -> origin/resource-datastream-PrivateConnection
validations	UNKNOWN STEP	2026-02-22T17:01:29.4116908Z  * [new branch]            resource-datastream-Route -> origin/resource-datastream-Route
validations	UNKNOWN STEP	2026-02-22T17:01:29.4117552Z  * [new branch]            resource-datastream-Stream -> origin/resource-datastream-Stream
validations	UNKNOWN STEP	2026-02-22T17:01:29.4118271Z  * [new branch]            resource-datastream-StreamObject -> origin/resource-datastream-StreamObject
validations	UNKNOWN STEP	2026-02-22T17:01:29.4118985Z  * [new branch]            resource-deploy-Automation -> origin/resource-deploy-Automation
validations	UNKNOWN STEP	2026-02-22T17:01:29.4119670Z  * [new branch]            resource-deploy-AutomationRun -> origin/resource-deploy-AutomationRun
validations	UNKNOWN STEP	2026-02-22T17:01:29.4120327Z  * [new branch]            resource-deploy-Config  -> origin/resource-deploy-Config
validations	UNKNOWN STEP	2026-02-22T17:01:29.4121010Z  * [new branch]            resource-deploy-CustomTargetType -> origin/resource-deploy-CustomTargetType
validations	UNKNOWN STEP	2026-02-22T17:01:29.4121797Z  * [new branch]            resource-deploy-DeliveryPipeline -> origin/resource-deploy-DeliveryPipeline
validations	UNKNOWN STEP	2026-02-22T17:01:29.4122533Z  * [new branch]            resource-deploy-DeployPolicy -> origin/resource-deploy-DeployPolicy
validations	UNKNOWN STEP	2026-02-22T17:01:29.4123193Z  * [new branch]            resource-deploy-JobRun  -> origin/resource-deploy-JobRun
validations	UNKNOWN STEP	2026-02-22T17:01:29.4123808Z  * [new branch]            resource-deploy-Release -> origin/resource-deploy-Release
validations	UNKNOWN STEP	2026-02-22T17:01:29.4124412Z  * [new branch]            resource-deploy-Rollout -> origin/resource-deploy-Rollout
validations	UNKNOWN STEP	2026-02-22T17:01:29.4125137Z  * [new branch]            resource-deploy-Target  -> origin/resource-deploy-Target
validations	UNKNOWN STEP	2026-02-22T17:01:29.4125978Z  * [new branch]            resource-developerconnect-Connection -> origin/resource-developerconnect-Connection
validations	UNKNOWN STEP	2026-02-22T17:01:29.4126896Z  * [new branch]            resource-developerconnect-GitRepositoryLink -> origin/resource-developerconnect-GitRepositoryLink
validations	UNKNOWN STEP	2026-02-22T17:01:29.4127690Z  * [new branch]            resource-dialogflow-Agent -> origin/resource-dialogflow-Agent
validations	UNKNOWN STEP	2026-02-22T17:01:29.4128497Z  * [new branch]            resource-dialogflow-AgentValidationResult -> origin/resource-dialogflow-AgentValidationResult
validations	UNKNOWN STEP	2026-02-22T17:01:29.4129338Z  * [new branch]            resource-dialogflow-AnswerRecord -> origin/resource-dialogflow-AnswerRecord
validations	UNKNOWN STEP	2026-02-22T17:01:29.4130095Z  * [new branch]            resource-dialogflow-Changelog -> origin/resource-dialogflow-Changelog
validations	UNKNOWN STEP	2026-02-22T17:01:29.4130790Z  * [new branch]            resource-dialogflow-Context -> origin/resource-dialogflow-Context
validations	UNKNOWN STEP	2026-02-22T17:01:29.4131601Z  * [new branch]            resource-dialogflow-ContinuousTestResult -> origin/resource-dialogflow-ContinuousTestResult
validations	UNKNOWN STEP	2026-02-22T17:01:29.4132437Z  * [new branch]            resource-dialogflow-Conversation -> origin/resource-dialogflow-Conversation
validations	UNKNOWN STEP	2026-02-22T17:01:29.4133272Z  * [new branch]            resource-dialogflow-ConversationDataset -> origin/resource-dialogflow-ConversationDataset
validations	UNKNOWN STEP	2026-02-22T17:01:29.4134152Z  * [new branch]            resource-dialogflow-ConversationModel -> origin/resource-dialogflow-ConversationModel
validations	UNKNOWN STEP	2026-02-22T17:01:29.4135121Z  * [new branch]            resource-dialogflow-ConversationModelEvaluation -> origin/resource-dialogflow-ConversationModelEvaluation
validations	UNKNOWN STEP	2026-02-22T17:01:29.4136339Z  * [new branch]            resource-dialogflow-ConversationProfile -> origin/resource-dialogflow-ConversationProfile
validations	UNKNOWN STEP	2026-02-22T17:01:29.4137168Z  * [new branch]            resource-dialogflow-Deployment -> origin/resource-dialogflow-Deployment
validations	UNKNOWN STEP	2026-02-22T17:01:29.4137879Z  * [new branch]            resource-dialogflow-Document -> origin/resource-dialogflow-Document
validations	UNKNOWN STEP	2026-02-22T17:01:29.4138640Z  * [new branch]            resource-dialogflow-EncryptionSpec -> origin/resource-dialogflow-EncryptionSpec
validations	UNKNOWN STEP	2026-02-22T17:01:29.4139408Z  * [new branch]            resource-dialogflow-EntityType -> origin/resource-dialogflow-EntityType
validations	UNKNOWN STEP	2026-02-22T17:01:29.4140148Z  * [new branch]            resource-dialogflow-Environment -> origin/resource-dialogflow-Environment
validations	UNKNOWN STEP	2026-02-22T17:01:29.4140859Z  * [new branch]            resource-dialogflow-Example -> origin/resource-dialogflow-Example
validations	UNKNOWN STEP	2026-02-22T17:01:29.4141550Z  * [new branch]            resource-dialogflow-Experiment -> origin/resource-dialogflow-Experiment
validations	UNKNOWN STEP	2026-02-22T17:01:29.4142224Z  * [new branch]            resource-dialogflow-Flow -> origin/resource-dialogflow-Flow
validations	UNKNOWN STEP	2026-02-22T17:01:29.4143006Z  * [new branch]            resource-dialogflow-FlowValidationResult -> origin/resource-dialogflow-FlowValidationResult
validations	UNKNOWN STEP	2026-02-22T17:01:29.4143829Z  * [new branch]            resource-dialogflow-Fulfillment -> origin/resource-dialogflow-Fulfillment
validations	UNKNOWN STEP	2026-02-22T17:01:29.4144651Z  * [new branch]            resource-dialogflow-GenerativeSettings -> origin/resource-dialogflow-GenerativeSettings
validations	UNKNOWN STEP	2026-02-22T17:01:29.4145435Z  * [new branch]            resource-dialogflow-Generator -> origin/resource-dialogflow-Generator
validations	UNKNOWN STEP	2026-02-22T17:01:29.4146249Z  * [new branch]            resource-dialogflow-Intent -> origin/resource-dialogflow-Intent
validations	UNKNOWN STEP	2026-02-22T17:01:29.4146978Z  * [new branch]            resource-dialogflow-KnowledgeBase -> origin/resource-dialogflow-KnowledgeBase
validations	UNKNOWN STEP	2026-02-22T17:01:29.4147694Z  * [new branch]            resource-dialogflow-Message -> origin/resource-dialogflow-Message
validations	UNKNOWN STEP	2026-02-22T17:01:29.4148346Z  * [new branch]            resource-dialogflow-Page -> origin/resource-dialogflow-Page
validations	UNKNOWN STEP	2026-02-22T17:01:29.4149036Z  * [new branch]            resource-dialogflow-Participant -> origin/resource-dialogflow-Participant
validations	UNKNOWN STEP	2026-02-22T17:01:29.4149889Z  * [new branch]            resource-dialogflow-Playbook -> origin/resource-dialogflow-Playbook
validations	UNKNOWN STEP	2026-02-22T17:01:29.4150655Z  * [new branch]            resource-dialogflow-PlaybookVersion -> origin/resource-dialogflow-PlaybookVersion
validations	UNKNOWN STEP	2026-02-22T17:01:29.4151486Z  * [new branch]            resource-dialogflow-SecuritySettings -> origin/resource-dialogflow-SecuritySettings
validations	UNKNOWN STEP	2026-02-22T17:01:29.4152344Z  * [new branch]            resource-dialogflow-SessionEntityType -> origin/resource-dialogflow-SessionEntityType
validations	UNKNOWN STEP	2026-02-22T17:01:29.4153115Z  * [new branch]            resource-dialogflow-SipTrunk -> origin/resource-dialogflow-SipTrunk
validations	UNKNOWN STEP	2026-02-22T17:01:29.4153810Z  * [new branch]            resource-dialogflow-TestCase -> origin/resource-dialogflow-TestCase
validations	UNKNOWN STEP	2026-02-22T17:01:29.4154571Z  * [new branch]            resource-dialogflow-TestCaseResult -> origin/resource-dialogflow-TestCaseResult
validations	UNKNOWN STEP	2026-02-22T17:01:29.4155284Z  * [new branch]            resource-dialogflow-Tool -> origin/resource-dialogflow-Tool
validations	UNKNOWN STEP	2026-02-22T17:01:29.4156208Z  * [new branch]            resource-dialogflow-TransitionRouteGroup -> origin/resource-dialogflow-TransitionRouteGroup
validations	UNKNOWN STEP	2026-02-22T17:01:29.4156998Z  * [new branch]            resource-dialogflow-Version -> origin/resource-dialogflow-Version
validations	UNKNOWN STEP	2026-02-22T17:01:29.4157674Z  * [new branch]            resource-dialogflow-Webhook -> origin/resource-dialogflow-Webhook
validations	UNKNOWN STEP	2026-02-22T17:01:29.4158389Z  * [new branch]            resource-discoveryengine-Answer -> origin/resource-discoveryengine-Answer
validations	UNKNOWN STEP	2026-02-22T17:01:29.4159297Z  * [new branch]            resource-discoveryengine-Chunk -> origin/resource-discoveryengine-Chunk
validations	UNKNOWN STEP	2026-02-22T17:01:29.4160441Z  * [new branch]            resource-discoveryengine-Control -> origin/resource-discoveryengine-Control
validations	UNKNOWN STEP	2026-02-22T17:01:29.4161416Z  * [new branch]            resource-discoveryengine-Conversation -> origin/resource-discoveryengine-Conversation
validations	UNKNOWN STEP	2026-02-22T17:01:29.4162353Z  * [new branch]            resource-discoveryengine-CustomTuningModel -> origin/resource-discoveryengine-CustomTuningModel
validations	UNKNOWN STEP	2026-02-22T17:01:29.4163227Z  * [new branch]            resource-discoveryengine-DataStore -> origin/resource-discoveryengine-DataStore
validations	UNKNOWN STEP	2026-02-22T17:01:29.4164020Z  * [new branch]            resource-discoveryengine-Document -> origin/resource-discoveryengine-Document
validations	UNKNOWN STEP	2026-02-22T17:01:29.4164970Z  * [new branch]            resource-discoveryengine-DocumentProcessingConfig -> origin/resource-discoveryengine-DocumentProcessingConfig
validations	UNKNOWN STEP	2026-02-22T17:01:29.4166004Z  * [new branch]            resource-discoveryengine-Engine -> origin/resource-discoveryengine-Engine
validations	UNKNOWN STEP	2026-02-22T17:01:29.4166803Z  * [new branch]            resource-discoveryengine-Evaluation -> origin/resource-discoveryengine-Evaluation
validations	UNKNOWN STEP	2026-02-22T17:01:29.4167677Z  * [new branch]            resource-discoveryengine-GroundingConfig -> origin/resource-discoveryengine-GroundingConfig
validations	UNKNOWN STEP	2026-02-22T17:01:29.4168525Z  * [new branch]            resource-discoveryengine-Project -> origin/resource-discoveryengine-Project
validations	UNKNOWN STEP	2026-02-22T17:01:29.4169343Z  * [new branch]            resource-discoveryengine-SampleQuery -> origin/resource-discoveryengine-SampleQuery
validations	UNKNOWN STEP	2026-02-22T17:01:29.4170222Z  * [new branch]            resource-discoveryengine-SampleQuerySet -> origin/resource-discoveryengine-SampleQuerySet
validations	UNKNOWN STEP	2026-02-22T17:01:29.4171048Z  * [new branch]            resource-discoveryengine-Schema -> origin/resource-discoveryengine-Schema
validations	UNKNOWN STEP	2026-02-22T17:01:29.4171871Z  * [new branch]            resource-discoveryengine-ServingConfig -> origin/resource-discoveryengine-ServingConfig
validations	UNKNOWN STEP	2026-02-22T17:01:29.4172683Z  * [new branch]            resource-discoveryengine-Session -> origin/resource-discoveryengine-Session
validations	UNKNOWN STEP	2026-02-22T17:01:29.4173545Z  * [new branch]            resource-discoveryengine-SiteSearchEngine -> origin/resource-discoveryengine-SiteSearchEngine
validations	UNKNOWN STEP	2026-02-22T17:01:29.4174401Z  * [new branch]            resource-discoveryengine-Sitemap -> origin/resource-discoveryengine-Sitemap
validations	UNKNOWN STEP	2026-02-22T17:01:29.4175321Z  * [new branch]            resource-discoveryengine-TargetSite -> origin/resource-discoveryengine-TargetSite
validations	UNKNOWN STEP	2026-02-22T17:01:29.4176197Z  * [new branch]            resource-documentai-Dataset -> origin/resource-documentai-Dataset
validations	UNKNOWN STEP	2026-02-22T17:01:29.4176932Z  * [new branch]            resource-documentai-DatasetSchema -> origin/resource-documentai-DatasetSchema
validations	UNKNOWN STEP	2026-02-22T17:01:29.4177698Z  * [new branch]            resource-documentai-Evaluation -> origin/resource-documentai-Evaluation
validations	UNKNOWN STEP	2026-02-22T17:01:29.4178424Z  * [new branch]            resource-documentai-Processor -> origin/resource-documentai-Processor
validations	UNKNOWN STEP	2026-02-22T17:01:29.4179175Z  * [new branch]            resource-documentai-ProcessorType -> origin/resource-documentai-ProcessorType
validations	UNKNOWN STEP	2026-02-22T17:01:29.4180015Z  * [new branch]            resource-documentai-ProcessorVersion -> origin/resource-documentai-ProcessorVersion
validations	UNKNOWN STEP	2026-02-22T17:01:29.4180778Z  * [new branch]            resource-domains-Registration -> origin/resource-domains-Registration
validations	UNKNOWN STEP	2026-02-22T17:01:29.4181503Z  * [new branch]            resource-edgecontainer-Cluster -> origin/resource-edgecontainer-Cluster
validations	UNKNOWN STEP	2026-02-22T17:01:29.4182239Z  * [new branch]            resource-edgecontainer-Machine -> origin/resource-edgecontainer-Machine
validations	UNKNOWN STEP	2026-02-22T17:01:29.4182982Z  * [new branch]            resource-edgecontainer-NodePool -> origin/resource-edgecontainer-NodePool
validations	UNKNOWN STEP	2026-02-22T17:01:29.4183785Z  * [new branch]            resource-edgecontainer-VpnConnection -> origin/resource-edgecontainer-VpnConnection
validations	UNKNOWN STEP	2026-02-22T17:01:29.4184596Z  * [new branch]            resource-edgenetwork-Interconnect -> origin/resource-edgenetwork-Interconnect
validations	UNKNOWN STEP	2026-02-22T17:01:29.4185486Z  * [new branch]            resource-edgenetwork-InterconnectAttachment -> origin/resource-edgenetwork-InterconnectAttachment
validations	UNKNOWN STEP	2026-02-22T17:01:29.4186539Z  * [new branch]            resource-edgenetwork-Network -> origin/resource-edgenetwork-Network
validations	UNKNOWN STEP	2026-02-22T17:01:29.4187250Z  * [new branch]            resource-edgenetwork-Router -> origin/resource-edgenetwork-Router
validations	UNKNOWN STEP	2026-02-22T17:01:29.4187927Z  * [new branch]            resource-edgenetwork-Subnet -> origin/resource-edgenetwork-Subnet
validations	UNKNOWN STEP	2026-02-22T17:01:29.4188573Z  * [new branch]            resource-edgenetwork-Zone -> origin/resource-edgenetwork-Zone
validations	UNKNOWN STEP	2026-02-22T17:01:29.4189557Z  * [new branch]            resource-enterpriseknowledgegraph-EntityReconciliationJob -> origin/resource-enterpriseknowledgegraph-EntityReconciliationJob
validations	UNKNOWN STEP	2026-02-22T17:01:29.4190572Z  * [new branch]            resource-essentialcontacts-Contact -> origin/resource-essentialcontacts-Contact
validations	UNKNOWN STEP	2026-02-22T17:01:29.4191279Z  * [new branch]            resource-eventarc-Channel -> origin/resource-eventarc-Channel
validations	UNKNOWN STEP	2026-02-22T17:01:29.4192017Z  * [new branch]            resource-eventarc-ChannelConnection -> origin/resource-eventarc-ChannelConnection
validations	UNKNOWN STEP	2026-02-22T17:01:29.4192771Z  * [new branch]            resource-eventarc-Enrollment -> origin/resource-eventarc-Enrollment
validations	UNKNOWN STEP	2026-02-22T17:01:29.4193522Z  * [new branch]            resource-eventarc-GoogleApiSource -> origin/resource-eventarc-GoogleApiSource
validations	UNKNOWN STEP	2026-02-22T17:01:29.4194349Z  * [new branch]            resource-eventarc-GoogleChannelConfig -> origin/resource-eventarc-GoogleChannelConfig
validations	UNKNOWN STEP	2026-02-22T17:01:29.4195111Z  * [new branch]            resource-eventarc-MessageBus -> origin/resource-eventarc-MessageBus
validations	UNKNOWN STEP	2026-02-22T17:01:29.4195909Z  * [new branch]            resource-eventarc-Pipeline -> origin/resource-eventarc-Pipeline
validations	UNKNOWN STEP	2026-02-22T17:01:29.4196570Z  * [new branch]            resource-eventarc-Provider -> origin/resource-eventarc-Provider
validations	UNKNOWN STEP	2026-02-22T17:01:29.4197214Z  * [new branch]            resource-eventarc-Trigger -> origin/resource-eventarc-Trigger
validations	UNKNOWN STEP	2026-02-22T17:01:29.4197852Z  * [new branch]            resource-filestore-Backup -> origin/resource-filestore-Backup
validations	UNKNOWN STEP	2026-02-22T17:01:29.4198517Z  * [new branch]            resource-filestore-Instance -> origin/resource-filestore-Instance
validations	UNKNOWN STEP	2026-02-22T17:01:29.4199293Z  * [new branch]            resource-filestore-Share -> origin/resource-filestore-Share
validations	UNKNOWN STEP	2026-02-22T17:01:29.4199940Z  * [new branch]            resource-filestore-Snapshot -> origin/resource-filestore-Snapshot
validations	UNKNOWN STEP	2026-02-22T17:01:29.4200593Z  * [new branch]            resource-firestore-Backup -> origin/resource-firestore-Backup
validations	UNKNOWN STEP	2026-02-22T17:01:29.4201318Z  * [new branch]            resource-firestore-BackupSchedule -> origin/resource-firestore-BackupSchedule
validations	UNKNOWN STEP	2026-02-22T17:01:29.4202005Z  * [new branch]            resource-firestore-Field -> origin/resource-firestore-Field
validations	UNKNOWN STEP	2026-02-22T17:01:29.4202619Z  * [new branch]            resource-firestore-Index -> origin/resource-firestore-Index
validations	UNKNOWN STEP	2026-02-22T17:01:29.4203314Z  * [new branch]            resource-functions-CloudFunction -> origin/resource-functions-CloudFunction
validations	UNKNOWN STEP	2026-02-22T17:01:29.4204030Z  * [new branch]            resource-functions-Function -> origin/resource-functions-Function
validations	UNKNOWN STEP	2026-02-22T17:01:29.4204680Z  * [new branch]            resource-gkebackup-Backup -> origin/resource-gkebackup-Backup
validations	UNKNOWN STEP	2026-02-22T17:01:29.4205363Z  * [new branch]            resource-gkebackup-BackupPlan -> origin/resource-gkebackup-BackupPlan
validations	UNKNOWN STEP	2026-02-22T17:01:29.4206149Z  * [new branch]            resource-gkebackup-Restore -> origin/resource-gkebackup-Restore
validations	UNKNOWN STEP	2026-02-22T17:01:29.4206841Z  * [new branch]            resource-gkebackup-RestorePlan -> origin/resource-gkebackup-RestorePlan
validations	UNKNOWN STEP	2026-02-22T17:01:29.4207581Z  * [new branch]            resource-gkebackup-VolumeBackup -> origin/resource-gkebackup-VolumeBackup
validations	UNKNOWN STEP	2026-02-22T17:01:29.4208340Z  * [new branch]            resource-gkebackup-VolumeRestore -> origin/resource-gkebackup-VolumeRestore
validations	UNKNOWN STEP	2026-02-22T17:01:29.4209018Z  * [new branch]            resource-gkehub-Feature -> origin/resource-gkehub-Feature
validations	UNKNOWN STEP	2026-02-22T17:01:29.4209654Z  * [new branch]            resource-gkehub-Membership -> origin/resource-gkehub-Membership
validations	UNKNOWN STEP	2026-02-22T17:01:29.4210589Z  * [new branch]            resource-gkemulticloud-AttachedCluster -> origin/resource-gkemulticloud-AttachedCluster
validations	UNKNOWN STEP	2026-02-22T17:01:29.4211548Z  * [new branch]            resource-gkemulticloud-AttachedServerConfig -> origin/resource-gkemulticloud-AttachedServerConfig
validations	UNKNOWN STEP	2026-02-22T17:01:29.4212419Z  * [new branch]            resource-gkemulticloud-AwsCluster -> origin/resource-gkemulticloud-AwsCluster
validations	UNKNOWN STEP	2026-02-22T17:01:29.4213208Z  * [new branch]            resource-gkemulticloud-AwsNodePool -> origin/resource-gkemulticloud-AwsNodePool
validations	UNKNOWN STEP	2026-02-22T17:01:29.4214055Z  * [new branch]            resource-gkemulticloud-AwsServerConfig -> origin/resource-gkemulticloud-AwsServerConfig
validations	UNKNOWN STEP	2026-02-22T17:01:29.4214889Z  * [new branch]            resource-gkemulticloud-AzureClient -> origin/resource-gkemulticloud-AzureClient
validations	UNKNOWN STEP	2026-02-22T17:01:29.4215821Z  * [new branch]            resource-gkemulticloud-AzureCluster -> origin/resource-gkemulticloud-AzureCluster
validations	UNKNOWN STEP	2026-02-22T17:01:29.4216671Z  * [new branch]            resource-gkemulticloud-AzureNodePool -> origin/resource-gkemulticloud-AzureNodePool
validations	UNKNOWN STEP	2026-02-22T17:01:29.4217562Z  * [new branch]            resource-gkemulticloud-AzureServerConfig -> origin/resource-gkemulticloud-AzureServerConfig
validations	UNKNOWN STEP	2026-02-22T17:01:29.4218425Z  * [new branch]            resource-gsuiteaddons-Authorization -> origin/resource-gsuiteaddons-Authorization
validations	UNKNOWN STEP	2026-02-22T17:01:29.4219212Z  * [new branch]            resource-gsuiteaddons-Deployment -> origin/resource-gsuiteaddons-Deployment
validations	UNKNOWN STEP	2026-02-22T17:01:29.4220008Z  * [new branch]            resource-gsuiteaddons-InstallStatus -> origin/resource-gsuiteaddons-InstallStatus
validations	UNKNOWN STEP	2026-02-22T17:01:29.4220746Z  * [new branch]            resource-iam-PolicyBinding -> origin/resource-iam-PolicyBinding
validations	UNKNOWN STEP	2026-02-22T17:01:29.4221564Z  * [new branch]            resource-iam-PrincipalAccessBoundaryPolicy -> origin/resource-iam-PrincipalAccessBoundaryPolicy
validations	UNKNOWN STEP	2026-02-22T17:01:29.4222442Z  * [new branch]            resource-iam-WorkloadIdentityPool -> origin/resource-iam-WorkloadIdentityPool
validations	UNKNOWN STEP	2026-02-22T17:01:29.4222918Z  * [new branch]            resource-iam-WorkloadIdentityPoolProvider -> origin/resource-iam-WorkloadIdentityPoolProvider
validations	UNKNOWN STEP	2026-02-22T17:01:29.4223426Z  * [new branch]            resource-iap-TunnelDestGroup -> origin/resource-iap-TunnelDestGroup
validations	UNKNOWN STEP	2026-02-22T17:01:29.4223781Z  * [new branch]            resource-identity-AccessLevel -> origin/resource-identity-AccessLevel
validations	UNKNOWN STEP	2026-02-22T17:01:29.4224143Z  * [new branch]            resource-identity-AccessPolicy -> origin/resource-identity-AccessPolicy
validations	UNKNOWN STEP	2026-02-22T17:01:29.4224548Z  * [new branch]            resource-identity-ServicePerimeter -> origin/resource-identity-ServicePerimeter
validations	UNKNOWN STEP	2026-02-22T17:01:29.4224837Z  * [new branch]            resource-ids-Endpoint   -> origin/resource-ids-Endpoint
validations	UNKNOWN STEP	2026-02-22T17:01:29.4225109Z  * [new branch]            resource-iot-Device     -> origin/resource-iot-Device
validations	UNKNOWN STEP	2026-02-22T17:01:29.4225440Z  * [new branch]            resource-iot-DeviceRegistry -> origin/resource-iot-DeviceRegistry
validations	UNKNOWN STEP	2026-02-22T17:01:29.4225839Z  * [new branch]            resource-kms-CryptoKey  -> origin/resource-kms-CryptoKey
validations	UNKNOWN STEP	2026-02-22T17:01:29.4226203Z  * [new branch]            resource-kms-CryptoKeyVersion -> origin/resource-kms-CryptoKeyVersion
validations	UNKNOWN STEP	2026-02-22T17:01:29.4226492Z  * [new branch]            resource-kms-EkmConfig  -> origin/resource-kms-EkmConfig
validations	UNKNOWN STEP	2026-02-22T17:01:29.4226815Z  * [new branch]            resource-kms-EkmConnection -> origin/resource-kms-EkmConnection
validations	UNKNOWN STEP	2026-02-22T17:01:29.4227099Z  * [new branch]            resource-kms-ImportJob  -> origin/resource-kms-ImportJob
validations	UNKNOWN STEP	2026-02-22T17:01:29.4227374Z  * [new branch]            resource-kms-KeyRing    -> origin/resource-kms-KeyRing
validations	UNKNOWN STEP	2026-02-22T17:01:29.4227745Z  * [new branch]            resource-kms-ProtectedResource -> origin/resource-kms-ProtectedResource
validations	UNKNOWN STEP	2026-02-22T17:01:29.4228194Z  * [new branch]            resource-kms-ProtectedResourcesSummary -> origin/resource-kms-ProtectedResourcesSummary
validations	UNKNOWN STEP	2026-02-22T17:01:29.4228592Z  * [new branch]            resource-kms-PublicKey  -> origin/resource-kms-PublicKey
validations	UNKNOWN STEP	2026-02-22T17:01:29.4228960Z  * [new branch]            resource-logging-CmekSettings -> origin/resource-logging-CmekSettings
validations	UNKNOWN STEP	2026-02-22T17:01:29.4229241Z  * [new branch]            resource-logging-Link   -> origin/resource-logging-Link
validations	UNKNOWN STEP	2026-02-22T17:01:29.4229561Z  * [new branch]            resource-logging-LogBucket -> origin/resource-logging-LogBucket
validations	UNKNOWN STEP	2026-02-22T17:01:29.4229876Z  * [new branch]            resource-logging-LogEntry -> origin/resource-logging-LogEntry
validations	UNKNOWN STEP	2026-02-22T17:01:29.4230228Z  * [new branch]            resource-logging-LogExclusion -> origin/resource-logging-LogExclusion
validations	UNKNOWN STEP	2026-02-22T17:01:29.4230548Z  * [new branch]            resource-logging-LogMetric -> origin/resource-logging-LogMetric
validations	UNKNOWN STEP	2026-02-22T17:01:29.4230851Z  * [new branch]            resource-logging-LogSink -> origin/resource-logging-LogSink
validations	UNKNOWN STEP	2026-02-22T17:01:29.4231154Z  * [new branch]            resource-logging-LogView -> origin/resource-logging-LogView
validations	UNKNOWN STEP	2026-02-22T17:01:29.4231460Z  * [new branch]            resource-logging-Settings -> origin/resource-logging-Settings
validations	UNKNOWN STEP	2026-02-22T17:01:29.4231860Z  * [new branch]            resource-managedidentities-Domain -> origin/resource-managedidentities-Domain
validations	UNKNOWN STEP	2026-02-22T17:01:29.4232209Z  * [new branch]            resource-managedkafka-Cluster -> origin/resource-managedkafka-Cluster
validations	UNKNOWN STEP	2026-02-22T17:01:29.4232623Z  * [new branch]            resource-managedkafka-ConsumerGroup -> origin/resource-managedkafka-ConsumerGroup
validations	UNKNOWN STEP	2026-02-22T17:01:29.4232956Z  * [new branch]            resource-managedkafka-Topic -> origin/resource-managedkafka-Topic
validations	UNKNOWN STEP	2026-02-22T17:01:29.4233277Z  * [new branch]            resource-memcache-Instance -> origin/resource-memcache-Instance
validations	UNKNOWN STEP	2026-02-22T17:01:29.4233754Z  * [new branch]            resource-memorystore-CertificateAuthority -> origin/resource-memorystore-CertificateAuthority
validations	UNKNOWN STEP	2026-02-22T17:01:29.4234106Z  * [new branch]            resource-memorystore-Instance -> origin/resource-memorystore-Instance
validations	UNKNOWN STEP	2026-02-22T17:01:29.4234424Z  * [new branch]            resource-metastore-Backup -> origin/resource-metastore-Backup
validations	UNKNOWN STEP	2026-02-22T17:01:29.4234888Z  * [new branch]            resource-metastore-Federation -> origin/resource-metastore-Federation
validations	UNKNOWN STEP	2026-02-22T17:01:29.4235281Z  * [new branch]            resource-metastore-MetadataImport -> origin/resource-metastore-MetadataImport
validations	UNKNOWN STEP	2026-02-22T17:01:29.4235723Z  * [new branch]            resource-metastore-Service -> origin/resource-metastore-Service
validations	UNKNOWN STEP	2026-02-22T17:01:29.4236098Z  * [new branch]            resource-migrationcenter-Asset -> origin/resource-migrationcenter-Asset
validations	UNKNOWN STEP	2026-02-22T17:01:29.4236515Z  * [new branch]            resource-migrationcenter-ErrorFrame -> origin/resource-migrationcenter-ErrorFrame
validations	UNKNOWN STEP	2026-02-22T17:01:29.4236881Z  * [new branch]            resource-migrationcenter-Group -> origin/resource-migrationcenter-Group
validations	UNKNOWN STEP	2026-02-22T17:01:29.4237347Z  * [new branch]            resource-migrationcenter-ImportDataFile -> origin/resource-migrationcenter-ImportDataFile
validations	UNKNOWN STEP	2026-02-22T17:01:29.4237750Z  * [new branch]            resource-migrationcenter-ImportJob -> origin/resource-migrationcenter-ImportJob
validations	UNKNOWN STEP	2026-02-22T17:01:29.4238209Z  * [new branch]            resource-migrationcenter-PreferenceSet -> origin/resource-migrationcenter-PreferenceSet
validations	UNKNOWN STEP	2026-02-22T17:01:29.4238583Z  * [new branch]            resource-migrationcenter-Report -> origin/resource-migrationcenter-Report
validations	UNKNOWN STEP	2026-02-22T17:01:29.4239015Z  * [new branch]            resource-migrationcenter-ReportConfig -> origin/resource-migrationcenter-ReportConfig
validations	UNKNOWN STEP	2026-02-22T17:01:29.4239412Z  * [new branch]            resource-migrationcenter-Settings -> origin/resource-migrationcenter-Settings
validations	UNKNOWN STEP	2026-02-22T17:01:29.4239779Z  * [new branch]            resource-migrationcenter-Source -> origin/resource-migrationcenter-Source
validations	UNKNOWN STEP	2026-02-22T17:01:29.4240159Z  * [new branch]            resource-modelarmor-FloorSetting -> origin/resource-modelarmor-FloorSetting
validations	UNKNOWN STEP	2026-02-22T17:01:29.4240630Z  * [new branch]            resource-modelarmor-Template -> origin/resource-modelarmor-Template
validations	UNKNOWN STEP	2026-02-22T17:01:29.4241001Z  * [new branch]            resource-monitoring-AlertChart -> origin/resource-monitoring-AlertChart
validations	UNKNOWN STEP	2026-02-22T17:01:29.4241374Z  * [new branch]            resource-monitoring-AlertPolicy -> origin/resource-monitoring-AlertPolicy
validations	UNKNOWN STEP	2026-02-22T17:01:29.4241687Z  * [new branch]            resource-monitoring-Group -> origin/resource-monitoring-Group
validations	UNKNOWN STEP	2026-02-22T17:01:29.4242112Z  * [new branch]            resource-monitoring-MonitoredProject -> origin/resource-monitoring-MonitoredProject
validations	UNKNOWN STEP	2026-02-22T17:01:29.4242570Z  * [new branch]            resource-monitoring-NotificationChannel -> origin/resource-monitoring-NotificationChannel
validations	UNKNOWN STEP	2026-02-22T17:01:29.4243142Z  * [new branch]            resource-monitoring-NotificationChannelDescriptor -> origin/resource-monitoring-NotificationChannelDescriptor
validations	UNKNOWN STEP	2026-02-22T17:01:29.4243480Z  * [new branch]            resource-monitoring-Service -> origin/resource-monitoring-Service
validations	UNKNOWN STEP	2026-02-22T17:01:29.4243953Z  * [new branch]            resource-monitoring-ServiceLevelObjective -> origin/resource-monitoring-ServiceLevelObjective
validations	UNKNOWN STEP	2026-02-22T17:01:29.4244283Z  * [new branch]            resource-monitoring-Snooze -> origin/resource-monitoring-Snooze
validations	UNKNOWN STEP	2026-02-22T17:01:29.4244719Z  * [new branch]            resource-monitoring-UptimeCheckConfig -> origin/resource-monitoring-UptimeCheckConfig
validations	UNKNOWN STEP	2026-02-22T17:01:29.4245090Z  * [new branch]            resource-netapp-ActiveDirectory -> origin/resource-netapp-ActiveDirectory
validations	UNKNOWN STEP	2026-02-22T17:01:29.4245389Z  * [new branch]            resource-netapp-Backup  -> origin/resource-netapp-Backup
validations	UNKNOWN STEP	2026-02-22T17:01:29.4245960Z  * [new branch]            resource-netapp-BackupPolicy -> origin/resource-netapp-BackupPolicy
validations	UNKNOWN STEP	2026-02-22T17:01:29.4246317Z  * [new branch]            resource-netapp-BackupVault -> origin/resource-netapp-BackupVault
validations	UNKNOWN STEP	2026-02-22T17:01:29.4246638Z  * [new branch]            resource-netapp-KmsConfig -> origin/resource-netapp-KmsConfig
validations	UNKNOWN STEP	2026-02-22T17:01:29.4246979Z  * [new branch]            resource-netapp-Replication -> origin/resource-netapp-Replication
validations	UNKNOWN STEP	2026-02-22T17:01:29.4247423Z  * [new branch]            resource-netapp-Snapshot -> origin/resource-netapp-Snapshot
validations	UNKNOWN STEP	2026-02-22T17:01:29.4247753Z  * [new branch]            resource-netapp-StoragePool -> origin/resource-netapp-StoragePool
validations	UNKNOWN STEP	2026-02-22T17:01:29.4248048Z  * [new branch]            resource-netapp-Volume  -> origin/resource-netapp-Volume
validations	UNKNOWN STEP	2026-02-22T17:01:29.4248454Z  * [new branch]            resource-networkconnectivity-Group -> origin/resource-networkconnectivity-Group
validations	UNKNOWN STEP	2026-02-22T17:01:29.4248835Z  * [new branch]            resource-networkconnectivity-Hub -> origin/resource-networkconnectivity-Hub
validations	UNKNOWN STEP	2026-02-22T17:01:29.4249358Z  * [new branch]            resource-networkconnectivity-PolicyBasedRoute -> origin/resource-networkconnectivity-PolicyBasedRoute
validations	UNKNOWN STEP	2026-02-22T17:01:29.4249769Z  * [new branch]            resource-networkconnectivity-Route -> origin/resource-networkconnectivity-Route
validations	UNKNOWN STEP	2026-02-22T17:01:29.4250229Z  * [new branch]            resource-networkconnectivity-RouteTable -> origin/resource-networkconnectivity-RouteTable
validations	UNKNOWN STEP	2026-02-22T17:01:29.4250645Z  * [new branch]            resource-networkconnectivity-Spoke -> origin/resource-networkconnectivity-Spoke
validations	UNKNOWN STEP	2026-02-22T17:01:29.4251140Z  * [new branch]            resource-networkmanagement-ConnectivityTest -> origin/resource-networkmanagement-ConnectivityTest
validations	UNKNOWN STEP	2026-02-22T17:01:29.4251649Z  * [new branch]            resource-networkmanagement-VpcFlowLogsConfig -> origin/resource-networkmanagement-VpcFlowLogsConfig
validations	UNKNOWN STEP	2026-02-22T17:01:29.4252159Z  * [new branch]            resource-networksecurity-AuthorizationPolicy -> origin/resource-networksecurity-AuthorizationPolicy
validations	UNKNOWN STEP	2026-02-22T17:01:29.4252629Z  * [new branch]            resource-networksecurity-ClientTlsPolicy -> origin/resource-networksecurity-ClientTlsPolicy
validations	UNKNOWN STEP	2026-02-22T17:01:29.4253204Z  * [new branch]            resource-networksecurity-ServerTlsPolicy -> origin/resource-networksecurity-ServerTlsPolicy
validations	UNKNOWN STEP	2026-02-22T17:01:29.4253669Z  * [new branch]            resource-networkservices-EndpointPolicy -> origin/resource-networkservices-EndpointPolicy
validations	UNKNOWN STEP	2026-02-22T17:01:29.4254058Z  * [new branch]            resource-networkservices-Gateway -> origin/resource-networkservices-Gateway
validations	UNKNOWN STEP	2026-02-22T17:01:29.4254459Z  * [new branch]            resource-networkservices-GrpcRoute -> origin/resource-networkservices-GrpcRoute
validations	UNKNOWN STEP	2026-02-22T17:01:29.4254864Z  * [new branch]            resource-networkservices-HttpRoute -> origin/resource-networkservices-HttpRoute
validations	UNKNOWN STEP	2026-02-22T17:01:29.4255341Z  * [new branch]            resource-networkservices-LbRouteExtension -> origin/resource-networkservices-LbRouteExtension
validations	UNKNOWN STEP	2026-02-22T17:01:29.4255986Z  * [new branch]            resource-networkservices-LbTrafficExtension -> origin/resource-networkservices-LbTrafficExtension
validations	UNKNOWN STEP	2026-02-22T17:01:29.4256353Z  * [new branch]            resource-networkservices-Mesh -> origin/resource-networkservices-Mesh
validations	UNKNOWN STEP	2026-02-22T17:01:29.4256817Z  * [new branch]            resource-networkservices-ServiceBinding -> origin/resource-networkservices-ServiceBinding
validations	UNKNOWN STEP	2026-02-22T17:01:29.4257219Z  * [new branch]            resource-networkservices-TcpRoute -> origin/resource-networkservices-TcpRoute
validations	UNKNOWN STEP	2026-02-22T17:01:29.4257615Z  * [new branch]            resource-networkservices-TlsRoute -> origin/resource-networkservices-TlsRoute
validations	UNKNOWN STEP	2026-02-22T17:01:29.4257976Z  * [new branch]            resource-notebooks-Environment -> origin/resource-notebooks-Environment
validations	UNKNOWN STEP	2026-02-22T17:01:29.4258320Z  * [new branch]            resource-notebooks-Execution -> origin/resource-notebooks-Execution
validations	UNKNOWN STEP	2026-02-22T17:01:29.4258658Z  * [new branch]            resource-notebooks-Instance -> origin/resource-notebooks-Instance
validations	UNKNOWN STEP	2026-02-22T17:01:29.4258976Z  * [new branch]            resource-notebooks-Runtime -> origin/resource-notebooks-Runtime
validations	UNKNOWN STEP	2026-02-22T17:01:29.4259304Z  * [new branch]            resource-notebooks-Schedule -> origin/resource-notebooks-Schedule
validations	UNKNOWN STEP	2026-02-22T17:01:29.4259808Z  * [new branch]            resource-oracledatabase-AutonomousDatabase -> origin/resource-oracledatabase-AutonomousDatabase
validations	UNKNOWN STEP	2026-02-22T17:01:29.4260486Z  * [new branch]            resource-oracledatabase-AutonomousDatabaseBackup -> origin/resource-oracledatabase-AutonomousDatabaseBackup
validations	UNKNOWN STEP	2026-02-22T17:01:29.4261104Z  * [new branch]            resource-oracledatabase-AutonomousDatabaseCharacterSet -> origin/resource-oracledatabase-AutonomousDatabaseCharacterSet
validations	UNKNOWN STEP	2026-02-22T17:01:29.4261602Z  * [new branch]            resource-oracledatabase-AutonomousDbVersion -> origin/resource-oracledatabase-AutonomousDbVersion
validations	UNKNOWN STEP	2026-02-22T17:01:29.4262176Z  * [new branch]            resource-oracledatabase-CloudExadataInfrastructure -> origin/resource-oracledatabase-CloudExadataInfrastructure
validations	UNKNOWN STEP	2026-02-22T17:01:29.4262621Z  * [new branch]            resource-oracledatabase-CloudVmCluster -> origin/resource-oracledatabase-CloudVmCluster
validations	UNKNOWN STEP	2026-02-22T17:01:29.4262996Z  * [new branch]            resource-oracledatabase-DbNode -> origin/resource-oracledatabase-DbNode
validations	UNKNOWN STEP	2026-02-22T17:01:29.4263385Z  * [new branch]            resource-oracledatabase-DbServer -> origin/resource-oracledatabase-DbServer
validations	UNKNOWN STEP	2026-02-22T17:01:29.4263824Z  * [new branch]            resource-oracledatabase-DbSystemShape -> origin/resource-oracledatabase-DbSystemShape
validations	UNKNOWN STEP	2026-02-22T17:01:29.4264245Z  * [new branch]            resource-oracledatabase-Entitlement -> origin/resource-oracledatabase-Entitlement
validations	UNKNOWN STEP	2026-02-22T17:01:29.4264637Z  * [new branch]            resource-oracledatabase-GiVersion -> origin/resource-oracledatabase-GiVersion
validations	UNKNOWN STEP	2026-02-22T17:01:29.4265041Z  * [new branch]            resource-orchestration-Environment -> origin/resource-orchestration-Environment
validations	UNKNOWN STEP	2026-02-22T17:01:29.4265673Z  * [new branch]            resource-orchestration-UserWorkloadsConfigMap -> origin/resource-orchestration-UserWorkloadsConfigMap
validations	UNKNOWN STEP	2026-02-22T17:01:29.4266281Z  * [new branch]            resource-orchestration-UserWorkloadsSecret -> origin/resource-orchestration-UserWorkloadsSecret
validations	UNKNOWN STEP	2026-02-22T17:01:29.4266649Z  * [new branch]            resource-orgpolicy-Constraint -> origin/resource-orgpolicy-Constraint
validations	UNKNOWN STEP	2026-02-22T17:01:29.4267078Z  * [new branch]            resource-orgpolicy-CustomConstraint -> origin/resource-orgpolicy-CustomConstraint
validations	UNKNOWN STEP	2026-02-22T17:01:29.4267392Z  * [new branch]            resource-orgpolicy-Policy -> origin/resource-orgpolicy-Policy
validations	UNKNOWN STEP	2026-02-22T17:01:29.4267744Z  * [new branch]            resource-osconfig-GuestPolicy -> origin/resource-osconfig-GuestPolicy
validations	UNKNOWN STEP	2026-02-22T17:01:29.4268082Z  * [new branch]            resource-osconfig-Inventory -> origin/resource-osconfig-Inventory
validations	UNKNOWN STEP	2026-02-22T17:01:29.4268507Z  * [new branch]            resource-osconfig-OSPolicyAssignment -> origin/resource-osconfig-OSPolicyAssignment
validations	UNKNOWN STEP	2026-02-22T17:01:29.4268994Z  * [new branch]            resource-osconfig-OSPolicyAssignmentReport -> origin/resource-osconfig-OSPolicyAssignmentReport
validations	UNKNOWN STEP	2026-02-22T17:01:29.4269405Z  * [new branch]            resource-osconfig-PatchDeployment -> origin/resource-osconfig-PatchDeployment
validations	UNKNOWN STEP	2026-02-22T17:01:29.4269736Z  * [new branch]            resource-osconfig-PatchJob -> origin/resource-osconfig-PatchJob
validations	UNKNOWN STEP	2026-02-22T17:01:29.4270172Z  * [new branch]            resource-osconfig-VulnerabilityReport -> origin/resource-osconfig-VulnerabilityReport
validations	UNKNOWN STEP	2026-02-22T17:01:29.4270560Z  * [new branch]            resource-parallelstore-Instance -> origin/resource-parallelstore-Instance
validations	UNKNOWN STEP	2026-02-22T17:01:29.4270975Z  * [new branch]            resource-parametermanager-Parameter -> origin/resource-parametermanager-Parameter
validations	UNKNOWN STEP	2026-02-22T17:01:29.4271459Z  * [new branch]            resource-parametermanager-ParameterVersion -> origin/resource-parametermanager-ParameterVersion
validations	UNKNOWN STEP	2026-02-22T17:01:29.4272027Z  * [new branch]            resource-paymentgateway-AccountManagerTransaction -> origin/resource-paymentgateway-AccountManagerTransaction
validations	UNKNOWN STEP	2026-02-22T17:01:29.4272427Z  * [new branch]            resource-paymentgateway-Complaint -> origin/resource-paymentgateway-Complaint
validations	UNKNOWN STEP	2026-02-22T17:01:29.4272932Z  * [new branch]            resource-paymentgateway-ComplaintTransaction -> origin/resource-paymentgateway-ComplaintTransaction
validations	UNKNOWN STEP	2026-02-22T17:01:29.4273426Z  * [new branch]            resource-paymentgateway-Dispute -> origin/resource-paymentgateway-Dispute
validations	UNKNOWN STEP	2026-02-22T17:01:29.4273934Z  * [new branch]            resource-paymentgateway-FinancialTransaction -> origin/resource-paymentgateway-FinancialTransaction
validations	UNKNOWN STEP	2026-02-22T17:01:29.4274381Z  * [new branch]            resource-paymentgateway-ManagedAccount -> origin/resource-paymentgateway-ManagedAccount
validations	UNKNOWN STEP	2026-02-22T17:01:29.4274872Z  * [new branch]            resource-paymentgateway-MandateTransaction -> origin/resource-paymentgateway-MandateTransaction
validations	UNKNOWN STEP	2026-02-22T17:01:29.4275364Z  * [new branch]            resource-paymentgateway-MetadataTransaction -> origin/resource-paymentgateway-MetadataTransaction
validations	UNKNOWN STEP	2026-02-22T17:01:29.4275850Z  * [new branch]            resource-paymentgateway-Rule -> origin/resource-paymentgateway-Rule
validations	UNKNOWN STEP	2026-02-22T17:01:29.4276294Z  * [new branch]            resource-paymentgateway-RuleMetadata -> origin/resource-paymentgateway-RuleMetadata
validations	UNKNOWN STEP	2026-02-22T17:01:29.4276785Z  * [new branch]            resource-paymentgateway-RuleMetadataValue -> origin/resource-paymentgateway-RuleMetadataValue
validations	UNKNOWN STEP	2026-02-22T17:01:29.4277163Z  * [new branch]            resource-policysimulator-Replay -> origin/resource-policysimulator-Replay
validations	UNKNOWN STEP	2026-02-22T17:01:29.4277608Z  * [new branch]            resource-policysimulator-ReplayResult -> origin/resource-policysimulator-ReplayResult
validations	UNKNOWN STEP	2026-02-22T17:01:29.4277980Z  * [new branch]            resource-privatecatalog-Catalog -> origin/resource-privatecatalog-Catalog
validations	UNKNOWN STEP	2026-02-22T17:01:29.4278354Z  * [new branch]            resource-privatecatalog-Product -> origin/resource-privatecatalog-Product
validations	UNKNOWN STEP	2026-02-22T17:01:29.4278731Z  * [new branch]            resource-privatecatalog-Version -> origin/resource-privatecatalog-Version
validations	UNKNOWN STEP	2026-02-22T17:01:29.4279296Z  * [new branch]            resource-privilegedaccessmanager-Grant -> origin/resource-privilegedaccessmanager-Grant
validations	UNKNOWN STEP	2026-02-22T17:01:29.4279614Z  * [new branch]            resource-pubsub-Snapshot -> origin/resource-pubsub-Snapshot
validations	UNKNOWN STEP	2026-02-22T17:01:29.4279962Z  * [new branch]            resource-pubsub-Subscription -> origin/resource-pubsub-Subscription
validations	UNKNOWN STEP	2026-02-22T17:01:29.4280260Z  * [new branch]            resource-pubsub-Topic   -> origin/resource-pubsub-Topic
validations	UNKNOWN STEP	2026-02-22T17:01:29.4280631Z  * [new branch]            resource-pubsublite-Reservation -> origin/resource-pubsublite-Reservation
validations	UNKNOWN STEP	2026-02-22T17:01:29.4281017Z  * [new branch]            resource-pubsublite-Subscription -> origin/resource-pubsublite-Subscription
validations	UNKNOWN STEP	2026-02-22T17:01:29.4281343Z  * [new branch]            resource-pubsublite-Topic -> origin/resource-pubsublite-Topic
validations	UNKNOWN STEP	2026-02-22T17:01:29.4281857Z  * [new branch]            resource-rapidmigrationassessment-Annotation -> origin/resource-rapidmigrationassessment-Annotation
validations	UNKNOWN STEP	2026-02-22T17:01:29.4282363Z  * [new branch]            resource-rapidmigrationassessment-Collector -> origin/resource-rapidmigrationassessment-Collector
validations	UNKNOWN STEP	2026-02-22T17:01:29.4282835Z  * [new branch]            resource-recaptchaenterprise-Assessment -> origin/resource-recaptchaenterprise-Assessment
validations	UNKNOWN STEP	2026-02-22T17:01:29.4283330Z  * [new branch]            resource-recaptchaenterprise-FirewallPolicy -> origin/resource-recaptchaenterprise-FirewallPolicy
validations	UNKNOWN STEP	2026-02-22T17:01:29.4283716Z  * [new branch]            resource-recaptchaenterprise-Key -> origin/resource-recaptchaenterprise-Key
validations	UNKNOWN STEP	2026-02-22T17:01:29.4284149Z  * [new branch]            resource-recaptchaenterprise-Metrics -> origin/resource-recaptchaenterprise-Metrics
validations	UNKNOWN STEP	2026-02-22T17:01:29.4284700Z  * [new branch]            resource-recaptchaenterprise-RelatedAccountGroup -> origin/resource-recaptchaenterprise-RelatedAccountGroup
validations	UNKNOWN STEP	2026-02-22T17:01:29.4285366Z  * [new branch]            resource-recaptchaenterprise-RelatedAccountGroupMembership -> origin/resource-recaptchaenterprise-RelatedAccountGroupMembership
validations	UNKNOWN STEP	2026-02-22T17:01:29.4286027Z  * [new branch]            resource-recommender-Insight -> origin/resource-recommender-Insight
validations	UNKNOWN STEP	2026-02-22T17:01:29.4286603Z  * [new branch]            resource-recommender-InsightType -> origin/resource-recommender-InsightType
validations	UNKNOWN STEP	2026-02-22T17:01:29.4287068Z  * [new branch]            resource-recommender-InsightTypeConfig -> origin/resource-recommender-InsightTypeConfig
validations	UNKNOWN STEP	2026-02-22T17:01:29.4287494Z  * [new branch]            resource-recommender-Recommendation -> origin/resource-recommender-Recommendation
validations	UNKNOWN STEP	2026-02-22T17:01:29.4287946Z  * [new branch]            resource-recommender-RecommenderConfig -> origin/resource-recommender-RecommenderConfig
validations	UNKNOWN STEP	2026-02-22T17:01:29.4288377Z  * [new branch]            resource-recommender-RecommenderType -> origin/resource-recommender-RecommenderType
validations	UNKNOWN STEP	2026-02-22T17:01:29.4288667Z  * [new branch]            resource-redis-Backup   -> origin/resource-redis-Backup
validations	UNKNOWN STEP	2026-02-22T17:01:29.4289048Z  * [new branch]            resource-redis-BackupCollection -> origin/resource-redis-BackupCollection
validations	UNKNOWN STEP	2026-02-22T17:01:29.4289458Z  * [new branch]            resource-redis-CertificateAuthority -> origin/resource-redis-CertificateAuthority
validations	UNKNOWN STEP	2026-02-22T17:01:29.4289767Z  * [new branch]            resource-redis-Instance -> origin/resource-redis-Instance
validations	UNKNOWN STEP	2026-02-22T17:01:29.4290135Z  * [new branch]            resource-resourcemanager-Folder -> origin/resource-resourcemanager-Folder
validations	UNKNOWN STEP	2026-02-22T17:01:29.4290570Z  * [new branch]            resource-resourcemanager-Organization -> origin/resource-resourcemanager-Organization
validations	UNKNOWN STEP	2026-02-22T17:01:29.4290963Z  * [new branch]            resource-resourcemanager-Project -> origin/resource-resourcemanager-Project
validations	UNKNOWN STEP	2026-02-22T17:01:29.4291374Z  * [new branch]            resource-resourcemanager-TagBinding -> origin/resource-resourcemanager-TagBinding
validations	UNKNOWN STEP	2026-02-22T17:01:29.4291754Z  * [new branch]            resource-resourcemanager-TagHold -> origin/resource-resourcemanager-TagHold
validations	UNKNOWN STEP	2026-02-22T17:01:29.4292239Z  * [new branch]            resource-resourcemanager-TagKey -> origin/resource-resourcemanager-TagKey
validations	UNKNOWN STEP	2026-02-22T17:01:29.4292645Z  * [new branch]            resource-resourcemanager-TagValue -> origin/resource-resourcemanager-TagValue
validations	UNKNOWN STEP	2026-02-22T17:01:29.4293036Z  * [new branch]            resource-resourcesettings-Setting -> origin/resource-resourcesettings-Setting
validations	UNKNOWN STEP	2026-02-22T17:01:29.4293377Z  * [new branch]            resource-retail-AlertConfig -> origin/resource-retail-AlertConfig
validations	UNKNOWN STEP	2026-02-22T17:01:29.4293760Z  * [new branch]            resource-retail-AttributesConfig -> origin/resource-retail-AttributesConfig
validations	UNKNOWN STEP	2026-02-22T17:01:29.4294053Z  * [new branch]            resource-retail-Catalog -> origin/resource-retail-Catalog
validations	UNKNOWN STEP	2026-02-22T17:01:29.4294440Z  * [new branch]            resource-retail-CompletionConfig -> origin/resource-retail-CompletionConfig
validations	UNKNOWN STEP	2026-02-22T17:01:29.4294733Z  * [new branch]            resource-retail-Control -> origin/resource-retail-Control
validations	UNKNOWN STEP	2026-02-22T17:01:29.4295022Z  * [new branch]            resource-retail-Model   -> origin/resource-retail-Model
validations	UNKNOWN STEP	2026-02-22T17:01:29.4295331Z  * [new branch]            resource-retail-Product -> origin/resource-retail-Product
validations	UNKNOWN STEP	2026-02-22T17:01:29.4295836Z  * [new branch]            resource-retail-ServingConfig -> origin/resource-retail-ServingConfig
validations	UNKNOWN STEP	2026-02-22T17:01:29.4296133Z  * [new branch]            resource-run-Execution  -> origin/resource-run-Execution
validations	UNKNOWN STEP	2026-02-22T17:01:29.4296400Z  * [new branch]            resource-run-Job        -> origin/resource-run-Job
validations	UNKNOWN STEP	2026-02-22T17:01:29.4296682Z  * [new branch]            resource-run-Revision   -> origin/resource-run-Revision
validations	UNKNOWN STEP	2026-02-22T17:01:29.4296958Z  * [new branch]            resource-run-Service    -> origin/resource-run-Service
validations	UNKNOWN STEP	2026-02-22T17:01:29.4297219Z  * [new branch]            resource-run-Task       -> origin/resource-run-Task
validations	UNKNOWN STEP	2026-02-22T17:01:29.4297512Z  * [new branch]            resource-scheduler-Job  -> origin/resource-scheduler-Job
validations	UNKNOWN STEP	2026-02-22T17:01:29.4297863Z  * [new branch]            resource-secretmanager-Topic -> origin/resource-secretmanager-Topic
validations	UNKNOWN STEP	2026-02-22T17:01:29.4298158Z  * [new branch]            resource-secrets-Secret -> origin/resource-secrets-Secret
validations	UNKNOWN STEP	2026-02-22T17:01:29.4298653Z  * [new branch]            resource-secrets-SecretVersion -> origin/resource-secrets-SecretVersion
validations	UNKNOWN STEP	2026-02-22T17:01:29.4299119Z  * [new branch]            resource-securesourcemanager-BranchRule -> origin/resource-securesourcemanager-BranchRule
validations	UNKNOWN STEP	2026-02-22T17:01:29.4299554Z  * [new branch]            resource-securesourcemanager-Instance -> origin/resource-securesourcemanager-Instance
validations	UNKNOWN STEP	2026-02-22T17:01:29.4300021Z  * [new branch]            resource-securesourcemanager-Repository -> origin/resource-securesourcemanager-Repository
validations	UNKNOWN STEP	2026-02-22T17:01:29.4300320Z  * [new branch]            resource-security-CaPool -> origin/resource-security-CaPool
validations	UNKNOWN STEP	2026-02-22T17:01:29.4300669Z  * [new branch]            resource-security-Certificate -> origin/resource-security-Certificate
validations	UNKNOWN STEP	2026-02-22T17:01:29.4301130Z  * [new branch]            resource-security-CertificateAuthority -> origin/resource-security-CertificateAuthority
validations	UNKNOWN STEP	2026-02-22T17:01:29.4301633Z  * [new branch]            resource-security-CertificateRevocationList -> origin/resource-security-CertificateRevocationList
validations	UNKNOWN STEP	2026-02-22T17:01:29.4302067Z  * [new branch]            resource-security-CertificateTemplate -> origin/resource-security-CertificateTemplate
validations	UNKNOWN STEP	2026-02-22T17:01:29.4302496Z  * [new branch]            resource-security-ExternalAccountKey -> origin/resource-security-ExternalAccountKey
validations	UNKNOWN STEP	2026-02-22T17:01:29.4302874Z  * [new branch]            resource-security-ReusableConfig -> origin/resource-security-ReusableConfig
validations	UNKNOWN STEP	2026-02-22T17:01:29.4303223Z  * [new branch]            resource-securitycenter-Asset -> origin/resource-securitycenter-Asset
validations	UNKNOWN STEP	2026-02-22T17:01:29.4303634Z  * [new branch]            resource-securitycenter-AttackPath -> origin/resource-securitycenter-AttackPath
validations	UNKNOWN STEP	2026-02-22T17:01:29.4304186Z  * [new branch]            resource-securitycenter-BigQueryExport -> origin/resource-securitycenter-BigQueryExport
validations	UNKNOWN STEP	2026-02-22T17:01:29.4304666Z  * [new branch]            resource-securitycenter-ComponentSettings -> origin/resource-securitycenter-ComponentSettings
validations	UNKNOWN STEP	2026-02-22T17:01:29.4305426Z  * [new branch]            resource-securitycenter-EffectiveEventThreatDetectionCustomModule -> origin/resource-securitycenter-EffectiveEventThreatDetectionCustomModule
validations	UNKNOWN STEP	2026-02-22T17:01:29.4306328Z  * [new branch]            resource-securitycenter-EffectiveSecurityHealthAnalyticsCustomModule -> origin/resource-securitycenter-EffectiveSecurityHealthAnalyticsCustomModule
validations	UNKNOWN STEP	2026-02-22T17:01:29.4306975Z  * [new branch]            resource-securitycenter-EventThreatDetectionCustomModule -> origin/resource-securitycenter-EventThreatDetectionCustomModule
validations	UNKNOWN STEP	2026-02-22T17:01:29.4307427Z  * [new branch]            resource-securitycenter-ExternalSystem -> origin/resource-securitycenter-ExternalSystem
validations	UNKNOWN STEP	2026-02-22T17:01:29.4307812Z  * [new branch]            resource-securitycenter-Finding -> origin/resource-securitycenter-Finding
validations	UNKNOWN STEP	2026-02-22T17:01:29.4308214Z  * [new branch]            resource-securitycenter-MuteConfig -> origin/resource-securitycenter-MuteConfig
validations	UNKNOWN STEP	2026-02-22T17:01:29.4308710Z  * [new branch]            resource-securitycenter-NotificationConfig -> origin/resource-securitycenter-NotificationConfig
validations	UNKNOWN STEP	2026-02-22T17:01:29.4309109Z  * [new branch]            resource-securitycenter-OrgPolicy -> origin/resource-securitycenter-OrgPolicy
validations	UNKNOWN STEP	2026-02-22T17:01:29.4309616Z  * [new branch]            resource-securitycenter-OrganizationSettings -> origin/resource-securitycenter-OrganizationSettings
validations	UNKNOWN STEP	2026-02-22T17:01:29.4310314Z  * [new branch]            resource-securitycenter-ResourceValueConfig -> origin/resource-securitycenter-ResourceValueConfig
validations	UNKNOWN STEP	2026-02-22T17:01:29.4311019Z  * [new branch]            resource-securitycenter-SecurityHealthAnalyticsCustomModule -> origin/resource-securitycenter-SecurityHealthAnalyticsCustomModule
validations	UNKNOWN STEP	2026-02-22T17:01:29.4311466Z  * [new branch]            resource-securitycenter-SecurityMarks -> origin/resource-securitycenter-SecurityMarks
validations	UNKNOWN STEP	2026-02-22T17:01:29.4312042Z  * [new branch]            resource-securitycenter-ServiceAccount -> origin/resource-securitycenter-ServiceAccount
validations	UNKNOWN STEP	2026-02-22T17:01:29.4312425Z  * [new branch]            resource-securitycenter-Settings -> origin/resource-securitycenter-Settings
validations	UNKNOWN STEP	2026-02-22T17:01:29.4312823Z  * [new branch]            resource-securitycenter-Simulation -> origin/resource-securitycenter-Simulation
validations	UNKNOWN STEP	2026-02-22T17:01:29.4313193Z  * [new branch]            resource-securitycenter-Source -> origin/resource-securitycenter-Source
validations	UNKNOWN STEP	2026-02-22T17:01:29.4313639Z  * [new branch]            resource-securitycenter-ValuedResource -> origin/resource-securitycenter-ValuedResource
validations	UNKNOWN STEP	2026-02-22T17:01:29.4314504Z  * [new branch]            resource-securitycentermanagement-EffectiveEventThreatDetectionCustomModule -> origin/resource-securitycentermanagement-EffectiveEventThreatDetectionCustomModule
validations	UNKNOWN STEP	2026-02-22T17:01:29.4315418Z  * [new branch]            resource-securitycentermanagement-EffectiveSecurityHealthAnalyticsCustomModule -> origin/resource-securitycentermanagement-EffectiveSecurityHealthAnalyticsCustomModule
validations	UNKNOWN STEP	2026-02-22T17:01:29.4316326Z  * [new branch]            resource-securitycentermanagement-EventThreatDetectionCustomModule -> origin/resource-securitycentermanagement-EventThreatDetectionCustomModule
validations	UNKNOWN STEP	2026-02-22T17:01:29.4316958Z  * [new branch]            resource-securitycentermanagement-SecurityCenterService -> origin/resource-securitycentermanagement-SecurityCenterService
validations	UNKNOWN STEP	2026-02-22T17:01:29.4317745Z  * [new branch]            resource-securitycentermanagement-SecurityHealthAnalyticsCustomModule -> origin/resource-securitycentermanagement-SecurityHealthAnalyticsCustomModule
validations	UNKNOWN STEP	2026-02-22T17:01:29.4318313Z  * [new branch]            resource-securitycentermanagement-SimulatedFinding -> origin/resource-securitycentermanagement-SimulatedFinding
validations	UNKNOWN STEP	2026-02-22T17:01:29.4318858Z  * [new branch]            resource-securityposture-Posture -> origin/resource-securityposture-Posture
validations	UNKNOWN STEP	2026-02-22T17:01:29.4319361Z  * [new branch]            resource-securityposture-PostureDeployment -> origin/resource-securityposture-PostureDeployment
validations	UNKNOWN STEP	2026-02-22T17:01:29.4319840Z  * [new branch]            resource-securityposture-PostureTemplate -> origin/resource-securityposture-PostureTemplate
validations	UNKNOWN STEP	2026-02-22T17:01:29.4320250Z  * [new branch]            resource-servicedirectory-Endpoint -> origin/resource-servicedirectory-Endpoint
validations	UNKNOWN STEP	2026-02-22T17:01:29.4320679Z  * [new branch]            resource-servicedirectory-Namespace -> origin/resource-servicedirectory-Namespace
validations	UNKNOWN STEP	2026-02-22T17:01:29.4321069Z  * [new branch]            resource-servicedirectory-Service -> origin/resource-servicedirectory-Service
validations	UNKNOWN STEP	2026-02-22T17:01:29.4321425Z  * [new branch]            resource-servicehealth-Event -> origin/resource-servicehealth-Event
validations	UNKNOWN STEP	2026-02-22T17:01:29.4321895Z  * [new branch]            resource-servicehealth-OrganizationEvent -> origin/resource-servicehealth-OrganizationEvent
validations	UNKNOWN STEP	2026-02-22T17:01:29.4322383Z  * [new branch]            resource-servicehealth-OrganizationImpact -> origin/resource-servicehealth-OrganizationImpact
validations	UNKNOWN STEP	2026-02-22T17:01:29.4322714Z  * [new branch]            resource-shell-Environment -> origin/resource-shell-Environment
validations	UNKNOWN STEP	2026-02-22T17:01:29.4323086Z  * [new branch]            resource-spanner-InstanceConfig -> origin/resource-spanner-InstanceConfig
validations	UNKNOWN STEP	2026-02-22T17:01:29.4323491Z  * [new branch]            resource-spanner-InstancePartition -> origin/resource-spanner-InstancePartition
validations	UNKNOWN STEP	2026-02-22T17:01:29.4323798Z  * [new branch]            resource-spanner-Session -> origin/resource-spanner-Session
validations	UNKNOWN STEP	2026-02-22T17:01:29.4324088Z  * [new branch]            resource-speech-Config  -> origin/resource-speech-Config
validations	UNKNOWN STEP	2026-02-22T17:01:29.4324422Z  * [new branch]            resource-speech-CustomClass -> origin/resource-speech-CustomClass
validations	UNKNOWN STEP	2026-02-22T17:01:29.4324733Z  * [new branch]            resource-speech-PhraseSet -> origin/resource-speech-PhraseSet
validations	UNKNOWN STEP	2026-02-22T17:01:29.4325069Z  * [new branch]            resource-speech-Recognizer -> origin/resource-speech-Recognizer
validations	UNKNOWN STEP	2026-02-22T17:01:29.4325475Z  * [new branch]            resource-storage-Bucket -> origin/resource-storage-Bucket
validations	UNKNOWN STEP	2026-02-22T17:01:29.4326161Z  * [new branch]            resource-storageinsights-ReportConfig -> origin/resource-storageinsights-ReportConfig
validations	UNKNOWN STEP	2026-02-22T17:01:29.4326614Z  * [new branch]            resource-storageinsights-ReportDetail -> origin/resource-storageinsights-ReportDetail
validations	UNKNOWN STEP	2026-02-22T17:01:29.4327020Z  * [new branch]            resource-storagetransfer-AgentPool -> origin/resource-storagetransfer-AgentPool
validations	UNKNOWN STEP	2026-02-22T17:01:29.4327354Z  * [new branch]            resource-support-Attachment -> origin/resource-support-Attachment
validations	UNKNOWN STEP	2026-02-22T17:01:29.4327649Z  * [new branch]            resource-support-Case   -> origin/resource-support-Case
validations	UNKNOWN STEP	2026-02-22T17:01:29.4327954Z  * [new branch]            resource-support-Comment -> origin/resource-support-Comment
validations	UNKNOWN STEP	2026-02-22T17:01:29.4328256Z  * [new branch]            resource-talent-Company -> origin/resource-talent-Company
validations	UNKNOWN STEP	2026-02-22T17:01:29.4328536Z  * [new branch]            resource-talent-Job     -> origin/resource-talent-Job
validations	UNKNOWN STEP	2026-02-22T17:01:29.4328834Z  * [new branch]            resource-talent-Tenant  -> origin/resource-talent-Tenant
validations	UNKNOWN STEP	2026-02-22T17:01:29.4329108Z  * [new branch]            resource-tasks-Queue    -> origin/resource-tasks-Queue
validations	UNKNOWN STEP	2026-02-22T17:01:29.4329384Z  * [new branch]            resource-tasks-Task     -> origin/resource-tasks-Task
validations	UNKNOWN STEP	2026-02-22T17:01:29.4329787Z  * [new branch]            resource-telcoautomation-Blueprint -> origin/resource-telcoautomation-Blueprint
validations	UNKNOWN STEP	2026-02-22T17:01:29.4330201Z  * [new branch]            resource-telcoautomation-Deployment -> origin/resource-telcoautomation-Deployment
validations	UNKNOWN STEP	2026-02-22T17:01:29.4330597Z  * [new branch]            resource-telcoautomation-EdgeSlm -> origin/resource-telcoautomation-EdgeSlm
validations	UNKNOWN STEP	2026-02-22T17:01:29.4331229Z  * [new branch]            resource-telcoautomation-HydratedDeployment -> origin/resource-telcoautomation-HydratedDeployment
validations	UNKNOWN STEP	2026-02-22T17:01:29.4331759Z  * [new branch]            resource-telcoautomation-OrchestrationCluster -> origin/resource-telcoautomation-OrchestrationCluster
validations	UNKNOWN STEP	2026-02-22T17:01:29.4332250Z  * [new branch]            resource-telcoautomation-PublicBlueprint -> origin/resource-telcoautomation-PublicBlueprint
validations	UNKNOWN STEP	2026-02-22T17:01:29.4332668Z  * [new branch]            resource-timeseriesinsights-DataSet -> origin/resource-timeseriesinsights-DataSet
validations	UNKNOWN STEP	2026-02-22T17:01:29.4333010Z  * [new branch]            resource-tpu-AcceleratorType -> origin/resource-tpu-AcceleratorType
validations	UNKNOWN STEP	2026-02-22T17:01:29.4333287Z  * [new branch]            resource-tpu-Node       -> origin/resource-tpu-Node
validations	UNKNOWN STEP	2026-02-22T17:01:29.4333620Z  * [new branch]            resource-tpu-QueuedResource -> origin/resource-tpu-QueuedResource
validations	UNKNOWN STEP	2026-02-22T17:01:29.4333951Z  * [new branch]            resource-tpu-RuntimeVersion -> origin/resource-tpu-RuntimeVersion
validations	UNKNOWN STEP	2026-02-22T17:01:29.4334328Z  * [new branch]            resource-tpu-TensorFlowVersion -> origin/resource-tpu-TensorFlowVersion
validations	UNKNOWN STEP	2026-02-22T17:01:29.4334791Z  * [new branch]            resource-translation-AdaptiveMtDataset -> origin/resource-translation-AdaptiveMtDataset
validations	UNKNOWN STEP	2026-02-22T17:01:29.4335204Z  * [new branch]            resource-translation-AdaptiveMtFile -> origin/resource-translation-AdaptiveMtFile
validations	UNKNOWN STEP	2026-02-22T17:01:29.4335813Z  * [new branch]            resource-translation-AdaptiveMtSentence -> origin/resource-translation-AdaptiveMtSentence
validations	UNKNOWN STEP	2026-02-22T17:01:29.4336167Z  * [new branch]            resource-translation-Dataset -> origin/resource-translation-Dataset
validations	UNKNOWN STEP	2026-02-22T17:01:29.4336510Z  * [new branch]            resource-translation-Example -> origin/resource-translation-Example
validations	UNKNOWN STEP	2026-02-22T17:01:29.4336863Z  * [new branch]            resource-translation-Glossary -> origin/resource-translation-Glossary
validations	UNKNOWN STEP	2026-02-22T17:01:29.4337275Z  * [new branch]            resource-translation-GlossaryEntry -> origin/resource-translation-GlossaryEntry
validations	UNKNOWN STEP	2026-02-22T17:01:29.4337605Z  * [new branch]            resource-translation-Model -> origin/resource-translation-Model
validations	UNKNOWN STEP	2026-02-22T17:01:29.4338014Z  * [new branch]            resource-video-Asset    -> origin/resource-video-Asset
validations	UNKNOWN STEP	2026-02-22T17:01:29.4338307Z  * [new branch]            resource-video-CdnKey   -> origin/resource-video-CdnKey
validations	UNKNOWN STEP	2026-02-22T17:01:29.4338593Z  * [new branch]            resource-video-Channel  -> origin/resource-video-Channel
validations	UNKNOWN STEP	2026-02-22T17:01:29.4338864Z  * [new branch]            resource-video-Clip     -> origin/resource-video-Clip
validations	UNKNOWN STEP	2026-02-22T17:01:29.4339148Z  * [new branch]            resource-video-Event    -> origin/resource-video-Event
validations	UNKNOWN STEP	2026-02-22T17:01:29.4339421Z  * [new branch]            resource-video-Input    -> origin/resource-video-Input
validations	UNKNOWN STEP	2026-02-22T17:01:29.4339690Z  * [new branch]            resource-video-Job      -> origin/resource-video-Job
validations	UNKNOWN STEP	2026-02-22T17:01:29.4340014Z  * [new branch]            resource-video-JobTemplate -> origin/resource-video-JobTemplate
validations	UNKNOWN STEP	2026-02-22T17:01:29.4340390Z  * [new branch]            resource-video-LiveAdTagDetail -> origin/resource-video-LiveAdTagDetail
validations	UNKNOWN STEP	2026-02-22T17:01:29.4340705Z  * [new branch]            resource-video-LiveConfig -> origin/resource-video-LiveConfig
validations	UNKNOWN STEP	2026-02-22T17:01:29.4341031Z  * [new branch]            resource-video-LiveSession -> origin/resource-video-LiveSession
validations	UNKNOWN STEP	2026-02-22T17:01:29.4341308Z  * [new branch]            resource-video-Pool     -> origin/resource-video-Pool
validations	UNKNOWN STEP	2026-02-22T17:01:29.4341586Z  * [new branch]            resource-video-Slate    -> origin/resource-video-Slate
validations	UNKNOWN STEP	2026-02-22T17:01:29.4341944Z  * [new branch]            resource-video-VodAdTagDetail -> origin/resource-video-VodAdTagDetail
validations	UNKNOWN STEP	2026-02-22T17:01:29.4342245Z  * [new branch]            resource-video-VodConfig -> origin/resource-video-VodConfig
validations	UNKNOWN STEP	2026-02-22T17:01:29.4342549Z  * [new branch]            resource-video-VodSession -> origin/resource-video-VodSession
validations	UNKNOWN STEP	2026-02-22T17:01:29.4342919Z  * [new branch]            resource-video-VodStitchDetail -> origin/resource-video-VodStitchDetail
validations	UNKNOWN STEP	2026-02-22T17:01:29.4343325Z  * [new branch]            resource-vision-Product -> origin/resource-vision-Product
validations	UNKNOWN STEP	2026-02-22T17:01:29.4343657Z  * [new branch]            resource-vision-ProductSet -> origin/resource-vision-ProductSet
validations	UNKNOWN STEP	2026-02-22T17:01:29.4344015Z  * [new branch]            resource-vision-ReferenceImage -> origin/resource-vision-ReferenceImage
validations	UNKNOWN STEP	2026-02-22T17:01:29.4344339Z  * [new branch]            resource-visionai-Analysis -> origin/resource-visionai-Analysis
validations	UNKNOWN STEP	2026-02-22T17:01:29.4344683Z  * [new branch]            resource-visionai-Annotation -> origin/resource-visionai-Annotation
validations	UNKNOWN STEP	2026-02-22T17:01:29.4345031Z  * [new branch]            resource-visionai-Application -> origin/resource-visionai-Application
validations	UNKNOWN STEP	2026-02-22T17:01:29.4345332Z  * [new branch]            resource-visionai-Asset -> origin/resource-visionai-Asset
validations	UNKNOWN STEP	2026-02-22T17:01:29.4345741Z  * [new branch]            resource-visionai-Channel -> origin/resource-visionai-Channel
validations	UNKNOWN STEP	2026-02-22T17:01:29.4346056Z  * [new branch]            resource-visionai-Cluster -> origin/resource-visionai-Cluster
validations	UNKNOWN STEP	2026-02-22T17:01:29.4346410Z  * [new branch]            resource-visionai-Collection -> origin/resource-visionai-Collection
validations	UNKNOWN STEP	2026-02-22T17:01:29.4346710Z  * [new branch]            resource-visionai-Corpus -> origin/resource-visionai-Corpus
validations	UNKNOWN STEP	2026-02-22T17:01:29.4347053Z  * [new branch]            resource-visionai-DataSchema -> origin/resource-visionai-DataSchema
validations	UNKNOWN STEP	2026-02-22T17:01:29.4347350Z  * [new branch]            resource-visionai-Draft -> origin/resource-visionai-Draft
validations	UNKNOWN STEP	2026-02-22T17:01:29.4347643Z  * [new branch]            resource-visionai-Event -> origin/resource-visionai-Event
validations	UNKNOWN STEP	2026-02-22T17:01:29.4347931Z  * [new branch]            resource-visionai-Index -> origin/resource-visionai-Index
validations	UNKNOWN STEP	2026-02-22T17:01:29.4348312Z  * [new branch]            resource-visionai-IndexEndpoint -> origin/resource-visionai-IndexEndpoint
validations	UNKNOWN STEP	2026-02-22T17:01:29.4348630Z  * [new branch]            resource-visionai-Instance -> origin/resource-visionai-Instance
validations	UNKNOWN STEP	2026-02-22T17:01:29.4348951Z  * [new branch]            resource-visionai-Operator -> origin/resource-visionai-Operator
validations	UNKNOWN STEP	2026-02-22T17:01:29.4349385Z  * [new branch]            resource-visionai-Process -> origin/resource-visionai-Process
validations	UNKNOWN STEP	2026-02-22T17:01:29.4349717Z  * [new branch]            resource-visionai-Processor -> origin/resource-visionai-Processor
validations	UNKNOWN STEP	2026-02-22T17:01:29.4350077Z  * [new branch]            resource-visionai-SearchConfig -> origin/resource-visionai-SearchConfig
validations	UNKNOWN STEP	2026-02-22T17:01:29.4350466Z  * [new branch]            resource-visionai-SearchHypernym -> origin/resource-visionai-SearchHypernym
validations	UNKNOWN STEP	2026-02-22T17:01:29.4350766Z  * [new branch]            resource-visionai-Series -> origin/resource-visionai-Series
validations	UNKNOWN STEP	2026-02-22T17:01:29.4351060Z  * [new branch]            resource-visionai-Stream -> origin/resource-visionai-Stream
validations	UNKNOWN STEP	2026-02-22T17:01:29.4351417Z  * [new branch]            resource-vmmigration-CloneJob -> origin/resource-vmmigration-CloneJob
validations	UNKNOWN STEP	2026-02-22T17:01:29.4351795Z  * [new branch]            resource-vmmigration-CutoverJob -> origin/resource-vmmigration-CutoverJob
validations	UNKNOWN STEP	2026-02-22T17:01:29.4352273Z  * [new branch]            resource-vmmigration-DatacenterConnector -> origin/resource-vmmigration-DatacenterConnector
validations	UNKNOWN STEP	2026-02-22T17:01:29.4352598Z  * [new branch]            resource-vmmigration-Group -> origin/resource-vmmigration-Group
validations	UNKNOWN STEP	2026-02-22T17:01:29.4352974Z  * [new branch]            resource-vmmigration-MigratingVm -> origin/resource-vmmigration-MigratingVm
validations	UNKNOWN STEP	2026-02-22T17:01:29.4353408Z  * [new branch]            resource-vmmigration-ReplicationCycle -> origin/resource-vmmigration-ReplicationCycle
validations	UNKNOWN STEP	2026-02-22T17:01:29.4353736Z  * [new branch]            resource-vmmigration-Source -> origin/resource-vmmigration-Source
validations	UNKNOWN STEP	2026-02-22T17:01:29.4354145Z  * [new branch]            resource-vmmigration-TargetProject -> origin/resource-vmmigration-TargetProject
validations	UNKNOWN STEP	2026-02-22T17:01:29.4354594Z  * [new branch]            resource-vmmigration-UtilizationReport -> origin/resource-vmmigration-UtilizationReport
validations	UNKNOWN STEP	2026-02-22T17:01:29.4355054Z  * [new branch]            resource-vmwareengine-Cluster -> origin/resource-vmwareengine-Cluster
validations	UNKNOWN STEP	2026-02-22T17:01:29.4355658Z  * [new branch]            resource-vmwareengine-DnsBindPermission -> origin/resource-vmwareengine-DnsBindPermission
validations	UNKNOWN STEP	2026-02-22T17:01:29.4356086Z  * [new branch]            resource-vmwareengine-DnsForwarding -> origin/resource-vmwareengine-DnsForwarding
validations	UNKNOWN STEP	2026-02-22T17:01:29.4356560Z  * [new branch]            resource-vmwareengine-ExternalAccessRule -> origin/resource-vmwareengine-ExternalAccessRule
validations	UNKNOWN STEP	2026-02-22T17:01:29.4357000Z  * [new branch]            resource-vmwareengine-ExternalAddress -> origin/resource-vmwareengine-ExternalAddress
validations	UNKNOWN STEP	2026-02-22T17:01:29.4357442Z  * [new branch]            resource-vmwareengine-HcxActivationKey -> origin/resource-vmwareengine-HcxActivationKey
validations	UNKNOWN STEP	2026-02-22T17:01:29.4357856Z  * [new branch]            resource-vmwareengine-LoggingServer -> origin/resource-vmwareengine-LoggingServer
validations	UNKNOWN STEP	2026-02-22T17:01:29.4358402Z  * [new branch]            resource-vmwareengine-ManagementDnsZoneBinding -> origin/resource-vmwareengine-ManagementDnsZoneBinding
validations	UNKNOWN STEP	2026-02-22T17:01:29.4358838Z  * [new branch]            resource-vmwareengine-NetworkPeering -> origin/resource-vmwareengine-NetworkPeering
validations	UNKNOWN STEP	2026-02-22T17:01:29.4359248Z  * [new branch]            resource-vmwareengine-NetworkPolicy -> origin/resource-vmwareengine-NetworkPolicy
validations	UNKNOWN STEP	2026-02-22T17:01:29.4359572Z  * [new branch]            resource-vmwareengine-Node -> origin/resource-vmwareengine-Node
validations	UNKNOWN STEP	2026-02-22T17:01:29.4359936Z  * [new branch]            resource-vmwareengine-NodeType -> origin/resource-vmwareengine-NodeType
validations	UNKNOWN STEP	2026-02-22T17:01:29.4360342Z  * [new branch]            resource-vmwareengine-PrivateCloud -> origin/resource-vmwareengine-PrivateCloud
validations	UNKNOWN STEP	2026-02-22T17:01:29.4360815Z  * [new branch]            resource-vmwareengine-PrivateConnection -> origin/resource-vmwareengine-PrivateConnection
validations	UNKNOWN STEP	2026-02-22T17:01:29.4361159Z  * [new branch]            resource-vmwareengine-Subnet -> origin/resource-vmwareengine-Subnet
validations	UNKNOWN STEP	2026-02-22T17:01:29.4361634Z  * [new branch]            resource-vmwareengine-VmwareEngineNetwork -> origin/resource-vmwareengine-VmwareEngineNetwork
validations	UNKNOWN STEP	2026-02-22T17:01:29.4362112Z  * [new branch]            resource-vpcaccess-Connector -> origin/resource-vpcaccess-Connector
validations	UNKNOWN STEP	2026-02-22T17:01:29.4362526Z  * [new branch]            resource-websecurityscanner-Finding -> origin/resource-websecurityscanner-Finding
validations	UNKNOWN STEP	2026-02-22T17:01:29.4362973Z  * [new branch]            resource-websecurityscanner-ScanConfig -> origin/resource-websecurityscanner-ScanConfig
validations	UNKNOWN STEP	2026-02-22T17:01:29.4363386Z  * [new branch]            resource-websecurityscanner-ScanRun -> origin/resource-websecurityscanner-ScanRun
validations	UNKNOWN STEP	2026-02-22T17:01:29.4363726Z  * [new branch]            resource-workflows-Execution -> origin/resource-workflows-Execution
validations	UNKNOWN STEP	2026-02-22T17:01:29.4364054Z  * [new branch]            resource-workflows-Workflow -> origin/resource-workflows-Workflow
validations	UNKNOWN STEP	2026-02-22T17:01:29.4364454Z  * [new branch]            resource-workstations-Workstation -> origin/resource-workstations-Workstation
validations	UNKNOWN STEP	2026-02-22T17:01:29.4364925Z  * [new branch]            resource-workstations-WorkstationCluster -> origin/resource-workstations-WorkstationCluster
validations	UNKNOWN STEP	2026-02-22T17:01:29.4365378Z  * [new branch]            resource-workstations-WorkstationConfig -> origin/resource-workstations-WorkstationConfig
validations	UNKNOWN STEP	2026-02-22T17:01:29.4366387Z  * [new branch]            revert-1713-gkehubfeaturemembershipdirectcontroller -> origin/revert-1713-gkehubfeaturemembershipdirectcontroller
validations	UNKNOWN STEP	2026-02-22T17:01:29.4366836Z  * [new branch]            revert-3685-spannerinstace_forcedelete -> origin/revert-3685-spannerinstace_forcedelete
validations	UNKNOWN STEP	2026-02-22T17:01:29.4367200Z  * [new branch]            revert-3690-generate_fuzzer_tool -> origin/revert-3690-generate_fuzzer_tool
validations	UNKNOWN STEP	2026-02-22T17:01:29.4367746Z  * [new branch]            revert-4164-resource-edgecontainer-vpnconnection -> origin/revert-4164-resource-edgecontainer-vpnconnection
validations	UNKNOWN STEP	2026-02-22T17:01:29.4368313Z  * [new branch]            revert-4218-secretmanagersecret_labels -> origin/revert-4218-secretmanagersecret_labels
validations	UNKNOWN STEP	2026-02-22T17:01:29.4368870Z  * [new branch]            revert-4261-revert-4218-secretmanagersecret_labels -> origin/revert-4261-revert-4218-secretmanagersecret_labels
validations	UNKNOWN STEP	2026-02-22T17:01:29.4369214Z  * [new branch]            revert-4501-acpana/gcptracker -> origin/revert-4501-acpana/gcptracker
validations	UNKNOWN STEP	2026-02-22T17:01:29.4369636Z  * [new branch]            revert-4825-compute_network_gcloud_test -> origin/revert-4825-compute_network_gcloud_test
validations	UNKNOWN STEP	2026-02-22T17:01:29.4369930Z  * [new branch]            update-xcrypto-v0.45.0  -> origin/update-xcrypto-v0.45.0
validations	UNKNOWN STEP	2026-02-22T17:01:29.4370287Z  * [new branch]            xiaoweim/experimental-release -> origin/xiaoweim/experimental-release
validations	UNKNOWN STEP	2026-02-22T17:01:29.4370550Z  * [new branch]            yuwenma-patch-1         -> origin/yuwenma-patch-1
validations	UNKNOWN STEP	2026-02-22T17:01:29.4370804Z  * [new branch]            yuwenma-patch-2         -> origin/yuwenma-patch-2
validations	UNKNOWN STEP	2026-02-22T17:01:29.4371012Z  * [new tag]               0.0.2                   -> 0.0.2
validations	UNKNOWN STEP	2026-02-22T17:01:29.4371203Z  * [new tag]               0.0.4                   -> 0.0.4
validations	UNKNOWN STEP	2026-02-22T17:01:29.4371393Z  * [new tag]               0.3.10                  -> 0.3.10
validations	UNKNOWN STEP	2026-02-22T17:01:29.4371583Z  * [new tag]               0.4.0                   -> 0.4.0
validations	UNKNOWN STEP	2026-02-22T17:01:29.4371762Z  * [new tag]               0.4.1                   -> 0.4.1
validations	UNKNOWN STEP	2026-02-22T17:01:29.4371942Z  * [new tag]               1.0.0                   -> 1.0.0
validations	UNKNOWN STEP	2026-02-22T17:01:29.4372118Z  * [new tag]               1.0.1                   -> 1.0.1
validations	UNKNOWN STEP	2026-02-22T17:01:29.4372302Z  * [new tag]               1.1.0                   -> 1.1.0
validations	UNKNOWN STEP	2026-02-22T17:01:29.4372479Z  * [new tag]               1.1.1                   -> 1.1.1
validations	UNKNOWN STEP	2026-02-22T17:01:29.4372668Z  * [new tag]               1.10.0                  -> 1.10.0
validations	UNKNOWN STEP	2026-02-22T17:01:29.4372860Z  * [new tag]               1.11.0                  -> 1.11.0
validations	UNKNOWN STEP	2026-02-22T17:01:29.4373047Z  * [new tag]               1.11.1                  -> 1.11.1
validations	UNKNOWN STEP	2026-02-22T17:01:29.4373231Z  * [new tag]               1.12.0                  -> 1.12.0
validations	UNKNOWN STEP	2026-02-22T17:01:29.4373542Z  * [new tag]               1.12.1                  -> 1.12.1
validations	UNKNOWN STEP	2026-02-22T17:01:29.4373736Z  * [new tag]               1.126.0                 -> 1.126.0
validations	UNKNOWN STEP	2026-02-22T17:01:29.4373945Z  * [new tag]               1.126.0-rc.1            -> 1.126.0-rc.1
validations	UNKNOWN STEP	2026-02-22T17:01:29.4374147Z  * [new tag]               1.126.0-rc.2            -> 1.126.0-rc.2
validations	UNKNOWN STEP	2026-02-22T17:01:29.4374341Z  * [new tag]               1.128.0                 -> 1.128.0
validations	UNKNOWN STEP	2026-02-22T17:01:29.4374530Z  * [new tag]               1.13.0                  -> 1.13.0
validations	UNKNOWN STEP	2026-02-22T17:01:29.4374712Z  * [new tag]               1.13.1                  -> 1.13.1
validations	UNKNOWN STEP	2026-02-22T17:01:29.4374904Z  * [new tag]               1.14.0                  -> 1.14.0
validations	UNKNOWN STEP	2026-02-22T17:01:29.4375087Z  * [new tag]               1.15.0                  -> 1.15.0
validations	UNKNOWN STEP	2026-02-22T17:01:29.4375270Z  * [new tag]               1.15.1                  -> 1.15.1
validations	UNKNOWN STEP	2026-02-22T17:01:29.4375468Z  * [new tag]               1.16.0                  -> 1.16.0
validations	UNKNOWN STEP	2026-02-22T17:01:29.4375801Z  * [new tag]               1.17.0                  -> 1.17.0
validations	UNKNOWN STEP	2026-02-22T17:01:29.4375986Z  * [new tag]               1.18.0                  -> 1.18.0
validations	UNKNOWN STEP	2026-02-22T17:01:29.4376173Z  * [new tag]               1.19.0                  -> 1.19.0
validations	UNKNOWN STEP	2026-02-22T17:01:29.4376356Z  * [new tag]               1.19.1                  -> 1.19.1
validations	UNKNOWN STEP	2026-02-22T17:01:29.4376535Z  * [new tag]               1.2.0                   -> 1.2.0
validations	UNKNOWN STEP	2026-02-22T17:01:29.4376716Z  * [new tag]               1.20.0                  -> 1.20.0
validations	UNKNOWN STEP	2026-02-22T17:01:29.4376904Z  * [new tag]               1.20.1                  -> 1.20.1
validations	UNKNOWN STEP	2026-02-22T17:01:29.4377087Z  * [new tag]               1.21.0                  -> 1.21.0
validations	UNKNOWN STEP	2026-02-22T17:01:29.4377270Z  * [new tag]               1.21.1                  -> 1.21.1
validations	UNKNOWN STEP	2026-02-22T17:01:29.4377456Z  * [new tag]               1.22.0                  -> 1.22.0
validations	UNKNOWN STEP	2026-02-22T17:01:29.4377757Z  * [new tag]               1.23.0                  -> 1.23.0
validations	UNKNOWN STEP	2026-02-22T17:01:29.4377957Z  * [new tag]               1.24.0                  -> 1.24.0
validations	UNKNOWN STEP	2026-02-22T17:01:29.4378148Z  * [new tag]               1.25.0                  -> 1.25.0
validations	UNKNOWN STEP	2026-02-22T17:01:29.4378332Z  * [new tag]               1.26.0                  -> 1.26.0
validations	UNKNOWN STEP	2026-02-22T17:01:29.4378513Z  * [new tag]               1.27.0                  -> 1.27.0
validations	UNKNOWN STEP	2026-02-22T17:01:29.4378696Z  * [new tag]               1.27.1                  -> 1.27.1
validations	UNKNOWN STEP	2026-02-22T17:01:29.4378883Z  * [new tag]               1.28.0                  -> 1.28.0
validations	UNKNOWN STEP	2026-02-22T17:01:29.4379066Z  * [new tag]               1.29.0                  -> 1.29.0
validations	UNKNOWN STEP	2026-02-22T17:01:29.4379252Z  * [new tag]               1.3.0                   -> 1.3.0
validations	UNKNOWN STEP	2026-02-22T17:01:29.4379439Z  * [new tag]               1.3.1                   -> 1.3.1
validations	UNKNOWN STEP	2026-02-22T17:01:29.4379624Z  * [new tag]               1.30.0                  -> 1.30.0
validations	UNKNOWN STEP	2026-02-22T17:01:29.4379812Z  * [new tag]               1.31.0                  -> 1.31.0
validations	UNKNOWN STEP	2026-02-22T17:01:29.4379998Z  * [new tag]               1.31.1                  -> 1.31.1
validations	UNKNOWN STEP	2026-02-22T17:01:29.4380185Z  * [new tag]               1.32.0                  -> 1.32.0
validations	UNKNOWN STEP	2026-02-22T17:01:29.4380367Z  * [new tag]               1.33.0                  -> 1.33.0
validations	UNKNOWN STEP	2026-02-22T17:01:29.4380563Z  * [new tag]               1.34.0                  -> 1.34.0
validations	UNKNOWN STEP	2026-02-22T17:01:29.4380745Z  * [new tag]               1.35.0                  -> 1.35.0
validations	UNKNOWN STEP	2026-02-22T17:01:29.4380933Z  * [new tag]               1.36.0                  -> 1.36.0
validations	UNKNOWN STEP	2026-02-22T17:01:29.4381115Z  * [new tag]               1.37.0                  -> 1.37.0
validations	UNKNOWN STEP	2026-02-22T17:01:29.4381304Z  * [new tag]               1.38.0                  -> 1.38.0
validations	UNKNOWN STEP	2026-02-22T17:01:29.4381486Z  * [new tag]               1.38.1                  -> 1.38.1
validations	UNKNOWN STEP	2026-02-22T17:01:29.4381668Z  * [new tag]               1.39.0                  -> 1.39.0
validations	UNKNOWN STEP	2026-02-22T17:01:29.4381852Z  * [new tag]               1.4.0                   -> 1.4.0
validations	UNKNOWN STEP	2026-02-22T17:01:29.4382038Z  * [new tag]               1.40.0                  -> 1.40.0
validations	UNKNOWN STEP	2026-02-22T17:01:29.4382331Z  * [new tag]               1.5.0                   -> 1.5.0
validations	UNKNOWN STEP	2026-02-22T17:01:29.4382519Z  * [new tag]               1.5.1                   -> 1.5.1
validations	UNKNOWN STEP	2026-02-22T17:01:29.4382700Z  * [new tag]               1.5.2                   -> 1.5.2
validations	UNKNOWN STEP	2026-02-22T17:01:29.4382885Z  * [new tag]               1.51.0                  -> 1.51.0
validations	UNKNOWN STEP	2026-02-22T17:01:29.4383067Z  * [new tag]               1.6.0                   -> 1.6.0
validations	UNKNOWN STEP	2026-02-22T17:01:29.4383251Z  * [new tag]               1.6.1                   -> 1.6.1
validations	UNKNOWN STEP	2026-02-22T17:01:29.4383430Z  * [new tag]               1.7.0                   -> 1.7.0
validations	UNKNOWN STEP	2026-02-22T17:01:29.4383608Z  * [new tag]               1.7.1                   -> 1.7.1
validations	UNKNOWN STEP	2026-02-22T17:01:29.4383790Z  * [new tag]               1.7.2                   -> 1.7.2
validations	UNKNOWN STEP	2026-02-22T17:01:29.4383970Z  * [new tag]               1.8.0                   -> 1.8.0
validations	UNKNOWN STEP	2026-02-22T17:01:29.4384156Z  * [new tag]               1.9.0                   -> 1.9.0
validations	UNKNOWN STEP	2026-02-22T17:01:29.4384341Z  * [new tag]               1.9.1                   -> 1.9.1
validations	UNKNOWN STEP	2026-02-22T17:01:29.4384529Z  * [new tag]               1.9.2                   -> 1.9.2
validations	UNKNOWN STEP	2026-02-22T17:01:29.4384722Z  * [new tag]               v0.0.10                 -> v0.0.10
validations	UNKNOWN STEP	2026-02-22T17:01:29.4384915Z  * [new tag]               v0.0.3                  -> v0.0.3
validations	UNKNOWN STEP	2026-02-22T17:01:29.4385099Z  * [new tag]               v0.0.5                  -> v0.0.5
validations	UNKNOWN STEP	2026-02-22T17:01:29.4385282Z  * [new tag]               v0.0.6                  -> v0.0.6
validations	UNKNOWN STEP	2026-02-22T17:01:29.4385467Z  * [new tag]               v0.0.7                  -> v0.0.7
validations	UNKNOWN STEP	2026-02-22T17:01:29.4385758Z  * [new tag]               v0.0.8                  -> v0.0.8
validations	UNKNOWN STEP	2026-02-22T17:01:29.4385941Z  * [new tag]               v0.0.9                  -> v0.0.9
validations	UNKNOWN STEP	2026-02-22T17:01:29.4386126Z  * [new tag]               v0.1.2                  -> v0.1.2
validations	UNKNOWN STEP	2026-02-22T17:01:29.4386315Z  * [new tag]               v0.1.3                  -> v0.1.3
validations	UNKNOWN STEP	2026-02-22T17:01:29.4386614Z  * [new tag]               v0.1.4                  -> v0.1.4
validations	UNKNOWN STEP	2026-02-22T17:01:29.4386806Z  * [new tag]               v0.1.5                  -> v0.1.5
validations	UNKNOWN STEP	2026-02-22T17:01:29.4386999Z  * [new tag]               v0.1.6                  -> v0.1.6
validations	UNKNOWN STEP	2026-02-22T17:01:29.4387182Z  * [new tag]               v0.1.7                  -> v0.1.7
validations	UNKNOWN STEP	2026-02-22T17:01:29.4387365Z  * [new tag]               v0.2.0                  -> v0.2.0
validations	UNKNOWN STEP	2026-02-22T17:01:29.4387548Z  * [new tag]               v0.2.1                  -> v0.2.1
validations	UNKNOWN STEP	2026-02-22T17:01:29.4387739Z  * [new tag]               v0.3.0                  -> v0.3.0
validations	UNKNOWN STEP	2026-02-22T17:01:29.4387921Z  * [new tag]               v0.3.1                  -> v0.3.1
validations	UNKNOWN STEP	2026-02-22T17:01:29.4388106Z  * [new tag]               v0.3.2                  -> v0.3.2
validations	UNKNOWN STEP	2026-02-22T17:01:29.4388297Z  * [new tag]               v0.3.3                  -> v0.3.3
validations	UNKNOWN STEP	2026-02-22T17:01:29.4388480Z  * [new tag]               v0.3.4                  -> v0.3.4
validations	UNKNOWN STEP	2026-02-22T17:01:29.4388669Z  * [new tag]               v0.3.5                  -> v0.3.5
validations	UNKNOWN STEP	2026-02-22T17:01:29.4388859Z  * [new tag]               v0.3.6                  -> v0.3.6
validations	UNKNOWN STEP	2026-02-22T17:01:29.4389048Z  * [new tag]               v0.3.7                  -> v0.3.7
validations	UNKNOWN STEP	2026-02-22T17:01:29.4389233Z  * [new tag]               v0.3.8                  -> v0.3.8
validations	UNKNOWN STEP	2026-02-22T17:01:29.4389423Z  * [new tag]               v0.3.9                  -> v0.3.9
validations	UNKNOWN STEP	2026-02-22T17:01:29.4389604Z  * [new tag]               v0.4.0                  -> v0.4.0
validations	UNKNOWN STEP	2026-02-22T17:01:29.4389808Z  * [new tag]               v1.0.0-rc1              -> v1.0.0-rc1
validations	UNKNOWN STEP	2026-02-22T17:01:29.4390003Z  * [new tag]               v1.100.0                -> v1.100.0
validations	UNKNOWN STEP	2026-02-22T17:01:29.4390199Z  * [new tag]               v1.101.0                -> v1.101.0
validations	UNKNOWN STEP	2026-02-22T17:01:29.4390389Z  * [new tag]               v1.102.0                -> v1.102.0
validations	UNKNOWN STEP	2026-02-22T17:01:29.4390575Z  * [new tag]               v1.103.0                -> v1.103.0
validations	UNKNOWN STEP	2026-02-22T17:01:29.4390772Z  * [new tag]               v1.104.0                -> v1.104.0
validations	UNKNOWN STEP	2026-02-22T17:01:29.4390960Z  * [new tag]               v1.105.0                -> v1.105.0
validations	UNKNOWN STEP	2026-02-22T17:01:29.4391259Z  * [new tag]               v1.106.0                -> v1.106.0
validations	UNKNOWN STEP	2026-02-22T17:01:29.4391457Z  * [new tag]               v1.107.0                -> v1.107.0
validations	UNKNOWN STEP	2026-02-22T17:01:29.4391649Z  * [new tag]               v1.108.0                -> v1.108.0
validations	UNKNOWN STEP	2026-02-22T17:01:29.4391835Z  * [new tag]               v1.109.0                -> v1.109.0
validations	UNKNOWN STEP	2026-02-22T17:01:29.4392029Z  * [new tag]               v1.110.0                -> v1.110.0
validations	UNKNOWN STEP	2026-02-22T17:01:29.4392216Z  * [new tag]               v1.111.0                -> v1.111.0
validations	UNKNOWN STEP	2026-02-22T17:01:29.4392402Z  * [new tag]               v1.112.0                -> v1.112.0
validations	UNKNOWN STEP	2026-02-22T17:01:29.4392591Z  * [new tag]               v1.113.0                -> v1.113.0
validations	UNKNOWN STEP	2026-02-22T17:01:29.4392784Z  * [new tag]               v1.114.0                -> v1.114.0
validations	UNKNOWN STEP	2026-02-22T17:01:29.4392979Z  * [new tag]               v1.114.1                -> v1.114.1
validations	UNKNOWN STEP	2026-02-22T17:01:29.4393169Z  * [new tag]               v1.115.0                -> v1.115.0
validations	UNKNOWN STEP	2026-02-22T17:01:29.4393369Z  * [new tag]               v1.116.0                -> v1.116.0
validations	UNKNOWN STEP	2026-02-22T17:01:29.4393555Z  * [new tag]               v1.117.0                -> v1.117.0
validations	UNKNOWN STEP	2026-02-22T17:01:29.4393740Z  * [new tag]               v1.118.0                -> v1.118.0
validations	UNKNOWN STEP	2026-02-22T17:01:29.4393937Z  * [new tag]               v1.118.1                -> v1.118.1
validations	UNKNOWN STEP	2026-02-22T17:01:29.4394126Z  * [new tag]               v1.118.2                -> v1.118.2
validations	UNKNOWN STEP	2026-02-22T17:01:29.4394314Z  * [new tag]               v1.119.0                -> v1.119.0
validations	UNKNOWN STEP	2026-02-22T17:01:29.4394500Z  * [new tag]               v1.120.0                -> v1.120.0
validations	UNKNOWN STEP	2026-02-22T17:01:29.4394696Z  * [new tag]               v1.120.1                -> v1.120.1
validations	UNKNOWN STEP	2026-02-22T17:01:29.4394883Z  * [new tag]               v1.121.0                -> v1.121.0
validations	UNKNOWN STEP	2026-02-22T17:01:29.4395072Z  * [new tag]               v1.122.0                -> v1.122.0
validations	UNKNOWN STEP	2026-02-22T17:01:29.4395344Z  * [new tag]               v1.123.0                -> v1.123.0
validations	UNKNOWN STEP	2026-02-22T17:01:29.4395663Z  * [new tag]               v1.123.1                -> v1.123.1
validations	UNKNOWN STEP	2026-02-22T17:01:29.4395864Z  * [new tag]               v1.124.0                -> v1.124.0
validations	UNKNOWN STEP	2026-02-22T17:01:29.4396059Z  * [new tag]               v1.125.0                -> v1.125.0
validations	UNKNOWN STEP	2026-02-22T17:01:29.4396248Z  * [new tag]               v1.126.0                -> v1.126.0
validations	UNKNOWN STEP	2026-02-22T17:01:29.4396434Z  * [new tag]               v1.127.0                -> v1.127.0
validations	UNKNOWN STEP	2026-02-22T17:01:29.4396628Z  * [new tag]               v1.128.0                -> v1.128.0
validations	UNKNOWN STEP	2026-02-22T17:01:29.4396816Z  * [new tag]               v1.129.2                -> v1.129.2
validations	UNKNOWN STEP	2026-02-22T17:01:29.4397002Z  * [new tag]               v1.130.1                -> v1.130.1
validations	UNKNOWN STEP	2026-02-22T17:01:29.4397188Z  * [new tag]               v1.130.2                -> v1.130.2
validations	UNKNOWN STEP	2026-02-22T17:01:29.4397378Z  * [new tag]               v1.131.0                -> v1.131.0
validations	UNKNOWN STEP	2026-02-22T17:01:29.4397570Z  * [new tag]               v1.132.0                -> v1.132.0
validations	UNKNOWN STEP	2026-02-22T17:01:29.4397761Z  * [new tag]               v1.132.1                -> v1.132.1
validations	UNKNOWN STEP	2026-02-22T17:01:29.4397954Z  * [new tag]               v1.133.0                -> v1.133.0
validations	UNKNOWN STEP	2026-02-22T17:01:29.4398142Z  * [new tag]               v1.134.0                -> v1.134.0
validations	UNKNOWN STEP	2026-02-22T17:01:29.4398327Z  * [new tag]               v1.134.1                -> v1.134.1
validations	UNKNOWN STEP	2026-02-22T17:01:29.4398517Z  * [new tag]               v1.134.2                -> v1.134.2
validations	UNKNOWN STEP	2026-02-22T17:01:29.4398704Z  * [new tag]               v1.134.3                -> v1.134.3
validations	UNKNOWN STEP	2026-02-22T17:01:29.4398890Z  * [new tag]               v1.134.4                -> v1.134.4
validations	UNKNOWN STEP	2026-02-22T17:01:29.4399081Z  * [new tag]               v1.135.0                -> v1.135.0
validations	UNKNOWN STEP	2026-02-22T17:01:29.4399267Z  * [new tag]               v1.136.0                -> v1.136.0
validations	UNKNOWN STEP	2026-02-22T17:01:29.4399455Z  * [new tag]               v1.136.1                -> v1.136.1
validations	UNKNOWN STEP	2026-02-22T17:01:29.4399648Z  * [new tag]               v1.137.0                -> v1.137.0
validations	UNKNOWN STEP	2026-02-22T17:01:29.4399982Z  * [new tag]               v1.137.1                -> v1.137.1
validations	UNKNOWN STEP	2026-02-22T17:01:29.4400170Z  * [new tag]               v1.138.0                -> v1.138.0
validations	UNKNOWN STEP	2026-02-22T17:01:29.4400356Z  * [new tag]               v1.138.1                -> v1.138.1
validations	UNKNOWN STEP	2026-02-22T17:01:29.4400561Z  * [new tag]               v1.139.0                -> v1.139.0
validations	UNKNOWN STEP	2026-02-22T17:01:29.4400749Z  * [new tag]               v1.139.1                -> v1.139.1
validations	UNKNOWN STEP	2026-02-22T17:01:29.4400935Z  * [new tag]               v1.140.0                -> v1.140.0
validations	UNKNOWN STEP	2026-02-22T17:01:29.4401124Z  * [new tag]               v1.140.1                -> v1.140.1
validations	UNKNOWN STEP	2026-02-22T17:01:29.4401310Z  * [new tag]               v1.140.2                -> v1.140.2
validations	UNKNOWN STEP	2026-02-22T17:01:29.4401497Z  * [new tag]               v1.141.0                -> v1.141.0
validations	UNKNOWN STEP	2026-02-22T17:01:29.4401691Z  * [new tag]               v1.142.0                -> v1.142.0
validations	UNKNOWN STEP	2026-02-22T17:01:29.4401883Z  * [new tag]               v1.143.0                -> v1.143.0
validations	UNKNOWN STEP	2026-02-22T17:01:29.4402079Z  * [new tag]               v1.144.0                -> v1.144.0
validations	UNKNOWN STEP	2026-02-22T17:01:29.4402266Z  * [new tag]               v1.145.0                -> v1.145.0
validations	UNKNOWN STEP	2026-02-22T17:01:29.4402462Z  * [new tag]               v1.41.0                 -> v1.41.0
validations	UNKNOWN STEP	2026-02-22T17:01:29.4402652Z  * [new tag]               v1.42.0                 -> v1.42.0
validations	UNKNOWN STEP	2026-02-22T17:01:29.4402841Z  * [new tag]               v1.43.0                 -> v1.43.0
validations	UNKNOWN STEP	2026-02-22T17:01:29.4403033Z  * [new tag]               v1.44.0                 -> v1.44.0
validations	UNKNOWN STEP	2026-02-22T17:01:29.4403222Z  * [new tag]               v1.45.0                 -> v1.45.0
validations	UNKNOWN STEP	2026-02-22T17:01:29.4403406Z  * [new tag]               v1.46.0                 -> v1.46.0
validations	UNKNOWN STEP	2026-02-22T17:01:29.4403596Z  * [new tag]               v1.47.0                 -> v1.47.0
validations	UNKNOWN STEP	2026-02-22T17:01:29.4403784Z  * [new tag]               v1.48.0                 -> v1.48.0
validations	UNKNOWN STEP	2026-02-22T17:01:29.4404110Z  * [new tag]               v1.49.0                 -> v1.49.0
validations	UNKNOWN STEP	2026-02-22T17:01:29.4404301Z  * [new tag]               v1.49.1                 -> v1.49.1
validations	UNKNOWN STEP	2026-02-22T17:01:29.4404503Z  * [new tag]               v1.50.0                 -> v1.50.0
validations	UNKNOWN STEP	2026-02-22T17:01:29.4404691Z  * [new tag]               v1.51.0                 -> v1.51.0
validations	UNKNOWN STEP	2026-02-22T17:01:29.4404876Z  * [new tag]               v1.51.1                 -> v1.51.1
validations	UNKNOWN STEP	2026-02-22T17:01:29.4405068Z  * [new tag]               v1.51.2                 -> v1.51.2
validations	UNKNOWN STEP	2026-02-22T17:01:29.4405255Z  * [new tag]               v1.52.0                 -> v1.52.0
validations	UNKNOWN STEP	2026-02-22T17:01:29.4405440Z  * [new tag]               v1.53.0                 -> v1.53.0
validations	UNKNOWN STEP	2026-02-22T17:01:29.4405878Z  * [new tag]               v1.54.0                 -> v1.54.0
validations	UNKNOWN STEP	2026-02-22T17:01:29.4406059Z  * [new tag]               v1.55.0                 -> v1.55.0
validations	UNKNOWN STEP	2026-02-22T17:01:29.4406248Z  * [new tag]               v1.56.0                 -> v1.56.0
validations	UNKNOWN STEP	2026-02-22T17:01:29.4406447Z  * [new tag]               v1.57.0                 -> v1.57.0
validations	UNKNOWN STEP	2026-02-22T17:01:29.4406632Z  * [new tag]               v1.58.0                 -> v1.58.0
validations	UNKNOWN STEP	2026-02-22T17:01:29.4406824Z  * [new tag]               v1.58.1                 -> v1.58.1
validations	UNKNOWN STEP	2026-02-22T17:01:29.4407008Z  * [new tag]               v1.59.0                 -> v1.59.0
validations	UNKNOWN STEP	2026-02-22T17:01:29.4407203Z  * [new tag]               v1.60.0                 -> v1.60.0
validations	UNKNOWN STEP	2026-02-22T17:01:29.4407389Z  * [new tag]               v1.61.0                 -> v1.61.0
validations	UNKNOWN STEP	2026-02-22T17:01:29.4407573Z  * [new tag]               v1.62.0                 -> v1.62.0
validations	UNKNOWN STEP	2026-02-22T17:01:29.4407763Z  * [new tag]               v1.63.0                 -> v1.63.0
validations	UNKNOWN STEP	2026-02-22T17:01:29.4407947Z  * [new tag]               v1.64.0                 -> v1.64.0
validations	UNKNOWN STEP	2026-02-22T17:01:29.4408134Z  * [new tag]               v1.65.0                 -> v1.65.0
validations	UNKNOWN STEP	2026-02-22T17:01:29.4408323Z  * [new tag]               v1.66.0                 -> v1.66.0
validations	UNKNOWN STEP	2026-02-22T17:01:29.4408508Z  * [new tag]               v1.67.0                 -> v1.67.0
validations	UNKNOWN STEP	2026-02-22T17:01:29.4408701Z  * [new tag]               v1.68.0                 -> v1.68.0
validations	UNKNOWN STEP	2026-02-22T17:01:29.4409032Z  * [new tag]               v1.69.0                 -> v1.69.0
validations	UNKNOWN STEP	2026-02-22T17:01:29.4409224Z  * [new tag]               v1.70.0                 -> v1.70.0
validations	UNKNOWN STEP	2026-02-22T17:01:29.4409411Z  * [new tag]               v1.71.0                 -> v1.71.0
validations	UNKNOWN STEP	2026-02-22T17:01:29.4409595Z  * [new tag]               v1.72.0                 -> v1.72.0
validations	UNKNOWN STEP	2026-02-22T17:01:29.4409786Z  * [new tag]               v1.72.1                 -> v1.72.1
validations	UNKNOWN STEP	2026-02-22T17:01:29.4410006Z  * [new tag]               v1.73.0                 -> v1.73.0
validations	UNKNOWN STEP	2026-02-22T17:01:29.4410193Z  * [new tag]               v1.74.0                 -> v1.74.0
validations	UNKNOWN STEP	2026-02-22T17:01:29.4410390Z  * [new tag]               v1.75.0                 -> v1.75.0
validations	UNKNOWN STEP	2026-02-22T17:01:29.4410577Z  * [new tag]               v1.76.0                 -> v1.76.0
validations	UNKNOWN STEP	2026-02-22T17:01:29.4410762Z  * [new tag]               v1.77.0                 -> v1.77.0
validations	UNKNOWN STEP	2026-02-22T17:01:29.4410960Z  * [new tag]               v1.78.0                 -> v1.78.0
validations	UNKNOWN STEP	2026-02-22T17:01:29.4411157Z  * [new tag]               v1.79.0                 -> v1.79.0
validations	UNKNOWN STEP	2026-02-22T17:01:29.4411347Z  * [new tag]               v1.80.0                 -> v1.80.0
validations	UNKNOWN STEP	2026-02-22T17:01:29.4411540Z  * [new tag]               v1.81.0                 -> v1.81.0
validations	UNKNOWN STEP	2026-02-22T17:01:29.4411728Z  * [new tag]               v1.82.0                 -> v1.82.0
validations	UNKNOWN STEP	2026-02-22T17:01:29.4411913Z  * [new tag]               v1.83.0                 -> v1.83.0
validations	UNKNOWN STEP	2026-02-22T17:01:29.4412097Z  * [new tag]               v1.84.0                 -> v1.84.0
validations	UNKNOWN STEP	2026-02-22T17:01:29.4412288Z  * [new tag]               v1.85.0                 -> v1.85.0
validations	UNKNOWN STEP	2026-02-22T17:01:29.4412477Z  * [new tag]               v1.86.0                 -> v1.86.0
validations	UNKNOWN STEP	2026-02-22T17:01:29.4412661Z  * [new tag]               v1.87.0                 -> v1.87.0
validations	UNKNOWN STEP	2026-02-22T17:01:29.4412853Z  * [new tag]               v1.88.0                 -> v1.88.0
validations	UNKNOWN STEP	2026-02-22T17:01:29.4413149Z  * [new tag]               v1.89.0                 -> v1.89.0
validations	UNKNOWN STEP	2026-02-22T17:01:29.4413341Z  * [new tag]               v1.90.0                 -> v1.90.0
validations	UNKNOWN STEP	2026-02-22T17:01:29.4413542Z  * [new tag]               v1.91.0                 -> v1.91.0
validations	UNKNOWN STEP	2026-02-22T17:01:29.4413731Z  * [new tag]               v1.92.0                 -> v1.92.0
validations	UNKNOWN STEP	2026-02-22T17:01:29.4413918Z  * [new tag]               v1.93.0                 -> v1.93.0
validations	UNKNOWN STEP	2026-02-22T17:01:29.4414109Z  * [new tag]               v1.94.0                 -> v1.94.0
validations	UNKNOWN STEP	2026-02-22T17:01:29.4414296Z  * [new tag]               v1.95.0                 -> v1.95.0
validations	UNKNOWN STEP	2026-02-22T17:01:29.4414485Z  * [new tag]               v1.96.0                 -> v1.96.0
validations	UNKNOWN STEP	2026-02-22T17:01:29.4414673Z  * [new tag]               v1.97.0                 -> v1.97.0
validations	UNKNOWN STEP	2026-02-22T17:01:29.4414863Z  * [new tag]               v1.98.0                 -> v1.98.0
validations	UNKNOWN STEP	2026-02-22T17:01:29.4415049Z  * [new tag]               v1.99.0                 -> v1.99.0
validations	UNKNOWN STEP	2026-02-22T17:01:29.4415339Z  * [new ref]               8d07a72058901e85bc09c469ce29acc934713843 -> pull/6691/merge
validations	UNKNOWN STEP	2026-02-22T17:01:29.5519556Z ##[endgroup]
validations	UNKNOWN STEP	2026-02-22T17:01:29.5519950Z ##[group]Determining the checkout info
validations	UNKNOWN STEP	2026-02-22T17:01:29.5520863Z ##[endgroup]
validations	UNKNOWN STEP	2026-02-22T17:01:29.5527079Z [command]/usr/bin/git sparse-checkout disable
validations	UNKNOWN STEP	2026-02-22T17:01:29.5569224Z [command]/usr/bin/git config --local --unset-all extensions.worktreeConfig
validations	UNKNOWN STEP	2026-02-22T17:01:29.5596119Z ##[group]Checking out the ref
validations	UNKNOWN STEP	2026-02-22T17:01:29.5600504Z [command]/usr/bin/git checkout --progress --force refs/remotes/pull/6691/merge
validations	UNKNOWN STEP	2026-02-22T17:01:30.6007178Z Updating files:  25% (7934/30606)
validations	UNKNOWN STEP	2026-02-22T17:01:30.6225977Z Updating files:  26% (7958/30606)
validations	UNKNOWN STEP	2026-02-22T17:01:30.6414821Z Updating files:  27% (8264/30606)
validations	UNKNOWN STEP	2026-02-22T17:01:30.6589523Z Updating files:  28% (8570/30606)
validations	UNKNOWN STEP	2026-02-22T17:01:30.6739332Z Updating files:  29% (8876/30606)
validations	UNKNOWN STEP	2026-02-22T17:01:30.6881742Z Updating files:  30% (9182/30606)
validations	UNKNOWN STEP	2026-02-22T17:01:30.7021139Z Updating files:  31% (9488/30606)
validations	UNKNOWN STEP	2026-02-22T17:01:30.7158940Z Updating files:  32% (9794/30606)
validations	UNKNOWN STEP	2026-02-22T17:01:30.7302653Z Updating files:  33% (10100/30606)
validations	UNKNOWN STEP	2026-02-22T17:01:30.7520337Z Updating files:  34% (10407/30606)
validations	UNKNOWN STEP	2026-02-22T17:01:30.7697928Z Updating files:  35% (10713/30606)
validations	UNKNOWN STEP	2026-02-22T17:01:30.8026534Z Updating files:  36% (11019/30606)
validations	UNKNOWN STEP	2026-02-22T17:01:30.8223443Z Updating files:  37% (11325/30606)
validations	UNKNOWN STEP	2026-02-22T17:01:30.8450067Z Updating files:  38% (11631/30606)
validations	UNKNOWN STEP	2026-02-22T17:01:30.8637701Z Updating files:  39% (11937/30606)
validations	UNKNOWN STEP	2026-02-22T17:01:30.8809194Z Updating files:  40% (12243/30606)
validations	UNKNOWN STEP	2026-02-22T17:01:30.9012853Z Updating files:  41% (12549/30606)
validations	UNKNOWN STEP	2026-02-22T17:01:30.9188180Z Updating files:  42% (12855/30606)
validations	UNKNOWN STEP	2026-02-22T17:01:30.9361387Z Updating files:  43% (13161/30606)
validations	UNKNOWN STEP	2026-02-22T17:01:30.9526149Z Updating files:  44% (13467/30606)
validations	UNKNOWN STEP	2026-02-22T17:01:30.9684342Z Updating files:  45% (13773/30606)
validations	UNKNOWN STEP	2026-02-22T17:01:30.9841143Z Updating files:  46% (14079/30606)
validations	UNKNOWN STEP	2026-02-22T17:01:30.9989377Z Updating files:  47% (14385/30606)
validations	UNKNOWN STEP	2026-02-22T17:01:31.0317702Z Updating files:  48% (14691/30606)
validations	UNKNOWN STEP	2026-02-22T17:01:31.0472119Z Updating files:  49% (14997/30606)
validations	UNKNOWN STEP	2026-02-22T17:01:31.0687718Z Updating files:  50% (15303/30606)
validations	UNKNOWN STEP	2026-02-22T17:01:31.0909665Z Updating files:  51% (15610/30606)
validations	UNKNOWN STEP	2026-02-22T17:01:31.1134071Z Updating files:  52% (15916/30606)
validations	UNKNOWN STEP	2026-02-22T17:01:31.1314317Z Updating files:  53% (16222/30606)
validations	UNKNOWN STEP	2026-02-22T17:01:31.1443640Z Updating files:  54% (16528/30606)
validations	UNKNOWN STEP	2026-02-22T17:01:31.1633363Z Updating files:  55% (16834/30606)
validations	UNKNOWN STEP	2026-02-22T17:01:31.1790112Z Updating files:  56% (17140/30606)
validations	UNKNOWN STEP	2026-02-22T17:01:31.1972396Z Updating files:  57% (17446/30606)
validations	UNKNOWN STEP	2026-02-22T17:01:31.2181380Z Updating files:  58% (17752/30606)
validations	UNKNOWN STEP	2026-02-22T17:01:31.2397028Z Updating files:  59% (18058/30606)
validations	UNKNOWN STEP	2026-02-22T17:01:31.2653189Z Updating files:  60% (18364/30606)
validations	UNKNOWN STEP	2026-02-22T17:01:31.2862829Z Updating files:  61% (18670/30606)
validations	UNKNOWN STEP	2026-02-22T17:01:31.3077853Z Updating files:  62% (18976/30606)
validations	UNKNOWN STEP	2026-02-22T17:01:31.3361305Z Updating files:  63% (19282/30606)
validations	UNKNOWN STEP	2026-02-22T17:01:31.3639145Z Updating files:  64% (19588/30606)
validations	UNKNOWN STEP	2026-02-22T17:01:31.3978937Z Updating files:  65% (19894/30606)
validations	UNKNOWN STEP	2026-02-22T17:01:31.4164120Z Updating files:  66% (20200/30606)
validations	UNKNOWN STEP	2026-02-22T17:01:31.4444682Z Updating files:  67% (20507/30606)
validations	UNKNOWN STEP	2026-02-22T17:01:31.4990282Z Updating files:  68% (20813/30606)
validations	UNKNOWN STEP	2026-02-22T17:01:31.5169331Z Updating files:  69% (21119/30606)
validations	UNKNOWN STEP	2026-02-22T17:01:31.5360122Z Updating files:  70% (21425/30606)
validations	UNKNOWN STEP	2026-02-22T17:01:31.5681543Z Updating files:  71% (21731/30606)
validations	UNKNOWN STEP	2026-02-22T17:01:31.5852735Z Updating files:  72% (22037/30606)
validations	UNKNOWN STEP	2026-02-22T17:01:31.5990596Z Updating files:  73% (22343/30606)
validations	UNKNOWN STEP	2026-02-22T17:01:31.6114674Z Updating files:  73% (22518/30606)
validations	UNKNOWN STEP	2026-02-22T17:01:31.6343308Z Updating files:  74% (22649/30606)
validations	UNKNOWN STEP	2026-02-22T17:01:31.6595119Z Updating files:  75% (22955/30606)
validations	UNKNOWN STEP	2026-02-22T17:01:31.6725185Z Updating files:  76% (23261/30606)
validations	UNKNOWN STEP	2026-02-22T17:01:31.6861910Z Updating files:  77% (23567/30606)
validations	UNKNOWN STEP	2026-02-22T17:01:31.7005872Z Updating files:  78% (23873/30606)
validations	UNKNOWN STEP	2026-02-22T17:01:31.7136858Z Updating files:  79% (24179/30606)
validations	UNKNOWN STEP	2026-02-22T17:01:31.7273559Z Updating files:  80% (24485/30606)
validations	UNKNOWN STEP	2026-02-22T17:01:31.7422144Z Updating files:  81% (24791/30606)
validations	UNKNOWN STEP	2026-02-22T17:01:31.7560464Z Updating files:  82% (25097/30606)
validations	UNKNOWN STEP	2026-02-22T17:01:31.7690014Z Updating files:  83% (25403/30606)
validations	UNKNOWN STEP	2026-02-22T17:01:31.7826021Z Updating files:  84% (25710/30606)
validations	UNKNOWN STEP	2026-02-22T17:01:31.7966903Z Updating files:  85% (26016/30606)
validations	UNKNOWN STEP	2026-02-22T17:01:31.8110917Z Updating files:  86% (26322/30606)
validations	UNKNOWN STEP	2026-02-22T17:01:31.8255036Z Updating files:  87% (26628/30606)
validations	UNKNOWN STEP	2026-02-22T17:01:31.8396111Z Updating files:  88% (26934/30606)
validations	UNKNOWN STEP	2026-02-22T17:01:31.8660669Z Updating files:  89% (27240/30606)
validations	UNKNOWN STEP	2026-02-22T17:01:31.8918839Z Updating files:  90% (27546/30606)
validations	UNKNOWN STEP	2026-02-22T17:01:31.9163336Z Updating files:  91% (27852/30606)
validations	UNKNOWN STEP	2026-02-22T17:01:31.9425059Z Updating files:  92% (28158/30606)
validations	UNKNOWN STEP	2026-02-22T17:01:31.9660570Z Updating files:  93% (28464/30606)
validations	UNKNOWN STEP	2026-02-22T17:01:31.9845890Z Updating files:  94% (28770/30606)
validations	UNKNOWN STEP	2026-02-22T17:01:32.0029717Z Updating files:  95% (29076/30606)
validations	UNKNOWN STEP	2026-02-22T17:01:32.0210559Z Updating files:  96% (29382/30606)
validations	UNKNOWN STEP	2026-02-22T17:01:32.0357759Z Updating files:  97% (29688/30606)
validations	UNKNOWN STEP	2026-02-22T17:01:32.0574761Z Updating files:  98% (29994/30606)
validations	UNKNOWN STEP	2026-02-22T17:01:32.0762710Z Updating files:  99% (30300/30606)
validations	UNKNOWN STEP	2026-02-22T17:01:32.0763272Z Updating files: 100% (30606/30606)
validations	UNKNOWN STEP	2026-02-22T17:01:32.0763806Z Updating files: 100% (30606/30606), done.
validations	UNKNOWN STEP	2026-02-22T17:01:32.1238349Z Note: switching to 'refs/remotes/pull/6691/merge'.
validations	UNKNOWN STEP	2026-02-22T17:01:32.1238870Z 
validations	UNKNOWN STEP	2026-02-22T17:01:32.1239271Z You are in 'detached HEAD' state. You can look around, make experimental
validations	UNKNOWN STEP	2026-02-22T17:01:32.1240243Z changes and commit them, and you can discard any commits you make in this
validations	UNKNOWN STEP	2026-02-22T17:01:32.1241169Z state without impacting any branches by switching back to a branch.
validations	UNKNOWN STEP	2026-02-22T17:01:32.1241629Z 
validations	UNKNOWN STEP	2026-02-22T17:01:32.1241924Z If you want to create a new branch to retain commits you create, you may
validations	UNKNOWN STEP	2026-02-22T17:01:32.1242488Z do so (now or later) by using -c with the switch command. Example:
validations	UNKNOWN STEP	2026-02-22T17:01:32.1242747Z 
validations	UNKNOWN STEP	2026-02-22T17:01:32.1242856Z   git switch -c <new-branch-name>
validations	UNKNOWN STEP	2026-02-22T17:01:32.1243026Z 
validations	UNKNOWN STEP	2026-02-22T17:01:32.1243123Z Or undo this operation with:
validations	UNKNOWN STEP	2026-02-22T17:01:32.1243278Z 
validations	UNKNOWN STEP	2026-02-22T17:01:32.1243353Z   git switch -
validations	UNKNOWN STEP	2026-02-22T17:01:32.1243469Z 
validations	UNKNOWN STEP	2026-02-22T17:01:32.1243676Z Turn off this advice by setting config variable advice.detachedHead to false
validations	UNKNOWN STEP	2026-02-22T17:01:32.1243995Z 
validations	UNKNOWN STEP	2026-02-22T17:01:32.1244367Z HEAD is now at 8d07a72058 Merge 3ffdc6ef18522d558251e2681b29be10dcd52924 into 995852f511c99943178ccffe6fd1f6d4da3b5ca5
validations	UNKNOWN STEP	2026-02-22T17:01:32.1334035Z ##[endgroup]
validations	UNKNOWN STEP	2026-02-22T17:01:32.1373457Z [command]/usr/bin/git log -1 --format=%H
validations	UNKNOWN STEP	2026-02-22T17:01:32.1395912Z 8d07a72058901e85bc09c469ce29acc934713843
validations	UNKNOWN STEP	2026-02-22T17:01:32.1600723Z ##[group]Run actions/setup-go@4dc6199c7b1a012772edbd06daecab0f50c9053c
validations	UNKNOWN STEP	2026-02-22T17:01:32.1601099Z with:
validations	UNKNOWN STEP	2026-02-22T17:01:32.1601277Z   go-version-file: go.mod
validations	UNKNOWN STEP	2026-02-22T17:01:32.1601491Z   check-latest: false
validations	UNKNOWN STEP	2026-02-22T17:01:32.1601823Z   token: ***
validations	UNKNOWN STEP	2026-02-22T17:01:32.1601989Z   cache: true
validations	UNKNOWN STEP	2026-02-22T17:01:32.1602180Z ##[endgroup]
validations	UNKNOWN STEP	2026-02-22T17:01:32.3208769Z Setup go version spec 1.24.6
validations	UNKNOWN STEP	2026-02-22T17:01:32.3271545Z Attempting to download 1.24.6...
validations	UNKNOWN STEP	2026-02-22T17:01:33.1571490Z matching 1.24.6...
validations	UNKNOWN STEP	2026-02-22T17:01:33.1623950Z Acquiring 1.24.6 from https://github.com/actions/go-versions/releases/download/1.24.6-16792114823/go-1.24.6-linux-x64.tar.gz
validations	UNKNOWN STEP	2026-02-22T17:01:33.7766889Z Extracting Go...
validations	UNKNOWN STEP	2026-02-22T17:01:33.7864834Z [command]/usr/bin/tar xz --warning=no-unknown-keyword --overwrite -C /home/runner/work/_temp/58d83bf8-dddb-4f65-bfd5-5af671c14f9b -f /home/runner/work/_temp/da732470-68aa-4e6b-b3c4-39e90303e56c
validations	UNKNOWN STEP	2026-02-22T17:01:35.5387346Z Successfully extracted go to /home/runner/work/_temp/58d83bf8-dddb-4f65-bfd5-5af671c14f9b
validations	UNKNOWN STEP	2026-02-22T17:01:35.5387885Z Adding to the cache ...
validations	UNKNOWN STEP	2026-02-22T17:01:39.9848875Z Successfully cached go to /opt/hostedtoolcache/go/1.24.6/x64
validations	UNKNOWN STEP	2026-02-22T17:01:39.9851322Z Added go to the path
validations	UNKNOWN STEP	2026-02-22T17:01:39.9853487Z Successfully set up Go version 1.24.6
validations	UNKNOWN STEP	2026-02-22T17:01:40.0260698Z [command]/opt/hostedtoolcache/go/1.24.6/x64/bin/go env GOMODCACHE
validations	UNKNOWN STEP	2026-02-22T17:01:40.0288706Z [command]/opt/hostedtoolcache/go/1.24.6/x64/bin/go env GOCACHE
validations	UNKNOWN STEP	2026-02-22T17:01:40.0316849Z /home/runner/go/pkg/mod
validations	UNKNOWN STEP	2026-02-22T17:01:40.0328816Z /home/runner/.cache/go-build
validations	UNKNOWN STEP	2026-02-22T17:01:40.2713342Z Cache hit for: setup-go-Linux-x64-ubuntu24-go-1.24.6-38aeb6058b2b948351c58b83d9d3468daa88777ea1b24224536b1c7536b16a8c
validations	UNKNOWN STEP	2026-02-22T17:01:41.5539361Z Received 25165824 of 312132445 (8.1%), 24.0 MBs/sec
validations	UNKNOWN STEP	2026-02-22T17:01:42.5546502Z Received 134217728 of 312132445 (43.0%), 63.9 MBs/sec
validations	UNKNOWN STEP	2026-02-22T17:01:43.5543361Z Received 268435456 of 312132445 (86.0%), 85.3 MBs/sec
validations	UNKNOWN STEP	2026-02-22T17:01:43.8661046Z Received 312132445 of 312132445 (100.0%), 89.8 MBs/sec
validations	UNKNOWN STEP	2026-02-22T17:01:43.8662773Z Cache Size: ~298 MB (312132445 B)
validations	UNKNOWN STEP	2026-02-22T17:01:43.8697631Z [command]/usr/bin/tar -xf /home/runner/work/_temp/98c66578-30ee-4da7-9341-d3c9bda6c565/cache.tzst -P -C /home/runner/work/k8s-config-connector/k8s-config-connector --use-compress-program unzstd
validations	UNKNOWN STEP	2026-02-22T17:01:47.1673983Z Cache restored successfully
validations	UNKNOWN STEP	2026-02-22T17:01:47.2246339Z Cache restored from key: setup-go-Linux-x64-ubuntu24-go-1.24.6-38aeb6058b2b948351c58b83d9d3468daa88777ea1b24224536b1c7536b16a8c
validations	UNKNOWN STEP	2026-02-22T17:01:47.2267752Z go version go1.24.6 linux/amd64
validations	UNKNOWN STEP	2026-02-22T17:01:47.2267945Z 
validations	UNKNOWN STEP	2026-02-22T17:01:47.2268216Z ##[group]go env
validations	UNKNOWN STEP	2026-02-22T17:01:47.3988949Z AR='ar'
validations	UNKNOWN STEP	2026-02-22T17:01:47.3989287Z CC='gcc'
validations	UNKNOWN STEP	2026-02-22T17:01:47.3989596Z CGO_CFLAGS='-O2 -g'
validations	UNKNOWN STEP	2026-02-22T17:01:47.3989947Z CGO_CPPFLAGS=''
validations	UNKNOWN STEP	2026-02-22T17:01:47.3990277Z CGO_CXXFLAGS='-O2 -g'
validations	UNKNOWN STEP	2026-02-22T17:01:47.3990622Z CGO_ENABLED='1'
validations	UNKNOWN STEP	2026-02-22T17:01:47.3990935Z CGO_FFLAGS='-O2 -g'
validations	UNKNOWN STEP	2026-02-22T17:01:47.3991286Z CGO_LDFLAGS='-O2 -g'
validations	UNKNOWN STEP	2026-02-22T17:01:47.3991602Z CXX='g++'
validations	UNKNOWN STEP	2026-02-22T17:01:47.3991890Z GCCGO='gccgo'
validations	UNKNOWN STEP	2026-02-22T17:01:47.3992189Z GO111MODULE=''
validations	UNKNOWN STEP	2026-02-22T17:01:47.3992486Z GOAMD64='v1'
validations	UNKNOWN STEP	2026-02-22T17:01:47.3992800Z GOARCH='amd64'
validations	UNKNOWN STEP	2026-02-22T17:01:47.3993106Z GOAUTH='netrc'
validations	UNKNOWN STEP	2026-02-22T17:01:47.3993406Z GOBIN=''
validations	UNKNOWN STEP	2026-02-22T17:01:47.3993736Z GOCACHE='/home/runner/.cache/go-build'
validations	UNKNOWN STEP	2026-02-22T17:01:47.3994174Z GOCACHEPROG=''
validations	UNKNOWN STEP	2026-02-22T17:01:47.3994474Z GODEBUG=''
validations	UNKNOWN STEP	2026-02-22T17:01:47.3994796Z GOENV='/home/runner/.config/go/env'
validations	UNKNOWN STEP	2026-02-22T17:01:47.3995200Z GOEXE=''
validations	UNKNOWN STEP	2026-02-22T17:01:47.3995484Z GOEXPERIMENT=''
validations	UNKNOWN STEP	2026-02-22T17:01:47.3995953Z GOFIPS140='off'
validations	UNKNOWN STEP	2026-02-22T17:01:47.3996258Z GOFLAGS=''
validations	UNKNOWN STEP	2026-02-22T17:01:47.3997356Z GOGCCFLAGS='-fPIC -m64 -pthread -Wl,--no-gc-sections -fmessage-length=0 -ffile-prefix-map=/tmp/go-build3355440670=/tmp/go-build -gno-record-gcc-switches'
validations	UNKNOWN STEP	2026-02-22T17:01:47.3998509Z GOHOSTARCH='amd64'
validations	UNKNOWN STEP	2026-02-22T17:01:47.3998842Z GOHOSTOS='linux'
validations	UNKNOWN STEP	2026-02-22T17:01:47.3999437Z GOINSECURE=''
validations	UNKNOWN STEP	2026-02-22T17:01:47.3999994Z GOMOD='/home/runner/work/k8s-config-connector/k8s-config-connector/go.mod'
validations	UNKNOWN STEP	2026-02-22T17:01:47.4000674Z GOMODCACHE='/home/runner/go/pkg/mod'
validations	UNKNOWN STEP	2026-02-22T17:01:47.4001099Z GONOPROXY=''
validations	UNKNOWN STEP	2026-02-22T17:01:47.4001392Z GONOSUMDB=''
validations	UNKNOWN STEP	2026-02-22T17:01:47.4001684Z GOOS='linux'
validations	UNKNOWN STEP	2026-02-22T17:01:47.4002006Z GOPATH='/home/runner/go'
validations	UNKNOWN STEP	2026-02-22T17:01:47.4002359Z GOPRIVATE=''
validations	UNKNOWN STEP	2026-02-22T17:01:47.4002768Z GOPROXY='https://proxy.golang.org,direct'
validations	UNKNOWN STEP	2026-02-22T17:01:47.4003300Z GOROOT='/opt/hostedtoolcache/go/1.24.6/x64'
validations	UNKNOWN STEP	2026-02-22T17:01:47.4003768Z GOSUMDB='sum.golang.org'
validations	UNKNOWN STEP	2026-02-22T17:01:47.4004136Z GOTELEMETRY='local'
validations	UNKNOWN STEP	2026-02-22T17:01:47.4004560Z GOTELEMETRYDIR='/home/runner/.config/go/telemetry'
validations	UNKNOWN STEP	2026-02-22T17:01:47.4005047Z GOTMPDIR=''
validations	UNKNOWN STEP	2026-02-22T17:01:47.4005337Z GOTOOLCHAIN='local'
validations	UNKNOWN STEP	2026-02-22T17:01:47.4005991Z GOTOOLDIR='/opt/hostedtoolcache/go/1.24.6/x64/pkg/tool/linux_amd64'
validations	UNKNOWN STEP	2026-02-22T17:01:47.4006555Z GOVCS=''
validations	UNKNOWN STEP	2026-02-22T17:01:47.4006737Z GOVERSION='go1.24.6'
validations	UNKNOWN STEP	2026-02-22T17:01:47.4007106Z GOWORK='/home/runner/work/k8s-config-connector/k8s-config-connector/go.work'
validations	UNKNOWN STEP	2026-02-22T17:01:47.4007512Z PKG_CONFIG='pkg-config'
validations	UNKNOWN STEP	2026-02-22T17:01:47.4007653Z 
validations	UNKNOWN STEP	2026-02-22T17:01:47.4007977Z ##[endgroup]
validations	UNKNOWN STEP	2026-02-22T17:01:47.4201472Z ##[group]Run ./scripts/github-actions/ga-validation.sh
validations	UNKNOWN STEP	2026-02-22T17:01:47.4201922Z [36;1m./scripts/github-actions/ga-validation.sh[0m
validations	UNKNOWN STEP	2026-02-22T17:01:47.4239904Z shell: /usr/bin/bash -e {0}
validations	UNKNOWN STEP	2026-02-22T17:01:47.4240150Z env:
validations	UNKNOWN STEP	2026-02-22T17:01:47.4240325Z   GOTOOLCHAIN: local
validations	UNKNOWN STEP	2026-02-22T17:01:47.4240538Z   EVENT_NAME: pull_request
validations	UNKNOWN STEP	2026-02-22T17:01:47.4240803Z   COMMIT_HEAD: 3ffdc6ef18522d558251e2681b29be10dcd52924
validations	UNKNOWN STEP	2026-02-22T17:01:47.4241097Z   COMMIT_CNT: 1
validations	UNKNOWN STEP	2026-02-22T17:01:47.4241328Z   BASE_COMMIT: 995852f511c99943178ccffe6fd1f6d4da3b5ca5
validations	UNKNOWN STEP	2026-02-22T17:01:47.4241605Z ##[endgroup]
validations	UNKNOWN STEP	2026-02-22T17:01:47.4402494Z Downloading envtest assets...
validations	UNKNOWN STEP	2026-02-22T17:01:50.1540144Z Running validations...
validations	UNKNOWN STEP	2026-02-22T17:01:50.1882498Z mockgcp/dev/tasks/fix-gofmt
validations	UNKNOWN STEP	2026-02-22T17:01:50.2764398Z go: downloading golang.org/x/tools v0.42.0
validations	UNKNOWN STEP	2026-02-22T17:01:50.5704064Z go: downloading golang.org/x/telemetry v0.0.0-20260209163413-e7419c687ee4
validations	UNKNOWN STEP	2026-02-22T17:01:50.5852959Z go: downloading golang.org/x/mod v0.33.0
validations	UNKNOWN STEP	2026-02-22T17:01:59.4331324Z make -C operator fmt
validations	UNKNOWN STEP	2026-02-22T17:01:59.4342826Z make[1]: Entering directory '/home/runner/work/k8s-config-connector/k8s-config-connector/operator'
validations	UNKNOWN STEP	2026-02-22T17:01:59.4399040Z go fmt ./...
validations	UNKNOWN STEP	2026-02-22T17:01:59.5024818Z go: downloading sigs.k8s.io/kubebuilder-declarative-pattern v0.20.0-beta.1.0.20250514194322-871029137730
validations	UNKNOWN STEP	2026-02-22T17:01:59.6087247Z go: downloading github.com/blang/semver v3.5.1+incompatible
validations	UNKNOWN STEP	2026-02-22T17:01:59.6088404Z go: downloading github.com/ghodss/yaml v1.0.0
validations	UNKNOWN STEP	2026-02-22T17:01:59.6093269Z go: downloading github.com/blang/semver/v4 v4.0.0
validations	UNKNOWN STEP	2026-02-22T17:01:59.6173884Z go: downloading gopkg.in/yaml.v2 v2.4.0
validations	UNKNOWN STEP	2026-02-22T17:01:59.6886824Z go: downloading gomodules.xyz/jsonpatch/v2 v2.4.0
validations	UNKNOWN STEP	2026-02-22T17:01:59.6957893Z go: downloading github.com/cenkalti/backoff v2.2.1+incompatible
validations	UNKNOWN STEP	2026-02-22T17:01:59.6989973Z go: downloading sigs.k8s.io/kustomize/kyaml v0.18.1
validations	UNKNOWN STEP	2026-02-22T17:01:59.7021744Z go: downloading github.com/go-git/go-git/v5 v5.16.5
validations	UNKNOWN STEP	2026-02-22T17:01:59.8101248Z go: downloading sigs.k8s.io/kubebuilder-declarative-pattern/ktest v0.0.0-20250514194322-871029137730
validations	UNKNOWN STEP	2026-02-22T17:01:59.8104311Z go: downloading sigs.k8s.io/kubebuilder-declarative-pattern/mockkubeapiserver v0.0.0-20230303024857-d1f76c15e05b
validations	UNKNOWN STEP	2026-02-22T17:01:59.9721867Z go: downloading github.com/fsnotify/fsnotify v1.7.0
validations	UNKNOWN STEP	2026-02-22T17:01:59.9809166Z go: downloading github.com/google/btree v1.1.3
validations	UNKNOWN STEP	2026-02-22T17:01:59.9881381Z go: downloading sigs.k8s.io/kustomize/api v0.18.0
validations	UNKNOWN STEP	2026-02-22T17:01:59.9888464Z go: downloading k8s.io/cli-runtime v0.32.1
validations	UNKNOWN STEP	2026-02-22T17:02:00.0512495Z go: downloading k8s.io/kubectl v0.32.1
validations	UNKNOWN STEP	2026-02-22T17:02:00.3270840Z go: downloading sigs.k8s.io/kubebuilder-declarative-pattern/applylib v0.0.0-20230420203711-4abaa68e1923
validations	UNKNOWN STEP	2026-02-22T17:02:00.3278745Z go: downloading dario.cat/mergo v1.0.0
validations	UNKNOWN STEP	2026-02-22T17:02:00.3288067Z go: downloading github.com/ProtonMail/go-crypto v1.1.6
validations	UNKNOWN STEP	2026-02-22T17:02:00.3431117Z go: downloading github.com/go-git/go-billy/v5 v5.6.2
validations	UNKNOWN STEP	2026-02-22T17:02:00.3562963Z go: downloading github.com/sergi/go-diff v1.3.2-0.20230802210424-5b0b94c5c0d3
validations	UNKNOWN STEP	2026-02-22T17:02:00.3564321Z go: downloading github.com/kevinburke/ssh_config v1.2.0
validations	UNKNOWN STEP	2026-02-22T17:02:00.3687801Z go: downloading github.com/skeema/knownhosts v1.3.1
validations	UNKNOWN STEP	2026-02-22T17:02:00.3754249Z go: downloading github.com/xanzy/ssh-agent v0.3.3
validations	UNKNOWN STEP	2026-02-22T17:02:00.4045047Z go: downloading github.com/spf13/cobra v1.8.1
validations	UNKNOWN STEP	2026-02-22T17:02:00.4048689Z go: downloading github.com/liggitt/tabwriter v0.0.0-20181228230101-89fcab3d43de
validations	UNKNOWN STEP	2026-02-22T17:02:00.4054885Z go: downloading github.com/moby/term v0.5.0
validations	UNKNOWN STEP	2026-02-22T17:02:00.4328078Z go: downloading github.com/jonboulle/clockwork v0.4.0
validations	UNKNOWN STEP	2026-02-22T17:02:00.4361742Z go: downloading k8s.io/component-base v0.33.0
validations	UNKNOWN STEP	2026-02-22T17:02:00.4372753Z go: downloading sigs.k8s.io/kustomize/kstatus v0.0.2-0.20200509233124-065f70705d4d
validations	UNKNOWN STEP	2026-02-22T17:02:00.4387249Z go: downloading github.com/cyphar/filepath-securejoin v0.4.1
validations	UNKNOWN STEP	2026-02-22T17:02:00.4475896Z go: downloading github.com/go-git/gcfg v1.5.1-0.20230307220236-3a3c6141e376
validations	UNKNOWN STEP	2026-02-22T17:02:00.4521656Z go: downloading github.com/pjbgf/sha1cd v0.3.2
validations	UNKNOWN STEP	2026-02-22T17:02:00.4534428Z go: downloading github.com/emirpasic/gods v1.18.1
validations	UNKNOWN STEP	2026-02-22T17:02:00.4568747Z go: downloading github.com/jbenet/go-context v0.0.0-20150711004518-d14ea06fba99
validations	UNKNOWN STEP	2026-02-22T17:02:00.4693345Z go: downloading github.com/go-errors/errors v1.4.2
validations	UNKNOWN STEP	2026-02-22T17:02:00.5206417Z go: downloading bitbucket.org/creachadair/stringset v0.0.8
validations	UNKNOWN STEP	2026-02-22T17:02:00.5212058Z go: downloading github.com/golang/glog v1.2.5
validations	UNKNOWN STEP	2026-02-22T17:02:00.5213257Z go: downloading github.com/google/go-cpy v0.0.0-20211218193943-a9c933c06932
validations	UNKNOWN STEP	2026-02-22T17:02:00.5269739Z go: downloading github.com/kylelemons/godebug v1.1.0
validations	UNKNOWN STEP	2026-02-22T17:02:00.5343541Z go: downloading github.com/gregjones/httpcache v0.0.0-20190611155906-901d90724c79
validations	UNKNOWN STEP	2026-02-22T17:02:00.5344441Z go: downloading github.com/peterbourgon/diskv v2.0.1+incompatible
validations	UNKNOWN STEP	2026-02-22T17:02:00.5352632Z go: downloading github.com/chai2010/gettext-go v1.0.2
validations	UNKNOWN STEP	2026-02-22T17:02:00.5391439Z go: downloading github.com/MakeNowJust/heredoc v1.0.0
validations	UNKNOWN STEP	2026-02-22T17:02:00.5421023Z go: downloading github.com/mitchellh/go-wordwrap v1.0.1
validations	UNKNOWN STEP	2026-02-22T17:02:00.5443381Z go: downloading github.com/russross/blackfriday/v2 v2.1.0
validations	UNKNOWN STEP	2026-02-22T17:02:00.5466200Z go: downloading github.com/exponent-io/jsonpath v0.0.0-20210407135951-1de76d718b3f
validations	UNKNOWN STEP	2026-02-22T17:02:00.5533476Z go: downloading gopkg.in/warnings.v0 v0.1.2
validations	UNKNOWN STEP	2026-02-22T17:02:00.5597426Z go: downloading github.com/cloudflare/circl v1.6.1
validations	UNKNOWN STEP	2026-02-22T17:02:00.8277570Z go: downloading cloud.google.com/go/resourcemanager v1.10.7
validations	UNKNOWN STEP	2026-02-22T17:02:00.8338831Z go: downloading go.opentelemetry.io/contrib/instrumentation/net/http/otelhttp v0.61.0
validations	UNKNOWN STEP	2026-02-22T17:02:00.8357655Z go: downloading github.com/monochromegane/go-gitignore v0.0.0-20200626010858-205db1a8cc00
validations	UNKNOWN STEP	2026-02-22T17:02:00.8399665Z go: downloading github.com/xlab/treeprint v1.2.0
validations	UNKNOWN STEP	2026-02-22T17:02:00.8452569Z go: downloading github.com/google/shlex v0.0.0-20191202100458-e7afc7fbc510
validations	UNKNOWN STEP	2026-02-22T17:02:00.8487620Z go: downloading github.com/gorilla/websocket v1.5.4-0.20250319132907-e064f32e3674
validations	UNKNOWN STEP	2026-02-22T17:02:00.8532564Z go: downloading github.com/felixge/httpsnoop v1.0.4
validations	UNKNOWN STEP	2026-02-22T17:02:00.8533202Z go: downloading github.com/fatih/camelcase v1.0.0
validations	UNKNOWN STEP	2026-02-22T17:02:00.8551334Z go: downloading cloud.google.com/go/iam v1.5.3
validations	UNKNOWN STEP	2026-02-22T17:02:00.8608076Z go: downloading cloud.google.com/go/longrunning v0.7.0
validations	UNKNOWN STEP	2026-02-22T17:02:00.8675765Z go: downloading github.com/moby/spdystream v0.5.0
validations	UNKNOWN STEP	2026-02-22T17:02:00.8676568Z go: downloading github.com/mxk/go-flowrate v0.0.0-20140419014527-cca7078d478f
validations	UNKNOWN STEP	2026-02-22T17:02:01.1065818Z make[1]: Leaving directory '/home/runner/work/k8s-config-connector/k8s-config-connector/operator'
validations	UNKNOWN STEP	2026-02-22T17:02:01.1066564Z dev/tasks/fix-gofmt
validations	UNKNOWN STEP	2026-02-22T17:02:08.9015292Z # 04bfe4ee9ca5764577b029acc6a1957fd1997153 includes fix to not log "Skipped" for each skipped file
validations	UNKNOWN STEP	2026-02-22T17:02:08.9023009Z GOFLAGS= go run github.com/google/addlicense@04bfe4ee9ca5764577b029acc6a1957fd1997153 -c "Google LLC" -l apache \
validations	UNKNOWN STEP	2026-02-22T17:02:08.9023647Z -ignore ".build/**" -ignore "vendor/**" -ignore "third_party/**" \
validations	UNKNOWN STEP	2026-02-22T17:02:08.9024182Z -ignore "config/crds/**" -ignore "config/cloudcodesnippets/**" \
validations	UNKNOWN STEP	2026-02-22T17:02:08.9024733Z -ignore "**/*.html" -ignore "config/installbundle/components/clusterroles/cnrm_admin.yaml" \
validations	UNKNOWN STEP	2026-02-22T17:02:08.9025293Z -ignore "config/installbundle/components/clusterroles/cnrm_viewer.yaml" \
validations	UNKNOWN STEP	2026-02-22T17:02:08.9025859Z -ignore "operator/channels/**" \
validations	UNKNOWN STEP	2026-02-22T17:02:08.9026145Z -ignore "operator/autopilot-channels/**" \
validations	UNKNOWN STEP	2026-02-22T17:02:08.9026441Z -ignore "operator/config/crd/bases/**" \
validations	UNKNOWN STEP	2026-02-22T17:02:08.9026781Z -ignore "operator/config/gke-addon/image_configmap.yaml" \
validations	UNKNOWN STEP	2026-02-22T17:02:08.9027147Z -ignore "operator/config/rbac/cnrm_viewer_role.yaml" \
validations	UNKNOWN STEP	2026-02-22T17:02:08.9027458Z -ignore "operator/vendor/**" \
validations	UNKNOWN STEP	2026-02-22T17:02:08.9027694Z -ignore "**/testdata/**/*" \
validations	UNKNOWN STEP	2026-02-22T17:02:08.9027934Z -ignore "experiments/**/testdata/**" \
validations	UNKNOWN STEP	2026-02-22T17:02:08.9028468Z -ignore "pkg/gcpclients/generated/**" \
validations	UNKNOWN STEP	2026-02-22T17:02:08.9028731Z ./
validations	UNKNOWN STEP	2026-02-22T17:02:08.9608555Z go: downloading github.com/google/addlicense v1.0.1-0.20220826150037-04bfe4ee9ca5
validations	UNKNOWN STEP	2026-02-22T17:02:09.2466427Z go: downloading github.com/bmatcuk/doublestar/v4 v4.0.2
validations	UNKNOWN STEP	2026-02-22T17:02:09.2467230Z go: downloading golang.org/x/sync v0.0.0-20190911185100-cd5d95a43a6e
validations	UNKNOWN STEP	2026-02-22T17:02:10.2139583Z Full diff:
validations	UNKNOWN STEP	2026-02-22T17:02:10.2859918Z diff --git a/apis/run/v1beta1/runservice_reference.go b/apis/run/v1beta1/runservice_reference.go
validations	UNKNOWN STEP	2026-02-22T17:02:10.2860468Z index 1e7ac358e1..4cd1738409 100644
validations	UNKNOWN STEP	2026-02-22T17:02:10.2860781Z --- a/apis/run/v1beta1/runservice_reference.go
validations	UNKNOWN STEP	2026-02-22T17:02:10.2861137Z +++ b/apis/run/v1beta1/runservice_reference.go
validations	UNKNOWN STEP	2026-02-22T17:02:10.2861452Z @@ -26,8 +26,6 @@ import (
validations	UNKNOWN STEP	2026-02-22T17:02:10.2861745Z  	"sigs.k8s.io/controller-runtime/pkg/client"
validations	UNKNOWN STEP	2026-02-22T17:02:10.2862017Z  )
validations	UNKNOWN STEP	2026-02-22T17:02:10.2862170Z  
validations	UNKNOWN STEP	2026-02-22T17:02:10.2862319Z -
validations	UNKNOWN STEP	2026-02-22T17:02:10.2862463Z -
validations	UNKNOWN STEP	2026-02-22T17:02:10.2862652Z  func init() {
validations	UNKNOWN STEP	2026-02-22T17:02:10.2862890Z  	refsv1beta1.Register(&RunServiceRef{})
validations	UNKNOWN STEP	2026-02-22T17:02:10.2863445Z  }
validations	UNKNOWN STEP	2026-02-22T17:02:10.2863926Z diff --git a/pkg/controller/direct/run/runservice_controller.go b/pkg/controller/direct/run/runservice_controller.go
validations	UNKNOWN STEP	2026-02-22T17:02:10.2864598Z index 9a1730b3e4..e5f443bdae 100644
validations	UNKNOWN STEP	2026-02-22T17:02:10.2865114Z --- a/pkg/controller/direct/run/runservice_controller.go
validations	UNKNOWN STEP	2026-02-22T17:02:10.2865940Z +++ b/pkg/controller/direct/run/runservice_controller.go
validations	UNKNOWN STEP	2026-02-22T17:02:10.2866469Z @@ -19,6 +19,7 @@ import (
validations	UNKNOWN STEP	2026-02-22T17:02:10.2866818Z  	"fmt"
validations	UNKNOWN STEP	2026-02-22T17:02:10.2867103Z  	"strings"
validations	UNKNOWN STEP	2026-02-22T17:02:10.2867382Z  
validations	UNKNOWN STEP	2026-02-22T17:02:10.2867842Z +	refs "github.com/GoogleCloudPlatform/k8s-config-connector/apis/refs/v1beta1"
validations	UNKNOWN STEP	2026-02-22T17:02:10.2868420Z  	krm "github.com/GoogleCloudPlatform/k8s-config-connector/apis/run/v1beta1"
validations	UNKNOWN STEP	2026-02-22T17:02:10.2868939Z  	"github.com/GoogleCloudPlatform/k8s-config-connector/pkg/config"
validations	UNKNOWN STEP	2026-02-22T17:02:10.2869480Z  	"github.com/GoogleCloudPlatform/k8s-config-connector/pkg/controller/direct"
validations	UNKNOWN STEP	2026-02-22T17:02:10.2870024Z ERROR: Files not formatted correctly. Please run 'make fmt' and update your PR.
validations	UNKNOWN STEP	2026-02-22T17:02:10.2870537Z <hint_for_agent>Run 'make fmt' to fix formatting issues.</hint_for_agent>
validations	UNKNOWN STEP	2026-02-22T17:02:10.2870905Z Affected files:
validations	UNKNOWN STEP	2026-02-22T17:02:10.3588270Z apis/run/v1beta1/runservice_reference.go
validations	UNKNOWN STEP	2026-02-22T17:02:10.3588983Z pkg/controller/direct/run/runservice_controller.go
validations	UNKNOWN STEP	2026-02-22T17:02:10.3613939Z ##[error]Process completed with exit code 1.
validations	UNKNOWN STEP	2026-02-22T17:02:10.3718551Z Post job cleanup.
validations	UNKNOWN STEP	2026-02-22T17:02:10.4649419Z [command]/usr/bin/git version
validations	UNKNOWN STEP	2026-02-22T17:02:10.4691787Z git version 2.52.0
validations	UNKNOWN STEP	2026-02-22T17:02:10.4734729Z Temporarily overriding HOME='/home/runner/work/_temp/37238e28-5839-4a64-8922-2b00cfd91747' before making global git config changes
validations	UNKNOWN STEP	2026-02-22T17:02:10.4736372Z Adding repository directory to the temporary git global config as a safe directory
validations	UNKNOWN STEP	2026-02-22T17:02:10.4741422Z [command]/usr/bin/git config --global --add safe.directory /home/runner/work/k8s-config-connector/k8s-config-connector
validations	UNKNOWN STEP	2026-02-22T17:02:10.4775236Z [command]/usr/bin/git config --local --name-only --get-regexp core\.sshCommand
validations	UNKNOWN STEP	2026-02-22T17:02:10.4807437Z [command]/usr/bin/git submodule foreach --recursive sh -c "git config --local --name-only --get-regexp 'core\.sshCommand' && git config --local --unset-all 'core.sshCommand' || :"
validations	UNKNOWN STEP	2026-02-22T17:02:10.5064350Z [command]/usr/bin/git config --local --name-only --get-regexp http\.https\:\/\/github\.com\/\.extraheader
validations	UNKNOWN STEP	2026-02-22T17:02:10.5084402Z http.https://github.com/.extraheader
validations	UNKNOWN STEP	2026-02-22T17:02:10.5097632Z [command]/usr/bin/git config --local --unset-all http.https://github.com/.extraheader
validations	UNKNOWN STEP	2026-02-22T17:02:10.5138780Z [command]/usr/bin/git submodule foreach --recursive sh -c "git config --local --name-only --get-regexp 'http\.https\:\/\/github\.com\/\.extraheader' && git config --local --unset-all 'http.https://github.com/.extraheader' || :"
validations	UNKNOWN STEP	2026-02-22T17:02:10.5380176Z [command]/usr/bin/git config --local --name-only --get-regexp ^includeIf\.gitdir:
validations	UNKNOWN STEP	2026-02-22T17:02:10.5413291Z [command]/usr/bin/git submodule foreach --recursive git config --local --show-origin --name-only --get-regexp remote.origin.url
validations	UNKNOWN STEP	2026-02-22T17:02:10.5782201Z Cleaning up orphan processes
