unit-tests	UNKNOWN STEP	﻿2026-02-22T17:33:47.2222545Z Current runner version: '2.331.0'
unit-tests	UNKNOWN STEP	2026-02-22T17:33:47.2247050Z ##[group]Runner Image Provisioner
unit-tests	UNKNOWN STEP	2026-02-22T17:33:47.2248088Z Hosted Compute Agent
unit-tests	UNKNOWN STEP	2026-02-22T17:33:47.2248665Z Version: 20260123.484
unit-tests	UNKNOWN STEP	2026-02-22T17:33:47.2249261Z Commit: 6bd6555ca37d84114959e1c76d2c01448ff61c5d
unit-tests	UNKNOWN STEP	2026-02-22T17:33:47.2249949Z Build Date: 2026-01-23T19:41:17Z
unit-tests	UNKNOWN STEP	2026-02-22T17:33:47.2250609Z Worker ID: {c4502aac-85ec-43ab-8a8c-2003253bf9c8}
unit-tests	UNKNOWN STEP	2026-02-22T17:33:47.2251270Z Azure Region: centralus
unit-tests	UNKNOWN STEP	2026-02-22T17:33:47.2251834Z ##[endgroup]
unit-tests	UNKNOWN STEP	2026-02-22T17:33:47.2253229Z ##[group]Operating System
unit-tests	UNKNOWN STEP	2026-02-22T17:33:47.2253823Z Ubuntu
unit-tests	UNKNOWN STEP	2026-02-22T17:33:47.2254242Z 24.04.3
unit-tests	UNKNOWN STEP	2026-02-22T17:33:47.2255246Z LTS
unit-tests	UNKNOWN STEP	2026-02-22T17:33:47.2255664Z ##[endgroup]
unit-tests	UNKNOWN STEP	2026-02-22T17:33:47.2256175Z ##[group]Runner Image
unit-tests	UNKNOWN STEP	2026-02-22T17:33:47.2256799Z Image: ubuntu-24.04
unit-tests	UNKNOWN STEP	2026-02-22T17:33:47.2257260Z Version: 20260201.15.1
unit-tests	UNKNOWN STEP	2026-02-22T17:33:47.2258464Z Included Software: https://github.com/actions/runner-images/blob/ubuntu24/20260201.15/images/ubuntu/Ubuntu2404-Readme.md
unit-tests	UNKNOWN STEP	2026-02-22T17:33:47.2259887Z Image Release: https://github.com/actions/runner-images/releases/tag/ubuntu24%2F20260201.15
unit-tests	UNKNOWN STEP	2026-02-22T17:33:47.2260818Z ##[endgroup]
unit-tests	UNKNOWN STEP	2026-02-22T17:33:47.2261830Z ##[group]GITHUB_TOKEN Permissions
unit-tests	UNKNOWN STEP	2026-02-22T17:33:47.2263796Z Contents: read
unit-tests	UNKNOWN STEP	2026-02-22T17:33:47.2264642Z Metadata: read
unit-tests	UNKNOWN STEP	2026-02-22T17:33:47.2265141Z Packages: read
unit-tests	UNKNOWN STEP	2026-02-22T17:33:47.2265632Z ##[endgroup]
unit-tests	UNKNOWN STEP	2026-02-22T17:33:47.2267826Z Secret source: None
unit-tests	UNKNOWN STEP	2026-02-22T17:33:47.2268526Z Prepare workflow directory
unit-tests	UNKNOWN STEP	2026-02-22T17:33:47.2603376Z Prepare all required actions
unit-tests	UNKNOWN STEP	2026-02-22T17:33:47.2641938Z Getting action download info
unit-tests	UNKNOWN STEP	2026-02-22T17:33:47.6849416Z Download action repository 'actions/checkout@v4' (SHA:34e114876b0b11c390a56381ad16ebd13914f8d5)
unit-tests	UNKNOWN STEP	2026-02-22T17:33:47.7939913Z Download action repository 'actions/setup-go@4dc6199c7b1a012772edbd06daecab0f50c9053c' (SHA:4dc6199c7b1a012772edbd06daecab0f50c9053c)
unit-tests	UNKNOWN STEP	2026-02-22T17:33:48.3761625Z Download action repository 'google-github-actions/setup-gcloud@v2' (SHA:e427ad8a34f8676edf47cf7d7925499adf3eb74f)
unit-tests	UNKNOWN STEP	2026-02-22T17:33:48.8346614Z Download action repository 'actions/upload-artifact@v4' (SHA:ea165f8d65b6e75b540449e92b4886f43607fa02)
unit-tests	UNKNOWN STEP	2026-02-22T17:33:49.0665896Z Complete job name: unit-tests
unit-tests	UNKNOWN STEP	2026-02-22T17:33:49.1505759Z ##[group]Run actions/checkout@v4
unit-tests	UNKNOWN STEP	2026-02-22T17:33:49.1507221Z with:
unit-tests	UNKNOWN STEP	2026-02-22T17:33:49.1508265Z   repository: GoogleCloudPlatform/k8s-config-connector
unit-tests	UNKNOWN STEP	2026-02-22T17:33:49.1509870Z   token: ***
unit-tests	UNKNOWN STEP	2026-02-22T17:33:49.1510711Z   ssh-strict: true
unit-tests	UNKNOWN STEP	2026-02-22T17:33:49.1511557Z   ssh-user: git
unit-tests	UNKNOWN STEP	2026-02-22T17:33:49.1512433Z   persist-credentials: true
unit-tests	UNKNOWN STEP	2026-02-22T17:33:49.1513397Z   clean: true
unit-tests	UNKNOWN STEP	2026-02-22T17:33:49.1514277Z   sparse-checkout-cone-mode: true
unit-tests	UNKNOWN STEP	2026-02-22T17:33:49.1515481Z   fetch-depth: 1
unit-tests	UNKNOWN STEP	2026-02-22T17:33:49.1516349Z   fetch-tags: false
unit-tests	UNKNOWN STEP	2026-02-22T17:33:49.1517237Z   show-progress: true
unit-tests	UNKNOWN STEP	2026-02-22T17:33:49.1518130Z   lfs: false
unit-tests	UNKNOWN STEP	2026-02-22T17:33:49.1518946Z   submodules: false
unit-tests	UNKNOWN STEP	2026-02-22T17:33:49.1519837Z   set-safe-directory: true
unit-tests	UNKNOWN STEP	2026-02-22T17:33:49.1521059Z ##[endgroup]
unit-tests	UNKNOWN STEP	2026-02-22T17:33:49.2686254Z Syncing repository: GoogleCloudPlatform/k8s-config-connector
unit-tests	UNKNOWN STEP	2026-02-22T17:33:49.2689880Z ##[group]Getting Git version info
unit-tests	UNKNOWN STEP	2026-02-22T17:33:49.2692840Z Working directory is '/home/runner/work/k8s-config-connector/k8s-config-connector'
unit-tests	UNKNOWN STEP	2026-02-22T17:33:49.2696893Z [command]/usr/bin/git version
unit-tests	UNKNOWN STEP	2026-02-22T17:33:49.2792060Z git version 2.52.0
unit-tests	UNKNOWN STEP	2026-02-22T17:33:49.2822924Z ##[endgroup]
unit-tests	UNKNOWN STEP	2026-02-22T17:33:49.2838659Z Temporarily overriding HOME='/home/runner/work/_temp/b7eb404a-a662-4829-b1ad-666381cc2cd8' before making global git config changes
unit-tests	UNKNOWN STEP	2026-02-22T17:33:49.2843481Z Adding repository directory to the temporary git global config as a safe directory
unit-tests	UNKNOWN STEP	2026-02-22T17:33:49.2848373Z [command]/usr/bin/git config --global --add safe.directory /home/runner/work/k8s-config-connector/k8s-config-connector
unit-tests	UNKNOWN STEP	2026-02-22T17:33:49.2887843Z Deleting the contents of '/home/runner/work/k8s-config-connector/k8s-config-connector'
unit-tests	UNKNOWN STEP	2026-02-22T17:33:49.2891888Z ##[group]Initializing the repository
unit-tests	UNKNOWN STEP	2026-02-22T17:33:49.2896312Z [command]/usr/bin/git init /home/runner/work/k8s-config-connector/k8s-config-connector
unit-tests	UNKNOWN STEP	2026-02-22T17:33:49.2999066Z hint: Using 'master' as the name for the initial branch. This default branch name
unit-tests	UNKNOWN STEP	2026-02-22T17:33:49.3002760Z hint: will change to "main" in Git 3.0. To configure the initial branch name
unit-tests	UNKNOWN STEP	2026-02-22T17:33:49.3006617Z hint: to use in all of your new repositories, which will suppress this warning,
unit-tests	UNKNOWN STEP	2026-02-22T17:33:49.3009384Z hint: call:
unit-tests	UNKNOWN STEP	2026-02-22T17:33:49.3010714Z hint:
unit-tests	UNKNOWN STEP	2026-02-22T17:33:49.3012524Z hint: 	git config --global init.defaultBranch <name>
unit-tests	UNKNOWN STEP	2026-02-22T17:33:49.3014847Z hint:
unit-tests	UNKNOWN STEP	2026-02-22T17:33:49.3017029Z hint: Names commonly chosen instead of 'master' are 'main', 'trunk' and
unit-tests	UNKNOWN STEP	2026-02-22T17:33:49.3020500Z hint: 'development'. The just-created branch can be renamed via this command:
unit-tests	UNKNOWN STEP	2026-02-22T17:33:49.3023030Z hint:
unit-tests	UNKNOWN STEP	2026-02-22T17:33:49.3023918Z hint: 	git branch -m <name>
unit-tests	UNKNOWN STEP	2026-02-22T17:33:49.3025201Z hint:
unit-tests	UNKNOWN STEP	2026-02-22T17:33:49.3026497Z hint: Disable this message with "git config set advice.defaultBranchName false"
unit-tests	UNKNOWN STEP	2026-02-22T17:33:49.3029497Z Initialized empty Git repository in /home/runner/work/k8s-config-connector/k8s-config-connector/.git/
unit-tests	UNKNOWN STEP	2026-02-22T17:33:49.3035313Z [command]/usr/bin/git remote add origin https://github.com/GoogleCloudPlatform/k8s-config-connector
unit-tests	UNKNOWN STEP	2026-02-22T17:33:49.3055358Z ##[endgroup]
unit-tests	UNKNOWN STEP	2026-02-22T17:33:49.3058186Z ##[group]Disabling automatic garbage collection
unit-tests	UNKNOWN STEP	2026-02-22T17:33:49.3059751Z [command]/usr/bin/git config --local gc.auto 0
unit-tests	UNKNOWN STEP	2026-02-22T17:33:49.3090544Z ##[endgroup]
unit-tests	UNKNOWN STEP	2026-02-22T17:33:49.3093184Z ##[group]Setting up auth
unit-tests	UNKNOWN STEP	2026-02-22T17:33:49.3098325Z [command]/usr/bin/git config --local --name-only --get-regexp core\.sshCommand
unit-tests	UNKNOWN STEP	2026-02-22T17:33:49.3132471Z [command]/usr/bin/git submodule foreach --recursive sh -c "git config --local --name-only --get-regexp 'core\.sshCommand' && git config --local --unset-all 'core.sshCommand' || :"
unit-tests	UNKNOWN STEP	2026-02-22T17:33:49.3485590Z [command]/usr/bin/git config --local --name-only --get-regexp http\.https\:\/\/github\.com\/\.extraheader
unit-tests	UNKNOWN STEP	2026-02-22T17:33:49.3517087Z [command]/usr/bin/git submodule foreach --recursive sh -c "git config --local --name-only --get-regexp 'http\.https\:\/\/github\.com\/\.extraheader' && git config --local --unset-all 'http.https://github.com/.extraheader' || :"
unit-tests	UNKNOWN STEP	2026-02-22T17:33:49.3742460Z [command]/usr/bin/git config --local --name-only --get-regexp ^includeIf\.gitdir:
unit-tests	UNKNOWN STEP	2026-02-22T17:33:49.3777492Z [command]/usr/bin/git submodule foreach --recursive git config --local --show-origin --name-only --get-regexp remote.origin.url
unit-tests	UNKNOWN STEP	2026-02-22T17:33:49.4005832Z [command]/usr/bin/git config --local http.https://github.com/.extraheader AUTHORIZATION: basic ***
unit-tests	UNKNOWN STEP	2026-02-22T17:33:49.4039857Z ##[endgroup]
unit-tests	UNKNOWN STEP	2026-02-22T17:33:49.4041475Z ##[group]Fetching the repository
unit-tests	UNKNOWN STEP	2026-02-22T17:33:49.4048655Z [command]/usr/bin/git -c protocol.version=2 fetch --no-tags --prune --no-recurse-submodules --depth=1 origin +23d7c04b5985efd178558dbf067cd7e439be7649:refs/remotes/pull/6691/merge
unit-tests	UNKNOWN STEP	2026-02-22T17:34:00.1020733Z From https://github.com/GoogleCloudPlatform/k8s-config-connector
unit-tests	UNKNOWN STEP	2026-02-22T17:34:00.1021960Z  * [new ref]           23d7c04b5985efd178558dbf067cd7e439be7649 -> pull/6691/merge
unit-tests	UNKNOWN STEP	2026-02-22T17:34:00.1056405Z ##[endgroup]
unit-tests	UNKNOWN STEP	2026-02-22T17:34:00.1057314Z ##[group]Determining the checkout info
unit-tests	UNKNOWN STEP	2026-02-22T17:34:00.1058325Z ##[endgroup]
unit-tests	UNKNOWN STEP	2026-02-22T17:34:00.1063373Z [command]/usr/bin/git sparse-checkout disable
unit-tests	UNKNOWN STEP	2026-02-22T17:34:00.1105081Z [command]/usr/bin/git config --local --unset-all extensions.worktreeConfig
unit-tests	UNKNOWN STEP	2026-02-22T17:34:00.1131173Z ##[group]Checking out the ref
unit-tests	UNKNOWN STEP	2026-02-22T17:34:00.1135281Z [command]/usr/bin/git checkout --progress --force refs/remotes/pull/6691/merge
unit-tests	UNKNOWN STEP	2026-02-22T17:34:01.1633296Z Updating files:  37% (11352/30606)
unit-tests	UNKNOWN STEP	2026-02-22T17:34:01.1798184Z Updating files:  38% (11631/30606)
unit-tests	UNKNOWN STEP	2026-02-22T17:34:01.1977771Z Updating files:  39% (11937/30606)
unit-tests	UNKNOWN STEP	2026-02-22T17:34:01.2168090Z Updating files:  40% (12243/30606)
unit-tests	UNKNOWN STEP	2026-02-22T17:34:01.2374333Z Updating files:  41% (12549/30606)
unit-tests	UNKNOWN STEP	2026-02-22T17:34:01.2554784Z Updating files:  42% (12855/30606)
unit-tests	UNKNOWN STEP	2026-02-22T17:34:01.2733919Z Updating files:  43% (13161/30606)
unit-tests	UNKNOWN STEP	2026-02-22T17:34:01.2899388Z Updating files:  44% (13467/30606)
unit-tests	UNKNOWN STEP	2026-02-22T17:34:01.3055320Z Updating files:  45% (13773/30606)
unit-tests	UNKNOWN STEP	2026-02-22T17:34:01.3209873Z Updating files:  46% (14079/30606)
unit-tests	UNKNOWN STEP	2026-02-22T17:34:01.3356941Z Updating files:  47% (14385/30606)
unit-tests	UNKNOWN STEP	2026-02-22T17:34:01.3665371Z Updating files:  48% (14691/30606)
unit-tests	UNKNOWN STEP	2026-02-22T17:34:01.3820171Z Updating files:  49% (14997/30606)
unit-tests	UNKNOWN STEP	2026-02-22T17:34:01.4038692Z Updating files:  50% (15303/30606)
unit-tests	UNKNOWN STEP	2026-02-22T17:34:01.4266675Z Updating files:  51% (15610/30606)
unit-tests	UNKNOWN STEP	2026-02-22T17:34:01.4532921Z Updating files:  52% (15916/30606)
unit-tests	UNKNOWN STEP	2026-02-22T17:34:01.4746766Z Updating files:  53% (16222/30606)
unit-tests	UNKNOWN STEP	2026-02-22T17:34:01.4861097Z Updating files:  54% (16528/30606)
unit-tests	UNKNOWN STEP	2026-02-22T17:34:01.5011848Z Updating files:  55% (16834/30606)
unit-tests	UNKNOWN STEP	2026-02-22T17:34:01.5218812Z Updating files:  56% (17140/30606)
unit-tests	UNKNOWN STEP	2026-02-22T17:34:01.5449410Z Updating files:  57% (17446/30606)
unit-tests	UNKNOWN STEP	2026-02-22T17:34:01.5663429Z Updating files:  58% (17752/30606)
unit-tests	UNKNOWN STEP	2026-02-22T17:34:01.5885399Z Updating files:  59% (18058/30606)
unit-tests	UNKNOWN STEP	2026-02-22T17:34:01.6182125Z Updating files:  60% (18364/30606)
unit-tests	UNKNOWN STEP	2026-02-22T17:34:01.6401216Z Updating files:  61% (18670/30606)
unit-tests	UNKNOWN STEP	2026-02-22T17:34:01.6640445Z Updating files:  62% (18976/30606)
unit-tests	UNKNOWN STEP	2026-02-22T17:34:01.6933425Z Updating files:  63% (19282/30606)
unit-tests	UNKNOWN STEP	2026-02-22T17:34:01.7201930Z Updating files:  64% (19588/30606)
unit-tests	UNKNOWN STEP	2026-02-22T17:34:01.7473757Z Updating files:  65% (19894/30606)
unit-tests	UNKNOWN STEP	2026-02-22T17:34:01.7679463Z Updating files:  66% (20200/30606)
unit-tests	UNKNOWN STEP	2026-02-22T17:34:01.7928214Z Updating files:  67% (20507/30606)
unit-tests	UNKNOWN STEP	2026-02-22T17:34:01.8455602Z Updating files:  68% (20813/30606)
unit-tests	UNKNOWN STEP	2026-02-22T17:34:01.8633656Z Updating files:  69% (21119/30606)
unit-tests	UNKNOWN STEP	2026-02-22T17:34:01.8826287Z Updating files:  70% (21425/30606)
unit-tests	UNKNOWN STEP	2026-02-22T17:34:01.9163030Z Updating files:  71% (21731/30606)
unit-tests	UNKNOWN STEP	2026-02-22T17:34:01.9337845Z Updating files:  72% (22037/30606)
unit-tests	UNKNOWN STEP	2026-02-22T17:34:01.9601530Z Updating files:  73% (22343/30606)
unit-tests	UNKNOWN STEP	2026-02-22T17:34:01.9823592Z Updating files:  74% (22649/30606)
unit-tests	UNKNOWN STEP	2026-02-22T17:34:02.0072848Z Updating files:  75% (22955/30606)
unit-tests	UNKNOWN STEP	2026-02-22T17:34:02.0206438Z Updating files:  76% (23261/30606)
unit-tests	UNKNOWN STEP	2026-02-22T17:34:02.0346457Z Updating files:  77% (23567/30606)
unit-tests	UNKNOWN STEP	2026-02-22T17:34:02.0496925Z Updating files:  78% (23873/30606)
unit-tests	UNKNOWN STEP	2026-02-22T17:34:02.0628634Z Updating files:  79% (24179/30606)
unit-tests	UNKNOWN STEP	2026-02-22T17:34:02.0767493Z Updating files:  80% (24485/30606)
unit-tests	UNKNOWN STEP	2026-02-22T17:34:02.0916090Z Updating files:  81% (24791/30606)
unit-tests	UNKNOWN STEP	2026-02-22T17:34:02.1056773Z Updating files:  82% (25097/30606)
unit-tests	UNKNOWN STEP	2026-02-22T17:34:02.1188903Z Updating files:  83% (25403/30606)
unit-tests	UNKNOWN STEP	2026-02-22T17:34:02.1326194Z Updating files:  84% (25710/30606)
unit-tests	UNKNOWN STEP	2026-02-22T17:34:02.1461430Z Updating files:  85% (26016/30606)
unit-tests	UNKNOWN STEP	2026-02-22T17:34:02.1469347Z Updating files:  85% (26307/30606)
unit-tests	UNKNOWN STEP	2026-02-22T17:34:02.1614933Z Updating files:  86% (26322/30606)
unit-tests	UNKNOWN STEP	2026-02-22T17:34:02.1762739Z Updating files:  87% (26628/30606)
unit-tests	UNKNOWN STEP	2026-02-22T17:34:02.1907264Z Updating files:  88% (26934/30606)
unit-tests	UNKNOWN STEP	2026-02-22T17:34:02.2138754Z Updating files:  89% (27240/30606)
unit-tests	UNKNOWN STEP	2026-02-22T17:34:02.2378983Z Updating files:  90% (27546/30606)
unit-tests	UNKNOWN STEP	2026-02-22T17:34:02.2610248Z Updating files:  91% (27852/30606)
unit-tests	UNKNOWN STEP	2026-02-22T17:34:02.2865496Z Updating files:  92% (28158/30606)
unit-tests	UNKNOWN STEP	2026-02-22T17:34:02.3079431Z Updating files:  93% (28464/30606)
unit-tests	UNKNOWN STEP	2026-02-22T17:34:02.3266715Z Updating files:  94% (28770/30606)
unit-tests	UNKNOWN STEP	2026-02-22T17:34:02.3443694Z Updating files:  95% (29076/30606)
unit-tests	UNKNOWN STEP	2026-02-22T17:34:02.3617254Z Updating files:  96% (29382/30606)
unit-tests	UNKNOWN STEP	2026-02-22T17:34:02.3767679Z Updating files:  97% (29688/30606)
unit-tests	UNKNOWN STEP	2026-02-22T17:34:02.3986961Z Updating files:  98% (29994/30606)
unit-tests	UNKNOWN STEP	2026-02-22T17:34:02.4179619Z Updating files:  99% (30300/30606)
unit-tests	UNKNOWN STEP	2026-02-22T17:34:02.4180092Z Updating files: 100% (30606/30606)
unit-tests	UNKNOWN STEP	2026-02-22T17:34:02.4180559Z Updating files: 100% (30606/30606), done.
unit-tests	UNKNOWN STEP	2026-02-22T17:34:02.4585388Z Note: switching to 'refs/remotes/pull/6691/merge'.
unit-tests	UNKNOWN STEP	2026-02-22T17:34:02.4585954Z 
unit-tests	UNKNOWN STEP	2026-02-22T17:34:02.4586430Z You are in 'detached HEAD' state. You can look around, make experimental
unit-tests	UNKNOWN STEP	2026-02-22T17:34:02.4587897Z changes and commit them, and you can discard any commits you make in this
unit-tests	UNKNOWN STEP	2026-02-22T17:34:02.4589231Z state without impacting any branches by switching back to a branch.
unit-tests	UNKNOWN STEP	2026-02-22T17:34:02.4589772Z 
unit-tests	UNKNOWN STEP	2026-02-22T17:34:02.4590061Z If you want to create a new branch to retain commits you create, you may
unit-tests	UNKNOWN STEP	2026-02-22T17:34:02.4590786Z do so (now or later) by using -c with the switch command. Example:
unit-tests	UNKNOWN STEP	2026-02-22T17:34:02.4591253Z 
unit-tests	UNKNOWN STEP	2026-02-22T17:34:02.4591437Z   git switch -c <new-branch-name>
unit-tests	UNKNOWN STEP	2026-02-22T17:34:02.4591707Z 
unit-tests	UNKNOWN STEP	2026-02-22T17:34:02.4591908Z Or undo this operation with:
unit-tests	UNKNOWN STEP	2026-02-22T17:34:02.4592157Z 
unit-tests	UNKNOWN STEP	2026-02-22T17:34:02.4592295Z   git switch -
unit-tests	UNKNOWN STEP	2026-02-22T17:34:02.4592569Z 
unit-tests	UNKNOWN STEP	2026-02-22T17:34:02.4592915Z Turn off this advice by setting config variable advice.detachedHead to false
unit-tests	UNKNOWN STEP	2026-02-22T17:34:02.4593437Z 
unit-tests	UNKNOWN STEP	2026-02-22T17:34:02.4594010Z HEAD is now at 23d7c04b Merge 4ab30438ea200bca05257348c772c116913a275b into 995852f511c99943178ccffe6fd1f6d4da3b5ca5
unit-tests	UNKNOWN STEP	2026-02-22T17:34:02.4652167Z ##[endgroup]
unit-tests	UNKNOWN STEP	2026-02-22T17:34:02.4691325Z [command]/usr/bin/git log -1 --format=%H
unit-tests	UNKNOWN STEP	2026-02-22T17:34:02.4717638Z 23d7c04b5985efd178558dbf067cd7e439be7649
unit-tests	UNKNOWN STEP	2026-02-22T17:34:02.4972205Z ##[group]Run dev/tasks/free-disk-space-on-github-actions-runner
unit-tests	UNKNOWN STEP	2026-02-22T17:34:02.4972733Z [36;1mdev/tasks/free-disk-space-on-github-actions-runner[0m
unit-tests	UNKNOWN STEP	2026-02-22T17:34:02.5007597Z shell: /usr/bin/bash -e {0}
unit-tests	UNKNOWN STEP	2026-02-22T17:34:02.5007846Z ##[endgroup]
unit-tests	UNKNOWN STEP	2026-02-22T17:34:02.5112526Z Before cleanup:
unit-tests	UNKNOWN STEP	2026-02-22T17:34:02.5129902Z Filesystem      Size  Used Avail Use% Mounted on
unit-tests	UNKNOWN STEP	2026-02-22T17:34:02.5130377Z /dev/root       145G   54G   92G  37% /
unit-tests	UNKNOWN STEP	2026-02-22T17:35:27.5476553Z Deleted Images:
unit-tests	UNKNOWN STEP	2026-02-22T17:35:27.5478593Z untagged: ghcr.io/dependabot/dependabot-updater-core:latest
unit-tests	UNKNOWN STEP	2026-02-22T17:35:27.5479731Z untagged: ghcr.io/dependabot/dependabot-updater-core@sha256:57ef9cc45f72cc4258ee1baa8243bc3cd55c0a0e570b6768c37346247be35f0d
unit-tests	UNKNOWN STEP	2026-02-22T17:35:27.5480945Z deleted: sha256:b72a662c47e31df2e7bf59368b2b83be239f02a1baa721393717711a1a719df9
unit-tests	UNKNOWN STEP	2026-02-22T17:35:27.5482028Z deleted: sha256:3e13ccd80f19769f39008cfc6549938e1ea4905f47b028c1df2dd6085191386c
unit-tests	UNKNOWN STEP	2026-02-22T17:35:27.5482778Z deleted: sha256:842807995a512b2c5a9b241a3aecdbe79af6b0642d96fa5460cfcf0c9d8be295
unit-tests	UNKNOWN STEP	2026-02-22T17:35:27.5483441Z deleted: sha256:0f9074b9f46f4570eb7cb4b65fcb3c3d909f9b1d14ca66b30508117b6deda303
unit-tests	UNKNOWN STEP	2026-02-22T17:35:27.5484092Z deleted: sha256:2ca99cb9251d19157c56b5d91c8961bb4b35196a5ca9b4ffdccbf24abbfe2a5f
unit-tests	UNKNOWN STEP	2026-02-22T17:35:27.5484978Z deleted: sha256:535fcb113c4b97ab7b30223a641ec9fe4e61f83da661e4c03061e57ddf66154b
unit-tests	UNKNOWN STEP	2026-02-22T17:35:27.5485788Z deleted: sha256:87f194f3ea0057c627b5c2b315354b864b7c080c3127548268215678a5138aa2
unit-tests	UNKNOWN STEP	2026-02-22T17:35:27.5486584Z deleted: sha256:52cc52781c0edd477236dc18ed2175a9e615c3f981617b5250d1d749340f059e
unit-tests	UNKNOWN STEP	2026-02-22T17:35:27.5487502Z deleted: sha256:2f1511ec9d45e89896017cb71df122554705128f1ed2010aed4323b2ff636e49
unit-tests	UNKNOWN STEP	2026-02-22T17:35:27.5488274Z deleted: sha256:323686803c09c979a781e4326c9238b093722696c461a239ef3a5bc66531a956
unit-tests	UNKNOWN STEP	2026-02-22T17:35:27.5488745Z deleted: sha256:52b6c27d536ab79de0c0774dc6a72ebaaa722e1ca6ea168b1387a845fee2f6b1
unit-tests	UNKNOWN STEP	2026-02-22T17:35:27.5489392Z deleted: sha256:d40ad6eb2c3dc0900578a7b8d6adc44b15e6fe0df46d931b895c85a1b6cf9b0a
unit-tests	UNKNOWN STEP	2026-02-22T17:35:27.5489979Z deleted: sha256:123a078714d5ea9382d4d9f550753aefce8b34ec5ae11ae8273038d3bcbb943f
unit-tests	UNKNOWN STEP	2026-02-22T17:35:27.5490270Z 
unit-tests	UNKNOWN STEP	2026-02-22T17:35:27.5588393Z Total reclaimed space: 789.7MB
unit-tests	UNKNOWN STEP	2026-02-22T17:35:27.5617220Z After cleanup:
unit-tests	UNKNOWN STEP	2026-02-22T17:35:27.5629829Z Filesystem      Size  Used Avail Use% Mounted on
unit-tests	UNKNOWN STEP	2026-02-22T17:35:27.5630436Z /dev/root       145G   30G  115G  21% /
unit-tests	UNKNOWN STEP	2026-02-22T17:35:27.5717649Z ##[group]Run actions/setup-go@4dc6199c7b1a012772edbd06daecab0f50c9053c
unit-tests	UNKNOWN STEP	2026-02-22T17:35:27.5718020Z with:
unit-tests	UNKNOWN STEP	2026-02-22T17:35:27.5718194Z   go-version-file: go.mod
unit-tests	UNKNOWN STEP	2026-02-22T17:35:27.5718393Z   check-latest: false
unit-tests	UNKNOWN STEP	2026-02-22T17:35:27.5718702Z   token: ***
unit-tests	UNKNOWN STEP	2026-02-22T17:35:27.5718866Z   cache: true
unit-tests	UNKNOWN STEP	2026-02-22T17:35:27.5719025Z ##[endgroup]
unit-tests	UNKNOWN STEP	2026-02-22T17:35:27.7408980Z Setup go version spec 1.24.6
unit-tests	UNKNOWN STEP	2026-02-22T17:35:27.7421639Z Attempting to download 1.24.6...
unit-tests	UNKNOWN STEP	2026-02-22T17:35:28.2872569Z matching 1.24.6...
unit-tests	UNKNOWN STEP	2026-02-22T17:35:28.2924716Z Acquiring 1.24.6 from https://github.com/actions/go-versions/releases/download/1.24.6-16792114823/go-1.24.6-linux-x64.tar.gz
unit-tests	UNKNOWN STEP	2026-02-22T17:35:28.9768078Z Extracting Go...
unit-tests	UNKNOWN STEP	2026-02-22T17:35:28.9873091Z [command]/usr/bin/tar xz --warning=no-unknown-keyword --overwrite -C /home/runner/work/_temp/4fe8d230-93e9-423b-8232-2a92b7f86b6c -f /home/runner/work/_temp/bf9627ad-5459-4580-8eee-effb84b0aa05
unit-tests	UNKNOWN STEP	2026-02-22T17:35:30.7560399Z Successfully extracted go to /home/runner/work/_temp/4fe8d230-93e9-423b-8232-2a92b7f86b6c
unit-tests	UNKNOWN STEP	2026-02-22T17:35:30.7560860Z Adding to the cache ...
unit-tests	UNKNOWN STEP	2026-02-22T17:35:35.4199506Z Successfully cached go to /opt/hostedtoolcache/go/1.24.6/x64
unit-tests	UNKNOWN STEP	2026-02-22T17:35:35.4200572Z Added go to the path
unit-tests	UNKNOWN STEP	2026-02-22T17:35:35.4203012Z Successfully set up Go version 1.24.6
unit-tests	UNKNOWN STEP	2026-02-22T17:35:35.4388003Z [command]/opt/hostedtoolcache/go/1.24.6/x64/bin/go env GOMODCACHE
unit-tests	UNKNOWN STEP	2026-02-22T17:35:35.4416145Z [command]/opt/hostedtoolcache/go/1.24.6/x64/bin/go env GOCACHE
unit-tests	UNKNOWN STEP	2026-02-22T17:35:35.4446063Z /home/runner/go/pkg/mod
unit-tests	UNKNOWN STEP	2026-02-22T17:35:35.4459264Z /home/runner/.cache/go-build
unit-tests	UNKNOWN STEP	2026-02-22T17:35:35.5530437Z Cache hit for: setup-go-Linux-x64-ubuntu24-go-1.24.6-38aeb6058b2b948351c58b83d9d3468daa88777ea1b24224536b1c7536b16a8c
unit-tests	UNKNOWN STEP	2026-02-22T17:35:36.7137665Z Received 117440512 of 312132445 (37.6%), 111.9 MBs/sec
unit-tests	UNKNOWN STEP	2026-02-22T17:35:37.7174002Z Received 268435456 of 312132445 (86.0%), 127.7 MBs/sec
unit-tests	UNKNOWN STEP	2026-02-22T17:35:37.8866438Z Received 312132445 of 312132445 (100.0%), 136.9 MBs/sec
unit-tests	UNKNOWN STEP	2026-02-22T17:35:37.8867570Z Cache Size: ~298 MB (312132445 B)
unit-tests	UNKNOWN STEP	2026-02-22T17:35:37.8930991Z [command]/usr/bin/tar -xf /home/runner/work/_temp/39a459cf-6428-4805-b1e9-afaa6ac6ed9b/cache.tzst -P -C /home/runner/work/k8s-config-connector/k8s-config-connector --use-compress-program unzstd
unit-tests	UNKNOWN STEP	2026-02-22T17:35:40.9202910Z Cache restored successfully
unit-tests	UNKNOWN STEP	2026-02-22T17:35:40.9782955Z Cache restored from key: setup-go-Linux-x64-ubuntu24-go-1.24.6-38aeb6058b2b948351c58b83d9d3468daa88777ea1b24224536b1c7536b16a8c
unit-tests	UNKNOWN STEP	2026-02-22T17:35:40.9809709Z go version go1.24.6 linux/amd64
unit-tests	UNKNOWN STEP	2026-02-22T17:35:40.9809903Z 
unit-tests	UNKNOWN STEP	2026-02-22T17:35:40.9810172Z ##[group]go env
unit-tests	UNKNOWN STEP	2026-02-22T17:35:41.0822917Z AR='ar'
unit-tests	UNKNOWN STEP	2026-02-22T17:35:41.0824323Z CC='gcc'
unit-tests	UNKNOWN STEP	2026-02-22T17:35:41.0825064Z CGO_CFLAGS='-O2 -g'
unit-tests	UNKNOWN STEP	2026-02-22T17:35:41.0825502Z CGO_CPPFLAGS=''
unit-tests	UNKNOWN STEP	2026-02-22T17:35:41.0826143Z CGO_CXXFLAGS='-O2 -g'
unit-tests	UNKNOWN STEP	2026-02-22T17:35:41.0826506Z CGO_ENABLED='1'
unit-tests	UNKNOWN STEP	2026-02-22T17:35:41.0826948Z CGO_FFLAGS='-O2 -g'
unit-tests	UNKNOWN STEP	2026-02-22T17:35:41.0827290Z CGO_LDFLAGS='-O2 -g'
unit-tests	UNKNOWN STEP	2026-02-22T17:35:41.0830147Z CXX='g++'
unit-tests	UNKNOWN STEP	2026-02-22T17:35:41.0833874Z GCCGO='gccgo'
unit-tests	UNKNOWN STEP	2026-02-22T17:35:41.0835234Z GO111MODULE=''
unit-tests	UNKNOWN STEP	2026-02-22T17:35:41.0835544Z GOAMD64='v1'
unit-tests	UNKNOWN STEP	2026-02-22T17:35:41.0835830Z GOARCH='amd64'
unit-tests	UNKNOWN STEP	2026-02-22T17:35:41.0836144Z GOAUTH='netrc'
unit-tests	UNKNOWN STEP	2026-02-22T17:35:41.0836430Z GOBIN=''
unit-tests	UNKNOWN STEP	2026-02-22T17:35:41.0836756Z GOCACHE='/home/runner/.cache/go-build'
unit-tests	UNKNOWN STEP	2026-02-22T17:35:41.0837193Z GOCACHEPROG=''
unit-tests	UNKNOWN STEP	2026-02-22T17:35:41.0837502Z GODEBUG=''
unit-tests	UNKNOWN STEP	2026-02-22T17:35:41.0837832Z GOENV='/home/runner/.config/go/env'
unit-tests	UNKNOWN STEP	2026-02-22T17:35:41.0838249Z GOEXE=''
unit-tests	UNKNOWN STEP	2026-02-22T17:35:41.0838531Z GOEXPERIMENT=''
unit-tests	UNKNOWN STEP	2026-02-22T17:35:41.0838836Z GOFIPS140='off'
unit-tests	UNKNOWN STEP	2026-02-22T17:35:41.0839128Z GOFLAGS=''
unit-tests	UNKNOWN STEP	2026-02-22T17:35:41.0840210Z GOGCCFLAGS='-fPIC -m64 -pthread -Wl,--no-gc-sections -fmessage-length=0 -ffile-prefix-map=/tmp/go-build1674568682=/tmp/go-build -gno-record-gcc-switches'
unit-tests	UNKNOWN STEP	2026-02-22T17:35:41.0841316Z GOHOSTARCH='amd64'
unit-tests	UNKNOWN STEP	2026-02-22T17:35:41.0841632Z GOHOSTOS='linux'
unit-tests	UNKNOWN STEP	2026-02-22T17:35:41.0841936Z GOINSECURE=''
unit-tests	UNKNOWN STEP	2026-02-22T17:35:41.0842769Z GOMOD='/home/runner/work/k8s-config-connector/k8s-config-connector/go.mod'
unit-tests	UNKNOWN STEP	2026-02-22T17:35:41.0843447Z GOMODCACHE='/home/runner/go/pkg/mod'
unit-tests	UNKNOWN STEP	2026-02-22T17:35:41.0843862Z GONOPROXY=''
unit-tests	UNKNOWN STEP	2026-02-22T17:35:41.0844151Z GONOSUMDB=''
unit-tests	UNKNOWN STEP	2026-02-22T17:35:41.0844568Z GOOS='linux'
unit-tests	UNKNOWN STEP	2026-02-22T17:35:41.0844875Z GOPATH='/home/runner/go'
unit-tests	UNKNOWN STEP	2026-02-22T17:35:41.0845219Z GOPRIVATE=''
unit-tests	UNKNOWN STEP	2026-02-22T17:35:41.0845609Z GOPROXY='https://proxy.golang.org,direct'
unit-tests	UNKNOWN STEP	2026-02-22T17:35:41.0846114Z GOROOT='/opt/hostedtoolcache/go/1.24.6/x64'
unit-tests	UNKNOWN STEP	2026-02-22T17:35:41.0846890Z GOSUMDB='sum.golang.org'
unit-tests	UNKNOWN STEP	2026-02-22T17:35:41.0847250Z GOTELEMETRY='local'
unit-tests	UNKNOWN STEP	2026-02-22T17:35:41.0847671Z GOTELEMETRYDIR='/home/runner/.config/go/telemetry'
unit-tests	UNKNOWN STEP	2026-02-22T17:35:41.0848219Z GOTMPDIR=''
unit-tests	UNKNOWN STEP	2026-02-22T17:35:41.0848487Z GOTOOLCHAIN='local'
unit-tests	UNKNOWN STEP	2026-02-22T17:35:41.0848970Z GOTOOLDIR='/opt/hostedtoolcache/go/1.24.6/x64/pkg/tool/linux_amd64'
unit-tests	UNKNOWN STEP	2026-02-22T17:35:41.0849496Z GOVCS=''
unit-tests	UNKNOWN STEP	2026-02-22T17:35:41.0849760Z GOVERSION='go1.24.6'
unit-tests	UNKNOWN STEP	2026-02-22T17:35:41.0850599Z GOWORK='/home/runner/work/k8s-config-connector/k8s-config-connector/go.work'
unit-tests	UNKNOWN STEP	2026-02-22T17:35:41.0851241Z PKG_CONFIG='pkg-config'
unit-tests	UNKNOWN STEP	2026-02-22T17:35:41.0851465Z 
unit-tests	UNKNOWN STEP	2026-02-22T17:35:41.0851917Z ##[endgroup]
unit-tests	UNKNOWN STEP	2026-02-22T17:35:41.1041633Z ##[group]Run google-github-actions/setup-gcloud@v2
unit-tests	UNKNOWN STEP	2026-02-22T17:35:41.1041944Z with:
unit-tests	UNKNOWN STEP	2026-02-22T17:35:41.1042111Z   version: 546.0.0
unit-tests	UNKNOWN STEP	2026-02-22T17:35:41.1042302Z   install_components: alpha,beta
unit-tests	UNKNOWN STEP	2026-02-22T17:35:41.1042530Z   skip_install: false
unit-tests	UNKNOWN STEP	2026-02-22T17:35:41.1042722Z   skip_tool_cache: false
unit-tests	UNKNOWN STEP	2026-02-22T17:35:41.1042924Z env:
unit-tests	UNKNOWN STEP	2026-02-22T17:35:41.1043078Z   GOTOOLCHAIN: local
unit-tests	UNKNOWN STEP	2026-02-22T17:35:41.1043266Z ##[endgroup]
unit-tests	UNKNOWN STEP	2026-02-22T17:35:50.7028806Z [command]/usr/bin/tar xz --warning=no-unknown-keyword --overwrite -C /home/runner/work/_temp/cfbaaeff-2c56-4955-8e7d-de5db030cb06 -f /home/runner/work/_temp/aed4e9b4-339f-4457-bfaa-1bda42544cc2
unit-tests	UNKNOWN STEP	2026-02-22T17:36:27.5272766Z ##[warning]The gcloud CLI is not authenticated (or it is not installed). Authenticate by adding the "google-github-actions/auth" step prior this one.
unit-tests	UNKNOWN STEP	2026-02-22T17:36:27.5365210Z ##[group]Run ./dev/ci/presubmits/unit-tests
unit-tests	UNKNOWN STEP	2026-02-22T17:36:27.5365574Z [36;1m./dev/ci/presubmits/unit-tests[0m
unit-tests	UNKNOWN STEP	2026-02-22T17:36:27.5397307Z shell: /usr/bin/bash -e {0}
unit-tests	UNKNOWN STEP	2026-02-22T17:36:27.5397534Z env:
unit-tests	UNKNOWN STEP	2026-02-22T17:36:27.5397702Z   GOTOOLCHAIN: local
unit-tests	UNKNOWN STEP	2026-02-22T17:36:27.5397992Z   CLOUDSDK_METRICS_ENVIRONMENT: github-actions-setup-gcloud
unit-tests	UNKNOWN STEP	2026-02-22T17:36:27.5398347Z   CLOUDSDK_METRICS_ENVIRONMENT_VERSION: 2.2.1
unit-tests	UNKNOWN STEP	2026-02-22T17:36:27.5398632Z   ARTIFACTS: /tmp/artifacts
unit-tests	UNKNOWN STEP	2026-02-22T17:36:27.5398844Z ##[endgroup]
unit-tests	UNKNOWN STEP	2026-02-22T17:36:27.5502797Z Downloading gcloud 546.0.0...
unit-tests	UNKNOWN STEP	2026-02-22T17:36:27.5569373Z   % Total    % Received % Xferd  Average Speed   Time    Time     Time  Current
unit-tests	UNKNOWN STEP	2026-02-22T17:36:27.5570954Z                                  Dload  Upload   Total   Spent    Left  Speed
unit-tests	UNKNOWN STEP	2026-02-22T17:36:27.5571359Z 
unit-tests	UNKNOWN STEP	2026-02-22T17:36:28.7596565Z   0     0    0     0    0     0      0      0 --:--:-- --:--:-- --:--:--     0
unit-tests	UNKNOWN STEP	2026-02-22T17:36:29.1776530Z   0     0    0     0    0     0      0      0 --:--:--  0:00:01 --:--:--     0
unit-tests	UNKNOWN STEP	2026-02-22T17:36:30.1539874Z   0  195M    0 50521    0     0  31171      0  1:49:29  0:00:01  1:49:28 31166
unit-tests	UNKNOWN STEP	2026-02-22T17:36:31.1038883Z   3  195M    3 6146k    0     0  2366k      0  0:01:24  0:00:02  0:01:22 2366k
unit-tests	UNKNOWN STEP	2026-02-22T17:36:32.1058973Z   3  195M    3 7088k    0     0  1998k      0  0:01:40  0:00:03  0:01:37 1998k
unit-tests	UNKNOWN STEP	2026-02-22T17:36:33.1022604Z   6  195M    6 12.2M    0     0  2754k      0  0:01:12  0:00:04  0:01:08 2754k
unit-tests	UNKNOWN STEP	2026-02-22T17:36:34.0998139Z   7  195M    7 15.0M    0     0  2775k      0  0:01:12  0:00:05  0:01:07 3544k
unit-tests	UNKNOWN STEP	2026-02-22T17:36:35.1015597Z  10  195M   10 19.5M    0     0  3066k      0  0:01:05  0:00:06  0:00:59 4065k
unit-tests	UNKNOWN STEP	2026-02-22T17:36:36.1060367Z  12  195M   12 23.7M    0     0  3225k      0  0:01:01  0:00:07  0:00:54 3676k
unit-tests	UNKNOWN STEP	2026-02-22T17:36:37.1076067Z  13  195M   13 26.6M    0     0  3189k      0  0:01:02  0:00:08  0:00:54 4033k
unit-tests	UNKNOWN STEP	2026-02-22T17:36:38.1032557Z  15  195M   15 30.5M    0     0  3271k      0  0:01:01  0:00:09  0:00:52 3743k
unit-tests	UNKNOWN STEP	2026-02-22T17:36:39.1115033Z  17  195M   17 34.4M    0     0  3343k      0  0:00:59  0:00:10  0:00:49 3974k
unit-tests	UNKNOWN STEP	2026-02-22T17:36:40.1087981Z  19  195M   19 38.5M    0     0  3416k      0  0:00:58  0:00:11  0:00:47 3873k
unit-tests	UNKNOWN STEP	2026-02-22T17:36:41.1002624Z  21  195M   21 42.5M    0     0  3469k      0  0:00:57  0:00:12  0:00:45 3837k
unit-tests	UNKNOWN STEP	2026-02-22T17:36:42.1027574Z  23  195M   23 46.7M    0     0  3537k      0  0:00:56  0:00:13  0:00:43 4132k
unit-tests	UNKNOWN STEP	2026-02-22T17:36:43.1015903Z  25  195M   25 50.6M    0     0  3568k      0  0:00:56  0:00:14  0:00:42 4134k
unit-tests	UNKNOWN STEP	2026-02-22T17:36:44.1000864Z  28  195M   28 55.0M    0     0  3624k      0  0:00:55  0:00:15  0:00:40 4215k
unit-tests	UNKNOWN STEP	2026-02-22T17:36:45.1018093Z  30  195M   30 59.2M    0     0  3666k      0  0:00:54  0:00:16  0:00:38 4246k
unit-tests	UNKNOWN STEP	2026-02-22T17:36:46.1003607Z  32  195M   32 63.4M    0     0  3701k      0  0:00:54  0:00:17  0:00:37 4284k
unit-tests	UNKNOWN STEP	2026-02-22T17:36:47.1040849Z  33  195M   33 65.1M    0     0  3595k      0  0:00:55  0:00:18  0:00:37 3753k
unit-tests	UNKNOWN STEP	2026-02-22T17:36:48.1017115Z  36  195M   36 70.3M    0     0  3684k      0  0:00:54  0:00:19  0:00:35 4021k
unit-tests	UNKNOWN STEP	2026-02-22T17:36:49.1104885Z  37  195M   37 73.3M    0     0  3654k      0  0:00:54  0:00:20  0:00:34 3750k
unit-tests	UNKNOWN STEP	2026-02-22T17:36:50.1009437Z  40  195M   40 78.2M    0     0  3718k      0  0:00:53  0:00:21  0:00:32 3889k
unit-tests	UNKNOWN STEP	2026-02-22T17:36:51.1049246Z  41  195M   41 81.8M    0     0  3717k      0  0:00:53  0:00:22  0:00:31 3772k
unit-tests	UNKNOWN STEP	2026-02-22T17:36:52.1044982Z  44  195M   44 86.4M    0     0  3758k      0  0:00:53  0:00:23  0:00:30 4361k
unit-tests	UNKNOWN STEP	2026-02-22T17:36:53.1081367Z  47  195M   47 92.2M    0     0  3846k      0  0:00:51  0:00:24  0:00:27 4480k
unit-tests	UNKNOWN STEP	2026-02-22T17:36:54.1121404Z  48  195M   48 94.5M    0     0  3787k      0  0:00:52  0:00:25  0:00:27 4333k
unit-tests	UNKNOWN STEP	2026-02-22T17:36:55.1017991Z  51  195M   51  100M    0     0  3865k      0  0:00:51  0:00:26  0:00:25 4501k
unit-tests	UNKNOWN STEP	2026-02-22T17:36:56.1033125Z  52  195M   52  102M    0     0  3820k      0  0:00:52  0:00:27  0:00:25 4284k
unit-tests	UNKNOWN STEP	2026-02-22T17:36:57.1129049Z  54  195M   54  107M    0     0  3846k      0  0:00:51  0:00:28  0:00:23 4260k
unit-tests	UNKNOWN STEP	2026-02-22T17:36:58.1014908Z  56  195M   56  110M    0     0  3820k      0  0:00:52  0:00:29  0:00:23 3693k
unit-tests	UNKNOWN STEP	2026-02-22T17:36:59.1094084Z  58  195M   58  115M    0     0  3857k      0  0:00:51  0:00:30  0:00:21 4213k
unit-tests	UNKNOWN STEP	2026-02-22T17:37:00.1005090Z  60  195M   60  118M    0     0  3837k      0  0:00:52  0:00:31  0:00:21 3684k
unit-tests	UNKNOWN STEP	2026-02-22T17:37:01.1146444Z  63  195M   63  123M    0     0  3879k      0  0:00:51  0:00:32  0:00:19 4205k
unit-tests	UNKNOWN STEP	2026-02-22T17:37:02.1008069Z  64  195M   64  126M    0     0  3848k      0  0:00:51  0:00:33  0:00:18 3863k
unit-tests	UNKNOWN STEP	2026-02-22T17:37:03.1086611Z  66  195M   66  130M    0     0  3868k      0  0:00:51  0:00:34  0:00:17 4153k
unit-tests	UNKNOWN STEP	2026-02-22T17:37:04.1049152Z  67  195M   67  132M    0     0  3804k      0  0:00:52  0:00:35  0:00:17 3483k
unit-tests	UNKNOWN STEP	2026-02-22T17:37:05.1157746Z  70  195M   70  138M    0     0  3867k      0  0:00:51  0:00:36  0:00:15 4057k
unit-tests	UNKNOWN STEP	2026-02-22T17:37:06.1006532Z  71  195M   71  140M    0     0  3820k      0  0:00:52  0:00:37  0:00:15 3436k
unit-tests	UNKNOWN STEP	2026-02-22T17:37:07.1086569Z  74  195M   74  145M    0     0  3859k      0  0:00:51  0:00:38  0:00:13 3931k
unit-tests	UNKNOWN STEP	2026-02-22T17:37:08.1012393Z  75  195M   75  148M    0     0  3835k      0  0:00:52  0:00:39  0:00:13 3610k
unit-tests	UNKNOWN STEP	2026-02-22T17:37:09.1035460Z  78  195M   78  153M    0     0  3872k      0  0:00:51  0:00:40  0:00:11 4351k
unit-tests	UNKNOWN STEP	2026-02-22T17:37:10.1002820Z  79  195M   79  156M    0     0  3849k      0  0:00:51  0:00:41  0:00:10 3722k
unit-tests	UNKNOWN STEP	2026-02-22T17:37:11.1005619Z  82  195M   82  161M    0     0  3881k      0  0:00:51  0:00:42  0:00:09 4345k
unit-tests	UNKNOWN STEP	2026-02-22T17:37:12.1046034Z  83  195M   83  163M    0     0  3834k      0  0:00:52  0:00:43  0:00:09 3644k
unit-tests	UNKNOWN STEP	2026-02-22T17:37:13.1018592Z  86  195M   86  168M    0     0  3873k      0  0:00:51  0:00:44  0:00:07 4169k
unit-tests	UNKNOWN STEP	2026-02-22T17:37:14.1089210Z  87  195M   87  171M    0     0  3854k      0  0:00:51  0:00:45  0:00:06 3712k
unit-tests	UNKNOWN STEP	2026-02-22T17:37:15.1013048Z  90  195M   90  176M    0     0  3876k      0  0:00:51  0:00:46  0:00:05 4098k
unit-tests	UNKNOWN STEP	2026-02-22T17:37:16.1005242Z  91  195M   91  179M    0     0  3867k      0  0:00:51  0:00:47  0:00:04 3746k
unit-tests	UNKNOWN STEP	2026-02-22T17:37:17.1024777Z  94  195M   94  184M    0     0  3895k      0  0:00:51  0:00:48  0:00:03 4428k
unit-tests	UNKNOWN STEP	2026-02-22T17:37:18.1053030Z  96  195M   96  189M    0     0  3911k      0  0:00:51  0:00:49  0:00:02 4254k
unit-tests	UNKNOWN STEP	2026-02-22T17:37:18.3425763Z  99  195M   99  194M    0     0  3940k      0  0:00:50  0:00:50 --:--:-- 4723k
unit-tests	UNKNOWN STEP	2026-02-22T17:37:18.3426639Z 100  195M  100  195M    0     0  3937k      0  0:00:50  0:00:50 --:--:-- 4611k
unit-tests	UNKNOWN STEP	2026-02-22T17:37:25.6862405Z 
unit-tests	UNKNOWN STEP	2026-02-22T17:37:25.6865850Z 
unit-tests	UNKNOWN STEP	2026-02-22T17:37:25.6866416Z Your current Google Cloud CLI version is: 546.0.0
unit-tests	UNKNOWN STEP	2026-02-22T17:37:25.6866963Z Installing components from version: 546.0.0
unit-tests	UNKNOWN STEP	2026-02-22T17:37:25.6867340Z 
unit-tests	UNKNOWN STEP	2026-02-22T17:37:25.7213994Z ┌──────────────────────────────────────────────┐
unit-tests	UNKNOWN STEP	2026-02-22T17:37:25.7215012Z │     These components will be installed.      │
unit-tests	UNKNOWN STEP	2026-02-22T17:37:25.7215750Z ├───────────────────────┬────────────┬─────────┤
unit-tests	UNKNOWN STEP	2026-02-22T17:37:25.7216419Z │          Name         │  Version   │   Size  │
unit-tests	UNKNOWN STEP	2026-02-22T17:37:25.7217720Z ├───────────────────────┼────────────┼─────────┤
unit-tests	UNKNOWN STEP	2026-02-22T17:37:25.7223712Z │ gcloud Alpha Commands │ 2025.10.31 │ < 1 MiB │
unit-tests	UNKNOWN STEP	2026-02-22T17:37:25.7229428Z │ gcloud Beta Commands  │ 2025.10.31 │ < 1 MiB │
unit-tests	UNKNOWN STEP	2026-02-22T17:37:25.7230596Z └───────────────────────┴────────────┴─────────┘
unit-tests	UNKNOWN STEP	2026-02-22T17:37:25.7231088Z 
unit-tests	UNKNOWN STEP	2026-02-22T17:37:26.4417451Z For the latest full release notes, please visit:
unit-tests	UNKNOWN STEP	2026-02-22T17:37:26.4418056Z   https://cloud.google.com/sdk/release_notes
unit-tests	UNKNOWN STEP	2026-02-22T17:37:26.4418398Z 
unit-tests	UNKNOWN STEP	2026-02-22T17:37:26.4423780Z Performing in place update...
unit-tests	UNKNOWN STEP	2026-02-22T17:37:26.4424093Z 
unit-tests	UNKNOWN STEP	2026-02-22T17:37:26.4439945Z ╔════════════════════════════════════════════════════════════╗
unit-tests	UNKNOWN STEP	2026-02-22T17:37:26.4440702Z ╠═ Downloading: gcloud Alpha Commands                       ═╣
unit-tests	UNKNOWN STEP	2026-02-22T17:37:27.4929256Z ╚════════════════════════════════════════════════════════════╝
unit-tests	UNKNOWN STEP	2026-02-22T17:37:27.4945016Z ╔════════════════════════════════════════════════════════════╗
unit-tests	UNKNOWN STEP	2026-02-22T17:37:27.4946103Z ╠═ Downloading: gcloud Beta Commands                        ═╣
unit-tests	UNKNOWN STEP	2026-02-22T17:37:27.7619444Z ╚════════════════════════════════════════════════════════════╝
unit-tests	UNKNOWN STEP	2026-02-22T17:37:27.7634178Z ╔════════════════════════════════════════════════════════════╗
unit-tests	UNKNOWN STEP	2026-02-22T17:37:27.7635168Z ╠═ Installing: gcloud Alpha Commands                        ═╣
unit-tests	UNKNOWN STEP	2026-02-22T17:37:27.7642854Z ╚════════════════════════════════════════════════════════════╝
unit-tests	UNKNOWN STEP	2026-02-22T17:37:27.7708795Z ╔════════════════════════════════════════════════════════════╗
unit-tests	UNKNOWN STEP	2026-02-22T17:37:27.7709663Z ╠═ Installing: gcloud Beta Commands                         ═╣
unit-tests	UNKNOWN STEP	2026-02-22T17:37:27.7716082Z ╚════════════════════════════════════════════════════════════╝
unit-tests	UNKNOWN STEP	2026-02-22T17:37:27.7754504Z 
unit-tests	UNKNOWN STEP	2026-02-22T17:37:27.7765673Z Performing post processing steps...
unit-tests	UNKNOWN STEP	2026-02-22T17:37:41.5466097Z .......................................................done.
unit-tests	UNKNOWN STEP	2026-02-22T17:37:41.9403576Z 
unit-tests	UNKNOWN STEP	2026-02-22T17:37:41.9404110Z Update done!
unit-tests	UNKNOWN STEP	2026-02-22T17:37:41.9404337Z 
unit-tests	UNKNOWN STEP	2026-02-22T17:37:41.9422265Z WARNING:   There are other instances of Google Cloud tools on your system PATH.
unit-tests	UNKNOWN STEP	2026-02-22T17:37:41.9422870Z   Please remove the following to avoid confusion or accidental invocation:
unit-tests	UNKNOWN STEP	2026-02-22T17:37:41.9423179Z 
unit-tests	UNKNOWN STEP	2026-02-22T17:37:41.9423425Z   /opt/hostedtoolcache/gcloud/546.0.0/x64/bin/docker-credential-gcloud
unit-tests	UNKNOWN STEP	2026-02-22T17:37:41.9423816Z /usr/lib/google-cloud-sdk/bin/bq
unit-tests	UNKNOWN STEP	2026-02-22T17:37:41.9424089Z /usr/lib/google-cloud-sdk/bin/gcloud
unit-tests	UNKNOWN STEP	2026-02-22T17:37:41.9424590Z /opt/hostedtoolcache/gcloud/546.0.0/x64/bin/gsutil
unit-tests	UNKNOWN STEP	2026-02-22T17:37:41.9445596Z /opt/hostedtoolcache/gcloud/546.0.0/x64/bin/dev_appserver.py
unit-tests	UNKNOWN STEP	2026-02-22T17:37:41.9446099Z /opt/hostedtoolcache/gcloud/546.0.0/x64/bin/java_dev_appserver.sh
unit-tests	UNKNOWN STEP	2026-02-22T17:37:41.9446539Z /opt/hostedtoolcache/gcloud/546.0.0/x64/bin/bq
unit-tests	UNKNOWN STEP	2026-02-22T17:37:41.9446984Z /usr/lib/google-cloud-sdk/bin/gcloud-crc32c
unit-tests	UNKNOWN STEP	2026-02-22T17:37:41.9447286Z /usr/lib/google-cloud-sdk/bin/gsutil
unit-tests	UNKNOWN STEP	2026-02-22T17:37:41.9447594Z /usr/lib/google-cloud-sdk/bin/git-credential-gcloud.sh
unit-tests	UNKNOWN STEP	2026-02-22T17:37:41.9447960Z /usr/lib/google-cloud-sdk/bin/docker-credential-gcloud
unit-tests	UNKNOWN STEP	2026-02-22T17:37:41.9448333Z /opt/hostedtoolcache/gcloud/546.0.0/x64/bin/gcloud-crc32c
unit-tests	UNKNOWN STEP	2026-02-22T17:37:41.9448785Z /opt/hostedtoolcache/gcloud/546.0.0/x64/bin/git-credential-gcloud.sh
unit-tests	UNKNOWN STEP	2026-02-22T17:37:41.9449175Z /opt/hostedtoolcache/gcloud/546.0.0/x64/bin/gcloud
unit-tests	UNKNOWN STEP	2026-02-22T17:37:41.9449373Z 
unit-tests	UNKNOWN STEP	2026-02-22T17:37:41.9449445Z   
unit-tests	UNKNOWN STEP	2026-02-22T17:37:42.0270071Z Downloading envtest assets...
unit-tests	UNKNOWN STEP	2026-02-22T17:37:44.5920849Z Running unit tests...
unit-tests	UNKNOWN STEP	2026-02-22T17:37:45.0316970Z Updated property [core/project].
unit-tests	UNKNOWN STEP	2026-02-22T17:37:45.1145839Z dev/tasks/generate-all
unit-tests	UNKNOWN STEP	2026-02-22T17:37:45.1216091Z ~/work/k8s-config-connector/k8s-config-connector/dev/tools/controllerbuilder ~/work/k8s-config-connector/k8s-config-connector
unit-tests	UNKNOWN STEP	2026-02-22T17:37:45.1293835Z Cloning into 'googleapis'...
unit-tests	UNKNOWN STEP	2026-02-22T17:38:09.9073561Z HEAD is now at 731d7f2ab6 feat: add gkerecommender GkeInferenceQuickstart API v1
unit-tests	UNKNOWN STEP	2026-02-22T17:38:09.9127606Z Installing protoc
unit-tests	UNKNOWN STEP	2026-02-22T17:38:09.9140852Z apt update...
unit-tests	UNKNOWN STEP	2026-02-22T17:38:09.9236565Z 
unit-tests	UNKNOWN STEP	2026-02-22T17:38:09.9237280Z WARNING: apt does not have a stable CLI interface. Use with caution in scripts.
unit-tests	UNKNOWN STEP	2026-02-22T17:38:09.9237738Z 
unit-tests	UNKNOWN STEP	2026-02-22T17:38:09.9782559Z Get:1 file:/etc/apt/apt-mirrors.txt Mirrorlist [144 B]
unit-tests	UNKNOWN STEP	2026-02-22T17:38:10.0060841Z Hit:2 http://azure.archive.ubuntu.com/ubuntu noble InRelease
unit-tests	UNKNOWN STEP	2026-02-22T17:38:10.0075546Z Get:3 http://azure.archive.ubuntu.com/ubuntu noble-updates InRelease [126 kB]
unit-tests	UNKNOWN STEP	2026-02-22T17:38:10.0090395Z Get:6 https://packages.microsoft.com/repos/azure-cli noble InRelease [3564 B]
unit-tests	UNKNOWN STEP	2026-02-22T17:38:10.0120048Z Get:4 http://azure.archive.ubuntu.com/ubuntu noble-backports InRelease [126 kB]
unit-tests	UNKNOWN STEP	2026-02-22T17:38:10.0143219Z Get:5 http://azure.archive.ubuntu.com/ubuntu noble-security InRelease [126 kB]
unit-tests	UNKNOWN STEP	2026-02-22T17:38:10.0165981Z Get:7 https://packages.microsoft.com/ubuntu/24.04/prod noble InRelease [3600 B]
unit-tests	UNKNOWN STEP	2026-02-22T17:38:10.1199397Z Get:8 https://packages.microsoft.com/repos/azure-cli noble/main amd64 Packages [2129 B]
unit-tests	UNKNOWN STEP	2026-02-22T17:38:10.1658720Z Get:9 http://azure.archive.ubuntu.com/ubuntu noble-updates/main amd64 Packages [1771 kB]
unit-tests	UNKNOWN STEP	2026-02-22T17:38:10.1749201Z Get:10 http://azure.archive.ubuntu.com/ubuntu noble-updates/main Translation-en [328 kB]
unit-tests	UNKNOWN STEP	2026-02-22T17:38:10.1773723Z Get:11 http://azure.archive.ubuntu.com/ubuntu noble-updates/main amd64 Components [175 kB]
unit-tests	UNKNOWN STEP	2026-02-22T17:38:10.1874598Z Get:12 http://azure.archive.ubuntu.com/ubuntu noble-updates/main amd64 c-n-f Metadata [16.5 kB]
unit-tests	UNKNOWN STEP	2026-02-22T17:38:10.1893641Z Get:13 http://azure.archive.ubuntu.com/ubuntu noble-updates/universe amd64 Packages [1557 kB]
unit-tests	UNKNOWN STEP	2026-02-22T17:38:10.1976459Z Get:14 http://azure.archive.ubuntu.com/ubuntu noble-updates/universe Translation-en [316 kB]
unit-tests	UNKNOWN STEP	2026-02-22T17:38:10.2013108Z Get:15 http://azure.archive.ubuntu.com/ubuntu noble-updates/universe amd64 Components [386 kB]
unit-tests	UNKNOWN STEP	2026-02-22T17:38:10.2047224Z Get:16 http://azure.archive.ubuntu.com/ubuntu noble-updates/universe amd64 c-n-f Metadata [32.6 kB]
unit-tests	UNKNOWN STEP	2026-02-22T17:38:10.2061352Z Get:17 http://azure.archive.ubuntu.com/ubuntu noble-updates/restricted amd64 Packages [2663 kB]
unit-tests	UNKNOWN STEP	2026-02-22T17:38:10.2201401Z Get:18 http://azure.archive.ubuntu.com/ubuntu noble-updates/restricted Translation-en [613 kB]
unit-tests	UNKNOWN STEP	2026-02-22T17:38:10.2653270Z Get:19 http://azure.archive.ubuntu.com/ubuntu noble-updates/restricted amd64 Components [212 B]
unit-tests	UNKNOWN STEP	2026-02-22T17:38:10.2667129Z Get:20 http://azure.archive.ubuntu.com/ubuntu noble-updates/multiverse amd64 Packages [32.1 kB]
unit-tests	UNKNOWN STEP	2026-02-22T17:38:10.2680239Z Get:21 http://azure.archive.ubuntu.com/ubuntu noble-updates/multiverse Translation-en [7044 B]
unit-tests	UNKNOWN STEP	2026-02-22T17:38:10.2723986Z Get:22 http://azure.archive.ubuntu.com/ubuntu noble-updates/multiverse amd64 Components [940 B]
unit-tests	UNKNOWN STEP	2026-02-22T17:38:10.2725456Z Get:23 http://azure.archive.ubuntu.com/ubuntu noble-backports/main amd64 Components [7288 B]
unit-tests	UNKNOWN STEP	2026-02-22T17:38:10.2728888Z Get:24 http://azure.archive.ubuntu.com/ubuntu noble-backports/universe amd64 Components [10.5 kB]
unit-tests	UNKNOWN STEP	2026-02-22T17:38:10.2733947Z Get:25 http://azure.archive.ubuntu.com/ubuntu noble-backports/restricted amd64 Components [216 B]
unit-tests	UNKNOWN STEP	2026-02-22T17:38:10.2735402Z Get:26 http://azure.archive.ubuntu.com/ubuntu noble-backports/multiverse amd64 Components [212 B]
unit-tests	UNKNOWN STEP	2026-02-22T17:38:10.2758850Z Get:27 http://azure.archive.ubuntu.com/ubuntu noble-security/main amd64 Packages [1474 kB]
unit-tests	UNKNOWN STEP	2026-02-22T17:38:10.2839456Z Get:28 http://azure.archive.ubuntu.com/ubuntu noble-security/main Translation-en [237 kB]
unit-tests	UNKNOWN STEP	2026-02-22T17:38:10.2861750Z Get:29 http://azure.archive.ubuntu.com/ubuntu noble-security/main amd64 Components [21.5 kB]
unit-tests	UNKNOWN STEP	2026-02-22T17:38:10.2873083Z Get:30 http://azure.archive.ubuntu.com/ubuntu noble-security/main amd64 c-n-f Metadata [9892 B]
unit-tests	UNKNOWN STEP	2026-02-22T17:38:10.2891552Z Get:31 http://azure.archive.ubuntu.com/ubuntu noble-security/universe amd64 Packages [935 kB]
unit-tests	UNKNOWN STEP	2026-02-22T17:38:10.2941725Z Get:32 http://azure.archive.ubuntu.com/ubuntu noble-security/universe Translation-en [214 kB]
unit-tests	UNKNOWN STEP	2026-02-22T17:38:10.3299190Z Get:39 https://packages.microsoft.com/ubuntu/24.04/prod noble/main armhf Packages [11.4 kB]
unit-tests	UNKNOWN STEP	2026-02-22T17:38:10.3332235Z Get:40 https://packages.microsoft.com/ubuntu/24.04/prod noble/main amd64 Packages [93.3 kB]
unit-tests	UNKNOWN STEP	2026-02-22T17:38:10.3373019Z Get:33 http://azure.archive.ubuntu.com/ubuntu noble-security/universe amd64 Components [74.2 kB]
unit-tests	UNKNOWN STEP	2026-02-22T17:38:10.3383956Z Get:41 https://packages.microsoft.com/ubuntu/24.04/prod noble/main all Packages [643 B]
unit-tests	UNKNOWN STEP	2026-02-22T17:38:10.3387903Z Get:34 http://azure.archive.ubuntu.com/ubuntu noble-security/universe amd64 c-n-f Metadata [20.0 kB]
unit-tests	UNKNOWN STEP	2026-02-22T17:38:10.3397752Z Get:35 http://azure.archive.ubuntu.com/ubuntu noble-security/restricted amd64 Packages [2516 kB]
unit-tests	UNKNOWN STEP	2026-02-22T17:38:10.3412618Z Get:42 https://packages.microsoft.com/ubuntu/24.04/prod noble/main arm64 Packages [72.7 kB]
unit-tests	UNKNOWN STEP	2026-02-22T17:38:10.3513147Z Get:36 http://azure.archive.ubuntu.com/ubuntu noble-security/restricted Translation-en [582 kB]
unit-tests	UNKNOWN STEP	2026-02-22T17:38:10.3548403Z Get:37 http://azure.archive.ubuntu.com/ubuntu noble-security/restricted amd64 Components [212 B]
unit-tests	UNKNOWN STEP	2026-02-22T17:38:10.3557334Z Get:38 http://azure.archive.ubuntu.com/ubuntu noble-security/multiverse amd64 Components [208 B]
unit-tests	UNKNOWN STEP	2026-02-22T17:38:19.3763015Z Fetched 14.6 MB in 2s (8908 kB/s)
unit-tests	UNKNOWN STEP	2026-02-22T17:38:20.1809813Z Reading package lists...
unit-tests	UNKNOWN STEP	2026-02-22T17:38:20.3424173Z Building dependency tree...
unit-tests	UNKNOWN STEP	2026-02-22T17:38:20.3430879Z Reading state information...
unit-tests	UNKNOWN STEP	2026-02-22T17:38:20.3565022Z 164 packages can be upgraded. Run 'apt list --upgradable' to see them.
unit-tests	UNKNOWN STEP	2026-02-22T17:38:20.3590417Z apt install...
unit-tests	UNKNOWN STEP	2026-02-22T17:38:20.3681700Z 
unit-tests	UNKNOWN STEP	2026-02-22T17:38:20.3682232Z WARNING: apt does not have a stable CLI interface. Use with caution in scripts.
unit-tests	UNKNOWN STEP	2026-02-22T17:38:20.3682666Z 
unit-tests	UNKNOWN STEP	2026-02-22T17:38:20.3814022Z Reading package lists...
unit-tests	UNKNOWN STEP	2026-02-22T17:38:20.5493659Z Building dependency tree...
unit-tests	UNKNOWN STEP	2026-02-22T17:38:20.5501507Z Reading state information...
unit-tests	UNKNOWN STEP	2026-02-22T17:38:20.7001848Z The following additional packages will be installed:
unit-tests	UNKNOWN STEP	2026-02-22T17:38:20.7005527Z   libprotobuf-dev libprotobuf32t64 libprotoc32t64
unit-tests	UNKNOWN STEP	2026-02-22T17:38:20.7010889Z Suggested packages:
unit-tests	UNKNOWN STEP	2026-02-22T17:38:20.7011249Z   protobuf-mode-el
unit-tests	UNKNOWN STEP	2026-02-22T17:38:20.7368648Z The following NEW packages will be installed:
unit-tests	UNKNOWN STEP	2026-02-22T17:38:20.7372521Z   libprotobuf-dev libprotobuf32t64 libprotoc32t64 protobuf-compiler
unit-tests	UNKNOWN STEP	2026-02-22T17:38:20.7616083Z 0 upgraded, 4 newly installed, 0 to remove and 164 not upgraded.
unit-tests	UNKNOWN STEP	2026-02-22T17:38:20.7895324Z Need to get 3048 kB of archives.
unit-tests	UNKNOWN STEP	2026-02-22T17:38:20.7896050Z After this operation, 17.8 MB of additional disk space will be used.
unit-tests	UNKNOWN STEP	2026-02-22T17:38:20.7896839Z Get:1 file:/etc/apt/apt-mirrors.txt Mirrorlist [144 B]
unit-tests	UNKNOWN STEP	2026-02-22T17:38:20.8361822Z Get:2 http://azure.archive.ubuntu.com/ubuntu noble-updates/main amd64 libprotobuf32t64 amd64 3.21.12-8.2ubuntu0.2 [923 kB]
unit-tests	UNKNOWN STEP	2026-02-22T17:38:20.8761230Z Get:3 http://azure.archive.ubuntu.com/ubuntu noble-updates/main amd64 libprotoc32t64 amd64 3.21.12-8.2ubuntu0.2 [683 kB]
unit-tests	UNKNOWN STEP	2026-02-22T17:38:20.9199916Z Get:4 http://azure.archive.ubuntu.com/ubuntu noble-updates/main amd64 libprotobuf-dev amd64 3.21.12-8.2ubuntu0.2 [1413 kB]
unit-tests	UNKNOWN STEP	2026-02-22T17:38:20.9693583Z Get:5 http://azure.archive.ubuntu.com/ubuntu noble-updates/universe amd64 protobuf-compiler amd64 3.21.12-8.2ubuntu0.2 [29.0 kB]
unit-tests	UNKNOWN STEP	2026-02-22T17:38:21.2287013Z Fetched 3048 kB in 0s (16.0 MB/s)
unit-tests	UNKNOWN STEP	2026-02-22T17:38:21.2505662Z Selecting previously unselected package libprotobuf32t64:amd64.
unit-tests	UNKNOWN STEP	2026-02-22T17:38:21.2767894Z (Reading database ... 
unit-tests	UNKNOWN STEP	2026-02-22T17:38:21.2768436Z (Reading database ... 5%
unit-tests	UNKNOWN STEP	2026-02-22T17:38:21.2768738Z (Reading database ... 10%
unit-tests	UNKNOWN STEP	2026-02-22T17:38:21.2769024Z (Reading database ... 15%
unit-tests	UNKNOWN STEP	2026-02-22T17:38:21.2769333Z (Reading database ... 20%
unit-tests	UNKNOWN STEP	2026-02-22T17:38:21.2769599Z (Reading database ... 25%
unit-tests	UNKNOWN STEP	2026-02-22T17:38:21.2769868Z (Reading database ... 30%
unit-tests	UNKNOWN STEP	2026-02-22T17:38:21.2770137Z (Reading database ... 35%
unit-tests	UNKNOWN STEP	2026-02-22T17:38:21.2770402Z (Reading database ... 40%
unit-tests	UNKNOWN STEP	2026-02-22T17:38:21.2770662Z (Reading database ... 45%
unit-tests	UNKNOWN STEP	2026-02-22T17:38:21.2770927Z (Reading database ... 50%
unit-tests	UNKNOWN STEP	2026-02-22T17:38:21.2855043Z (Reading database ... 55%
unit-tests	UNKNOWN STEP	2026-02-22T17:38:21.4315958Z (Reading database ... 60%
unit-tests	UNKNOWN STEP	2026-02-22T17:38:21.6011689Z (Reading database ... 65%
unit-tests	UNKNOWN STEP	2026-02-22T17:38:21.6444122Z (Reading database ... 70%
unit-tests	UNKNOWN STEP	2026-02-22T17:38:21.7435241Z (Reading database ... 75%
unit-tests	UNKNOWN STEP	2026-02-22T17:38:21.9532684Z (Reading database ... 80%
unit-tests	UNKNOWN STEP	2026-02-22T17:38:22.1460557Z (Reading database ... 85%
unit-tests	UNKNOWN STEP	2026-02-22T17:38:22.3277663Z (Reading database ... 90%
unit-tests	UNKNOWN STEP	2026-02-22T17:38:22.4947952Z (Reading database ... 95%
unit-tests	UNKNOWN STEP	2026-02-22T17:38:22.4948317Z (Reading database ... 100%
unit-tests	UNKNOWN STEP	2026-02-22T17:38:22.4948756Z (Reading database ... 217745 files and directories currently installed.)
unit-tests	UNKNOWN STEP	2026-02-22T17:38:22.4991014Z Preparing to unpack .../libprotobuf32t64_3.21.12-8.2ubuntu0.2_amd64.deb ...
unit-tests	UNKNOWN STEP	2026-02-22T17:38:22.5021681Z Unpacking libprotobuf32t64:amd64 (3.21.12-8.2ubuntu0.2) ...
unit-tests	UNKNOWN STEP	2026-02-22T17:38:22.5353914Z Selecting previously unselected package libprotoc32t64:amd64.
unit-tests	UNKNOWN STEP	2026-02-22T17:38:22.5486025Z Preparing to unpack .../libprotoc32t64_3.21.12-8.2ubuntu0.2_amd64.deb ...
unit-tests	UNKNOWN STEP	2026-02-22T17:38:22.5492968Z Unpacking libprotoc32t64:amd64 (3.21.12-8.2ubuntu0.2) ...
unit-tests	UNKNOWN STEP	2026-02-22T17:38:22.5799173Z Selecting previously unselected package libprotobuf-dev:amd64.
unit-tests	UNKNOWN STEP	2026-02-22T17:38:22.5931525Z Preparing to unpack .../libprotobuf-dev_3.21.12-8.2ubuntu0.2_amd64.deb ...
unit-tests	UNKNOWN STEP	2026-02-22T17:38:22.5938173Z Unpacking libprotobuf-dev:amd64 (3.21.12-8.2ubuntu0.2) ...
unit-tests	UNKNOWN STEP	2026-02-22T17:38:22.6652232Z Selecting previously unselected package protobuf-compiler.
unit-tests	UNKNOWN STEP	2026-02-22T17:38:22.6785911Z Preparing to unpack .../protobuf-compiler_3.21.12-8.2ubuntu0.2_amd64.deb ...
unit-tests	UNKNOWN STEP	2026-02-22T17:38:22.6793953Z Unpacking protobuf-compiler (3.21.12-8.2ubuntu0.2) ...
unit-tests	UNKNOWN STEP	2026-02-22T17:38:22.7217940Z Setting up libprotobuf32t64:amd64 (3.21.12-8.2ubuntu0.2) ...
unit-tests	UNKNOWN STEP	2026-02-22T17:38:22.7238754Z Setting up libprotobuf-dev:amd64 (3.21.12-8.2ubuntu0.2) ...
unit-tests	UNKNOWN STEP	2026-02-22T17:38:22.7257114Z Setting up libprotoc32t64:amd64 (3.21.12-8.2ubuntu0.2) ...
unit-tests	UNKNOWN STEP	2026-02-22T17:38:22.7276635Z Setting up protobuf-compiler (3.21.12-8.2ubuntu0.2) ...
unit-tests	UNKNOWN STEP	2026-02-22T17:38:22.7297233Z Processing triggers for man-db (2.12.0-4build2) ...
unit-tests	UNKNOWN STEP	2026-02-22T17:38:22.7322255Z Not building database; man-db/auto-update is not 'true'.
unit-tests	UNKNOWN STEP	2026-02-22T17:38:22.7333050Z Processing triggers for libc-bin (2.39-0ubuntu8.6) ...
unit-tests	UNKNOWN STEP	2026-02-22T17:38:23.4124793Z 
unit-tests	UNKNOWN STEP	2026-02-22T17:38:23.4125456Z Running kernel seems to be up-to-date.
unit-tests	UNKNOWN STEP	2026-02-22T17:38:23.4125891Z 
unit-tests	UNKNOWN STEP	2026-02-22T17:38:23.4126093Z No services need to be restarted.
unit-tests	UNKNOWN STEP	2026-02-22T17:38:23.4126307Z 
unit-tests	UNKNOWN STEP	2026-02-22T17:38:23.4126433Z No containers need to be restarted.
unit-tests	UNKNOWN STEP	2026-02-22T17:38:23.4126662Z 
unit-tests	UNKNOWN STEP	2026-02-22T17:38:23.4126833Z No user sessions are running outdated binaries.
unit-tests	UNKNOWN STEP	2026-02-22T17:38:23.4127421Z 
unit-tests	UNKNOWN STEP	2026-02-22T17:38:23.4127685Z No VM guests are running outdated hypervisor (qemu) binaries on this host.
unit-tests	UNKNOWN STEP	2026-02-22T17:38:27.7900459Z ~/work/k8s-config-connector/k8s-config-connector
unit-tests	UNKNOWN STEP	2026-02-22T17:38:27.7968054Z running apis/accesscontextmanager/v1beta1/generate.sh
unit-tests	UNKNOWN STEP	2026-02-22T17:38:28.2769333Z HEAD is now at 731d7f2ab6 feat: add gkerecommender GkeInferenceQuickstart API v1
unit-tests	UNKNOWN STEP	2026-02-22T17:38:28.2793131Z /usr/bin/protoc
unit-tests	UNKNOWN STEP	2026-02-22T17:38:28.2823928Z Found protoc version libprotoc 3.21.12
unit-tests	UNKNOWN STEP	2026-02-22T17:38:28.2825319Z Using cached googleapis pb file at /home/runner/work/k8s-config-connector/k8s-config-connector/.build/googleapis-731d7f2ab6e4e2ea15030c95039e2cb66174d4fb.pb
unit-tests	UNKNOWN STEP	2026-02-22T17:38:29.0076424Z go: downloading github.com/spf13/cobra v1.8.1
unit-tests	UNKNOWN STEP	2026-02-22T17:38:29.0446506Z go: downloading github.com/GoogleCloudPlatform/kubectl-ai/gollm v0.0.0-20250423144723-a651944aad2d
unit-tests	UNKNOWN STEP	2026-02-22T17:38:29.0672853Z go: downloading gopkg.in/yaml.v2 v2.4.0
unit-tests	UNKNOWN STEP	2026-02-22T17:38:29.0835046Z go: downloading github.com/fatih/color v1.18.0
unit-tests	UNKNOWN STEP	2026-02-22T17:38:29.1275829Z go: downloading golang.org/x/tools v0.41.0
unit-tests	UNKNOWN STEP	2026-02-22T17:38:29.2154163Z go: downloading github.com/mattn/go-colorable v0.1.13
unit-tests	UNKNOWN STEP	2026-02-22T17:38:29.2155074Z go: downloading github.com/mattn/go-isatty v0.0.20
unit-tests	UNKNOWN STEP	2026-02-22T17:38:29.2440520Z go: downloading github.com/Azure/azure-sdk-for-go/sdk/ai/azopenai v0.7.2
unit-tests	UNKNOWN STEP	2026-02-22T17:38:29.2442596Z go: downloading github.com/Azure/azure-sdk-for-go/sdk/azcore v1.18.0
unit-tests	UNKNOWN STEP	2026-02-22T17:38:29.2979054Z go: downloading github.com/Azure/azure-sdk-for-go/sdk/azidentity v1.9.0
unit-tests	UNKNOWN STEP	2026-02-22T17:38:29.2992661Z go: downloading github.com/ollama/ollama v0.5.13
unit-tests	UNKNOWN STEP	2026-02-22T17:38:29.3426618Z go: downloading google.golang.org/genai v1.0.0
unit-tests	UNKNOWN STEP	2026-02-22T17:38:29.4663104Z go: downloading golang.org/x/sys v0.40.0
unit-tests	UNKNOWN STEP	2026-02-22T17:38:29.6310054Z go: downloading github.com/Azure/azure-sdk-for-go/sdk/internal v1.11.1
unit-tests	UNKNOWN STEP	2026-02-22T17:38:29.6729328Z go: downloading github.com/AzureAD/microsoft-authentication-library-for-go v1.4.2
unit-tests	UNKNOWN STEP	2026-02-22T17:38:29.7352404Z go: downloading golang.org/x/crypto v0.47.0
unit-tests	UNKNOWN STEP	2026-02-22T17:38:29.7448358Z go: downloading github.com/gorilla/websocket v1.5.4-0.20250319132907-e064f32e3674
unit-tests	UNKNOWN STEP	2026-02-22T17:38:29.7627984Z go: downloading golang.org/x/net v0.49.0
unit-tests	UNKNOWN STEP	2026-02-22T17:38:29.7824101Z go: downloading github.com/pkg/browser v0.0.0-20240102092130-5ac0b6a4141c
unit-tests	UNKNOWN STEP	2026-02-22T17:38:29.8142097Z go: downloading github.com/kylelemons/godebug v1.1.0
unit-tests	UNKNOWN STEP	2026-02-22T17:38:29.8489036Z go: downloading go.opentelemetry.io/contrib/instrumentation/net/http/otelhttp v0.61.0
unit-tests	UNKNOWN STEP	2026-02-22T17:38:29.8896132Z go: downloading golang.org/x/mod v0.33.0
unit-tests	UNKNOWN STEP	2026-02-22T17:38:29.9334919Z go: downloading github.com/golang-jwt/jwt/v5 v5.2.2
unit-tests	UNKNOWN STEP	2026-02-22T17:38:29.9711824Z go: downloading github.com/felixge/httpsnoop v1.0.4
unit-tests	UNKNOWN STEP	2026-02-22T17:38:30.0016631Z go: downloading golang.org/x/text v0.33.0
unit-tests	UNKNOWN STEP	2026-02-22T17:38:48.6954105Z SKIP_GENERATE_CRDS is set; skipping generation of CRDs
unit-tests	UNKNOWN STEP	2026-02-22T17:38:48.9985012Z go: downloading golang.org/x/tools v0.42.0
unit-tests	UNKNOWN STEP	2026-02-22T17:38:49.4592101Z go: downloading golang.org/x/telemetry v0.0.0-20260209163413-e7419c687ee4
unit-tests	UNKNOWN STEP	2026-02-22T17:38:50.8333740Z running apis/alloydb/v1beta1/generate.sh
unit-tests	UNKNOWN STEP	2026-02-22T17:38:53.0008922Z SKIP_GENERATE_CRDS is set; skipping generation of CRDs
unit-tests	UNKNOWN STEP	2026-02-22T17:38:53.1670333Z running apis/analytics/v1alpha1/generate.sh
unit-tests	UNKNOWN STEP	2026-02-22T17:38:53.2080247Z HEAD is now at 731d7f2ab6 feat: add gkerecommender GkeInferenceQuickstart API v1
unit-tests	UNKNOWN STEP	2026-02-22T17:38:53.2100565Z /usr/bin/protoc
unit-tests	UNKNOWN STEP	2026-02-22T17:38:53.2130858Z Found protoc version libprotoc 3.21.12
unit-tests	UNKNOWN STEP	2026-02-22T17:38:53.2132164Z Using cached googleapis pb file at /home/runner/work/k8s-config-connector/k8s-config-connector/.build/googleapis-731d7f2ab6e4e2ea15030c95039e2cb66174d4fb.pb
unit-tests	UNKNOWN STEP	2026-02-22T17:38:55.3745293Z SKIP_GENERATE_CRDS is set; skipping generation of CRDs
unit-tests	UNKNOWN STEP	2026-02-22T17:38:55.5356181Z running apis/artifactregistry/v1beta1/generate.sh
unit-tests	UNKNOWN STEP	2026-02-22T17:38:55.5757134Z HEAD is now at 731d7f2ab6 feat: add gkerecommender GkeInferenceQuickstart API v1
unit-tests	UNKNOWN STEP	2026-02-22T17:38:55.5777097Z /usr/bin/protoc
unit-tests	UNKNOWN STEP	2026-02-22T17:38:55.5807142Z Found protoc version libprotoc 3.21.12
unit-tests	UNKNOWN STEP	2026-02-22T17:38:55.5808403Z Using cached googleapis pb file at /home/runner/work/k8s-config-connector/k8s-config-connector/.build/googleapis-731d7f2ab6e4e2ea15030c95039e2cb66174d4fb.pb
unit-tests	UNKNOWN STEP	2026-02-22T17:38:57.6925890Z running apis/asset/v1beta1/generate.sh
unit-tests	UNKNOWN STEP	2026-02-22T17:38:57.7327975Z HEAD is now at 731d7f2ab6 feat: add gkerecommender GkeInferenceQuickstart API v1
unit-tests	UNKNOWN STEP	2026-02-22T17:38:57.7349173Z /usr/bin/protoc
unit-tests	UNKNOWN STEP	2026-02-22T17:38:57.7379586Z Found protoc version libprotoc 3.21.12
unit-tests	UNKNOWN STEP	2026-02-22T17:38:57.7380880Z Using cached googleapis pb file at /home/runner/work/k8s-config-connector/k8s-config-connector/.build/googleapis-731d7f2ab6e4e2ea15030c95039e2cb66174d4fb.pb
unit-tests	UNKNOWN STEP	2026-02-22T17:38:59.8541061Z running apis/assuredworkloads/v1alpha1/generate.sh
unit-tests	UNKNOWN STEP	2026-02-22T17:38:59.8942833Z HEAD is now at 731d7f2ab6 feat: add gkerecommender GkeInferenceQuickstart API v1
unit-tests	UNKNOWN STEP	2026-02-22T17:38:59.8962033Z /usr/bin/protoc
unit-tests	UNKNOWN STEP	2026-02-22T17:38:59.8992248Z Found protoc version libprotoc 3.21.12
unit-tests	UNKNOWN STEP	2026-02-22T17:38:59.8993547Z Using cached googleapis pb file at /home/runner/work/k8s-config-connector/k8s-config-connector/.build/googleapis-731d7f2ab6e4e2ea15030c95039e2cb66174d4fb.pb
unit-tests	UNKNOWN STEP	2026-02-22T17:39:02.0251932Z SKIP_GENERATE_CRDS is set; skipping generation of CRDs
unit-tests	UNKNOWN STEP	2026-02-22T17:39:02.1737858Z Skipping apis/backupdr/v1alpha1/generate.sh
unit-tests	UNKNOWN STEP	2026-02-22T17:39:02.1738458Z Skipping apis/backupdr/v1beta1/generate.sh
unit-tests	UNKNOWN STEP	2026-02-22T17:39:02.1739002Z running apis/batch/v1alpha1/generate.sh
unit-tests	UNKNOWN STEP	2026-02-22T17:39:02.2144179Z HEAD is now at 731d7f2ab6 feat: add gkerecommender GkeInferenceQuickstart API v1
unit-tests	UNKNOWN STEP	2026-02-22T17:39:02.2164150Z /usr/bin/protoc
unit-tests	UNKNOWN STEP	2026-02-22T17:39:02.2194741Z Found protoc version libprotoc 3.21.12
unit-tests	UNKNOWN STEP	2026-02-22T17:39:02.2196390Z Using cached googleapis pb file at /home/runner/work/k8s-config-connector/k8s-config-connector/.build/googleapis-731d7f2ab6e4e2ea15030c95039e2cb66174d4fb.pb
unit-tests	UNKNOWN STEP	2026-02-22T17:39:04.3670371Z SKIP_GENERATE_CRDS is set; skipping generation of CRDs
unit-tests	UNKNOWN STEP	2026-02-22T17:39:04.5211172Z Skipping apis/bigquerybiglake/v1alpha1/generate.sh
unit-tests	UNKNOWN STEP	2026-02-22T17:39:04.5211875Z Skipping apis/bigquerybiglake/v1beta1/generate.sh
unit-tests	UNKNOWN STEP	2026-02-22T17:39:04.5214115Z running apis/bigquerydatatransfer/v1beta1/generate.sh
unit-tests	UNKNOWN STEP	2026-02-22T17:39:04.5625615Z HEAD is now at 731d7f2ab6 feat: add gkerecommender GkeInferenceQuickstart API v1
unit-tests	UNKNOWN STEP	2026-02-22T17:39:04.5646869Z /usr/bin/protoc
unit-tests	UNKNOWN STEP	2026-02-22T17:39:04.5677434Z Found protoc version libprotoc 3.21.12
unit-tests	UNKNOWN STEP	2026-02-22T17:39:04.5678799Z Using cached googleapis pb file at /home/runner/work/k8s-config-connector/k8s-config-connector/.build/googleapis-731d7f2ab6e4e2ea15030c95039e2cb66174d4fb.pb
unit-tests	UNKNOWN STEP	2026-02-22T17:39:05.5416040Z I0222 17:39:05.539161    6795 generatetypescommand.go:163] "skipping scaffolding type, refs and identity files" resource="TransferConfig"
unit-tests	UNKNOWN STEP	2026-02-22T17:39:05.5611649Z SKIP_GENERATE_CRDS is set; skipping generation of CRDs
unit-tests	UNKNOWN STEP	2026-02-22T17:39:05.7325033Z running apis/bigqueryreservation/v1beta1/generate.sh
unit-tests	UNKNOWN STEP	2026-02-22T17:39:05.7731556Z HEAD is now at 731d7f2ab6 feat: add gkerecommender GkeInferenceQuickstart API v1
unit-tests	UNKNOWN STEP	2026-02-22T17:39:05.7753443Z /usr/bin/protoc
unit-tests	UNKNOWN STEP	2026-02-22T17:39:05.7783651Z Found protoc version libprotoc 3.21.12
unit-tests	UNKNOWN STEP	2026-02-22T17:39:05.7785262Z Using cached googleapis pb file at /home/runner/work/k8s-config-connector/k8s-config-connector/.build/googleapis-731d7f2ab6e4e2ea15030c95039e2cb66174d4fb.pb
unit-tests	UNKNOWN STEP	2026-02-22T17:39:07.8941698Z SKIP_GENERATE_CRDS is set; skipping generation of CRDs
unit-tests	UNKNOWN STEP	2026-02-22T17:39:08.0503612Z Skipping apis/bigtable/v1alpha1/generate.sh
unit-tests	UNKNOWN STEP	2026-02-22T17:39:08.0505660Z Skipping apis/bigtable/v1beta1/generate.sh
unit-tests	UNKNOWN STEP	2026-02-22T17:39:08.0506376Z running apis/billing/v1alpha1/generate.sh
unit-tests	UNKNOWN STEP	2026-02-22T17:39:08.0919786Z HEAD is now at 731d7f2ab6 feat: add gkerecommender GkeInferenceQuickstart API v1
unit-tests	UNKNOWN STEP	2026-02-22T17:39:08.0941704Z /usr/bin/protoc
unit-tests	UNKNOWN STEP	2026-02-22T17:39:08.0973268Z Found protoc version libprotoc 3.21.12
unit-tests	UNKNOWN STEP	2026-02-22T17:39:08.0974915Z Using cached googleapis pb file at /home/runner/work/k8s-config-connector/k8s-config-connector/.build/googleapis-731d7f2ab6e4e2ea15030c95039e2cb66174d4fb.pb
unit-tests	UNKNOWN STEP	2026-02-22T17:39:10.2232594Z SKIP_GENERATE_CRDS is set; skipping generation of CRDs
unit-tests	UNKNOWN STEP	2026-02-22T17:39:10.3740573Z running apis/certificatemanager/v1alpha1/generate.sh
unit-tests	UNKNOWN STEP	2026-02-22T17:39:10.4143819Z HEAD is now at 731d7f2ab6 feat: add gkerecommender GkeInferenceQuickstart API v1
unit-tests	UNKNOWN STEP	2026-02-22T17:39:10.4163365Z /usr/bin/protoc
unit-tests	UNKNOWN STEP	2026-02-22T17:39:10.4193601Z Found protoc version libprotoc 3.21.12
unit-tests	UNKNOWN STEP	2026-02-22T17:39:10.4195185Z Using cached googleapis pb file at /home/runner/work/k8s-config-connector/k8s-config-connector/.build/googleapis-731d7f2ab6e4e2ea15030c95039e2cb66174d4fb.pb
unit-tests	UNKNOWN STEP	2026-02-22T17:39:12.5392998Z SKIP_GENERATE_CRDS is set; skipping generation of CRDs
unit-tests	UNKNOWN STEP	2026-02-22T17:39:12.6989771Z running apis/certificatemanager/v1beta1/generate.sh
unit-tests	UNKNOWN STEP	2026-02-22T17:39:12.7392476Z HEAD is now at 731d7f2ab6 feat: add gkerecommender GkeInferenceQuickstart API v1
unit-tests	UNKNOWN STEP	2026-02-22T17:39:12.7411819Z /usr/bin/protoc
unit-tests	UNKNOWN STEP	2026-02-22T17:39:12.7441737Z Found protoc version libprotoc 3.21.12
unit-tests	UNKNOWN STEP	2026-02-22T17:39:12.7443095Z Using cached googleapis pb file at /home/runner/work/k8s-config-connector/k8s-config-connector/.build/googleapis-731d7f2ab6e4e2ea15030c95039e2cb66174d4fb.pb
unit-tests	UNKNOWN STEP	2026-02-22T17:39:14.8518087Z SKIP_GENERATE_CRDS is set; skipping generation of CRDs
unit-tests	UNKNOWN STEP	2026-02-22T17:39:15.0170629Z running apis/clouddeploy/v1alpha1/generate.sh
unit-tests	UNKNOWN STEP	2026-02-22T17:39:15.0578619Z HEAD is now at 731d7f2ab6 feat: add gkerecommender GkeInferenceQuickstart API v1
unit-tests	UNKNOWN STEP	2026-02-22T17:39:15.0599741Z /usr/bin/protoc
unit-tests	UNKNOWN STEP	2026-02-22T17:39:15.0630956Z Found protoc version libprotoc 3.21.12
unit-tests	UNKNOWN STEP	2026-02-22T17:39:15.0632133Z Using cached googleapis pb file at /home/runner/work/k8s-config-connector/k8s-config-connector/.build/googleapis-731d7f2ab6e4e2ea15030c95039e2cb66174d4fb.pb
unit-tests	UNKNOWN STEP	2026-02-22T17:39:17.1911043Z SKIP_GENERATE_CRDS is set; skipping generation of CRDs
unit-tests	UNKNOWN STEP	2026-02-22T17:39:17.3472804Z running apis/clouddeploy/v1beta1/generate.sh
unit-tests	UNKNOWN STEP	2026-02-22T17:39:17.3881229Z HEAD is now at 731d7f2ab6 feat: add gkerecommender GkeInferenceQuickstart API v1
unit-tests	UNKNOWN STEP	2026-02-22T17:39:17.3903029Z /usr/bin/protoc
unit-tests	UNKNOWN STEP	2026-02-22T17:39:17.3932942Z Found protoc version libprotoc 3.21.12
unit-tests	UNKNOWN STEP	2026-02-22T17:39:17.3933928Z Using cached googleapis pb file at /home/runner/work/k8s-config-connector/k8s-config-connector/.build/googleapis-731d7f2ab6e4e2ea15030c95039e2cb66174d4fb.pb
unit-tests	UNKNOWN STEP	2026-02-22T17:39:19.5171623Z SKIP_GENERATE_CRDS is set; skipping generation of CRDs
unit-tests	UNKNOWN STEP	2026-02-22T17:39:19.6826988Z running apis/clouddms/v1alpha1/generate.sh
unit-tests	UNKNOWN STEP	2026-02-22T17:39:19.7248266Z HEAD is now at 731d7f2ab6 feat: add gkerecommender GkeInferenceQuickstart API v1
unit-tests	UNKNOWN STEP	2026-02-22T17:39:19.7267944Z /usr/bin/protoc
unit-tests	UNKNOWN STEP	2026-02-22T17:39:19.7298120Z Found protoc version libprotoc 3.21.12
unit-tests	UNKNOWN STEP	2026-02-22T17:39:19.7298988Z Using cached googleapis pb file at /home/runner/work/k8s-config-connector/k8s-config-connector/.build/googleapis-731d7f2ab6e4e2ea15030c95039e2cb66174d4fb.pb
unit-tests	UNKNOWN STEP	2026-02-22T17:39:21.8586037Z SKIP_GENERATE_CRDS is set; skipping generation of CRDs
unit-tests	UNKNOWN STEP	2026-02-22T17:39:22.0182556Z running apis/cloudquota/v1beta1/generate.sh
unit-tests	UNKNOWN STEP	2026-02-22T17:39:22.0587889Z HEAD is now at 731d7f2ab6 feat: add gkerecommender GkeInferenceQuickstart API v1
unit-tests	UNKNOWN STEP	2026-02-22T17:39:22.0607676Z /usr/bin/protoc
unit-tests	UNKNOWN STEP	2026-02-22T17:39:22.0637383Z Found protoc version libprotoc 3.21.12
unit-tests	UNKNOWN STEP	2026-02-22T17:39:22.0638307Z Using cached googleapis pb file at /home/runner/work/k8s-config-connector/k8s-config-connector/.build/googleapis-731d7f2ab6e4e2ea15030c95039e2cb66174d4fb.pb
unit-tests	UNKNOWN STEP	2026-02-22T17:39:24.1676594Z SKIP_GENERATE_CRDS is set; skipping generation of CRDs
unit-tests	UNKNOWN STEP	2026-02-22T17:39:24.3228427Z Skipping apis/composer/v1beta1/generate.sh
unit-tests	UNKNOWN STEP	2026-02-22T17:39:24.3229057Z running apis/compute/v1alpha1/generate.sh
unit-tests	UNKNOWN STEP	2026-02-22T17:39:25.4941588Z SKIP_GENERATE_CRDS is set; skipping generation of CRDs
unit-tests	UNKNOWN STEP	2026-02-22T17:39:25.6821571Z running apis/compute/v1beta1/generate.sh
unit-tests	UNKNOWN STEP	2026-02-22T17:39:25.7224105Z HEAD is now at 731d7f2ab6 feat: add gkerecommender GkeInferenceQuickstart API v1
unit-tests	UNKNOWN STEP	2026-02-22T17:39:25.7244924Z /usr/bin/protoc
unit-tests	UNKNOWN STEP	2026-02-22T17:39:25.7274855Z Found protoc version libprotoc 3.21.12
unit-tests	UNKNOWN STEP	2026-02-22T17:39:25.7275702Z Using cached googleapis pb file at /home/runner/work/k8s-config-connector/k8s-config-connector/.build/googleapis-731d7f2ab6e4e2ea15030c95039e2cb66174d4fb.pb
unit-tests	UNKNOWN STEP	2026-02-22T17:39:27.9440170Z SKIP_GENERATE_CRDS is set; skipping generation of CRDs
unit-tests	UNKNOWN STEP	2026-02-22T17:39:28.1372485Z running apis/configdelivery/v1alpha1/generate.sh
unit-tests	UNKNOWN STEP	2026-02-22T17:39:28.1778203Z HEAD is now at 731d7f2ab6 feat: add gkerecommender GkeInferenceQuickstart API v1
unit-tests	UNKNOWN STEP	2026-02-22T17:39:28.1797350Z /usr/bin/protoc
unit-tests	UNKNOWN STEP	2026-02-22T17:39:28.1827943Z Found protoc version libprotoc 3.21.12
unit-tests	UNKNOWN STEP	2026-02-22T17:39:28.1829299Z Using cached googleapis pb file at /home/runner/work/k8s-config-connector/k8s-config-connector/.build/googleapis-731d7f2ab6e4e2ea15030c95039e2cb66174d4fb.pb
unit-tests	UNKNOWN STEP	2026-02-22T17:39:30.2792309Z SKIP_GENERATE_CRDS is set; skipping generation of CRDs
unit-tests	UNKNOWN STEP	2026-02-22T17:39:30.4330259Z running apis/dataflow/v1beta1/generate.sh
unit-tests	UNKNOWN STEP	2026-02-22T17:39:30.4737229Z HEAD is now at 731d7f2ab6 feat: add gkerecommender GkeInferenceQuickstart API v1
unit-tests	UNKNOWN STEP	2026-02-22T17:39:30.4757245Z /usr/bin/protoc
unit-tests	UNKNOWN STEP	2026-02-22T17:39:30.4788613Z Found protoc version libprotoc 3.21.12
unit-tests	UNKNOWN STEP	2026-02-22T17:39:30.4789787Z Using cached googleapis pb file at /home/runner/work/k8s-config-connector/k8s-config-connector/.build/googleapis-731d7f2ab6e4e2ea15030c95039e2cb66174d4fb.pb
unit-tests	UNKNOWN STEP	2026-02-22T17:39:32.6236779Z SKIP_GENERATE_CRDS is set; skipping generation of CRDs
unit-tests	UNKNOWN STEP	2026-02-22T17:39:32.7855495Z running apis/dataplex/v1alpha1/generate.sh
unit-tests	UNKNOWN STEP	2026-02-22T17:39:32.8257767Z HEAD is now at 731d7f2ab6 feat: add gkerecommender GkeInferenceQuickstart API v1
unit-tests	UNKNOWN STEP	2026-02-22T17:39:32.8278110Z /usr/bin/protoc
unit-tests	UNKNOWN STEP	2026-02-22T17:39:32.8308392Z Found protoc version libprotoc 3.21.12
unit-tests	UNKNOWN STEP	2026-02-22T17:39:32.8309206Z Using cached googleapis pb file at /home/runner/work/k8s-config-connector/k8s-config-connector/.build/googleapis-731d7f2ab6e4e2ea15030c95039e2cb66174d4fb.pb
unit-tests	UNKNOWN STEP	2026-02-22T17:39:35.0008401Z SKIP_GENERATE_CRDS is set; skipping generation of CRDs
unit-tests	UNKNOWN STEP	2026-02-22T17:39:35.1699788Z Skipping apis/datastream/v1alpha1/generate.sh
unit-tests	UNKNOWN STEP	2026-02-22T17:39:35.1700477Z Skipping apis/discoveryengine/v1alpha1/generate.sh
unit-tests	UNKNOWN STEP	2026-02-22T17:39:35.1701107Z Skipping apis/documentai/v1alpha1/generate.sh
unit-tests	UNKNOWN STEP	2026-02-22T17:39:35.1701610Z Skipping apis/documentai/v1beta1/generate.sh
unit-tests	UNKNOWN STEP	2026-02-22T17:39:35.1702181Z Skipping apis/edgecontainer/v1alpha1/generate.sh
unit-tests	UNKNOWN STEP	2026-02-22T17:39:35.1702762Z running apis/essentialcontacts/v1beta1/generate.sh
unit-tests	UNKNOWN STEP	2026-02-22T17:39:35.2109872Z HEAD is now at 731d7f2ab6 feat: add gkerecommender GkeInferenceQuickstart API v1
unit-tests	UNKNOWN STEP	2026-02-22T17:39:35.2130442Z /usr/bin/protoc
unit-tests	UNKNOWN STEP	2026-02-22T17:39:35.2160987Z Found protoc version libprotoc 3.21.12
unit-tests	UNKNOWN STEP	2026-02-22T17:39:35.2161881Z Using cached googleapis pb file at /home/runner/work/k8s-config-connector/k8s-config-connector/.build/googleapis-731d7f2ab6e4e2ea15030c95039e2cb66174d4fb.pb
unit-tests	UNKNOWN STEP	2026-02-22T17:39:37.3801804Z SKIP_GENERATE_CRDS is set; skipping generation of CRDs
unit-tests	UNKNOWN STEP	2026-02-22T17:39:37.5417461Z running apis/firestore/v1alpha1/generate.sh
unit-tests	UNKNOWN STEP	2026-02-22T17:39:37.5818942Z HEAD is now at 731d7f2ab6 feat: add gkerecommender GkeInferenceQuickstart API v1
unit-tests	UNKNOWN STEP	2026-02-22T17:39:37.5837946Z /usr/bin/protoc
unit-tests	UNKNOWN STEP	2026-02-22T17:39:37.5867670Z Found protoc version libprotoc 3.21.12
unit-tests	UNKNOWN STEP	2026-02-22T17:39:37.5868965Z Using cached googleapis pb file at /home/runner/work/k8s-config-connector/k8s-config-connector/.build/googleapis-731d7f2ab6e4e2ea15030c95039e2cb66174d4fb.pb
unit-tests	UNKNOWN STEP	2026-02-22T17:39:39.7132225Z SKIP_GENERATE_CRDS is set; skipping generation of CRDs
unit-tests	UNKNOWN STEP	2026-02-22T17:39:39.8911658Z running apis/firestore/v1beta1/generate.sh
unit-tests	UNKNOWN STEP	2026-02-22T17:39:39.9316608Z HEAD is now at 731d7f2ab6 feat: add gkerecommender GkeInferenceQuickstart API v1
unit-tests	UNKNOWN STEP	2026-02-22T17:39:39.9335556Z /usr/bin/protoc
unit-tests	UNKNOWN STEP	2026-02-22T17:39:39.9365636Z Found protoc version libprotoc 3.21.12
unit-tests	UNKNOWN STEP	2026-02-22T17:39:39.9366524Z Using cached googleapis pb file at /home/runner/work/k8s-config-connector/k8s-config-connector/.build/googleapis-731d7f2ab6e4e2ea15030c95039e2cb66174d4fb.pb
unit-tests	UNKNOWN STEP	2026-02-22T17:39:42.0450620Z SKIP_GENERATE_CRDS is set; skipping generation of CRDs
unit-tests	UNKNOWN STEP	2026-02-22T17:39:42.2151425Z Skipping apis/gkebackup/v1alpha1/generate.sh
unit-tests	UNKNOWN STEP	2026-02-22T17:39:42.2151826Z running apis/gkehub/v1beta1/generate.sh
unit-tests	UNKNOWN STEP	2026-02-22T17:39:42.2562762Z HEAD is now at 731d7f2ab6 feat: add gkerecommender GkeInferenceQuickstart API v1
unit-tests	UNKNOWN STEP	2026-02-22T17:39:42.2583451Z /usr/bin/protoc
unit-tests	UNKNOWN STEP	2026-02-22T17:39:42.2613785Z Found protoc version libprotoc 3.21.12
unit-tests	UNKNOWN STEP	2026-02-22T17:39:42.2614872Z Using cached googleapis pb file at /home/runner/work/k8s-config-connector/k8s-config-connector/.build/googleapis-731d7f2ab6e4e2ea15030c95039e2cb66174d4fb.pb
unit-tests	UNKNOWN STEP	2026-02-22T17:39:43.2457315Z New API file added /home/runner/work/k8s-config-connector/k8s-config-connector/apis/gkehub/v1beta1/membershipfeaturespec_types.go
unit-tests	UNKNOWN STEP	2026-02-22T17:39:43.2458276Z Please EDIT it!
unit-tests	UNKNOWN STEP	2026-02-22T17:39:43.2688953Z SKIP_GENERATE_CRDS is set; skipping generation of CRDs
unit-tests	UNKNOWN STEP	2026-02-22T17:39:43.4388785Z running apis/iam/v1alpha1/generate.sh
unit-tests	UNKNOWN STEP	2026-02-22T17:39:43.4796853Z HEAD is now at 731d7f2ab6 feat: add gkerecommender GkeInferenceQuickstart API v1
unit-tests	UNKNOWN STEP	2026-02-22T17:39:43.4816426Z /usr/bin/protoc
unit-tests	UNKNOWN STEP	2026-02-22T17:39:43.4846518Z Found protoc version libprotoc 3.21.12
unit-tests	UNKNOWN STEP	2026-02-22T17:39:43.4848004Z Using cached googleapis pb file at /home/runner/work/k8s-config-connector/k8s-config-connector/.build/googleapis-731d7f2ab6e4e2ea15030c95039e2cb66174d4fb.pb
unit-tests	UNKNOWN STEP	2026-02-22T17:39:45.5884007Z SKIP_GENERATE_CRDS is set; skipping generation of CRDs
unit-tests	UNKNOWN STEP	2026-02-22T17:39:45.7692426Z running apis/iam/v1beta1/generate.sh
unit-tests	UNKNOWN STEP	2026-02-22T17:39:47.8345078Z SKIP_GENERATE_CRDS is set; skipping generation of CRDs
unit-tests	UNKNOWN STEP	2026-02-22T17:39:48.0035459Z running apis/logging/v1beta1/generate.sh
unit-tests	UNKNOWN STEP	2026-02-22T17:39:48.0436911Z HEAD is now at 731d7f2ab6 feat: add gkerecommender GkeInferenceQuickstart API v1
unit-tests	UNKNOWN STEP	2026-02-22T17:39:48.0454741Z /usr/bin/protoc
unit-tests	UNKNOWN STEP	2026-02-22T17:39:48.0484814Z Found protoc version libprotoc 3.21.12
unit-tests	UNKNOWN STEP	2026-02-22T17:39:48.0486159Z Using cached googleapis pb file at /home/runner/work/k8s-config-connector/k8s-config-connector/.build/googleapis-731d7f2ab6e4e2ea15030c95039e2cb66174d4fb.pb
unit-tests	UNKNOWN STEP	2026-02-22T17:39:50.1561859Z SKIP_GENERATE_CRDS is set; skipping generation of CRDs
unit-tests	UNKNOWN STEP	2026-02-22T17:39:50.3338328Z running apis/managedkafka/v1alpha1/generate.sh
unit-tests	UNKNOWN STEP	2026-02-22T17:39:50.3741698Z HEAD is now at 731d7f2ab6 feat: add gkerecommender GkeInferenceQuickstart API v1
unit-tests	UNKNOWN STEP	2026-02-22T17:39:50.3762272Z /usr/bin/protoc
unit-tests	UNKNOWN STEP	2026-02-22T17:39:50.3792549Z Found protoc version libprotoc 3.21.12
unit-tests	UNKNOWN STEP	2026-02-22T17:39:50.3793880Z Using cached googleapis pb file at /home/runner/work/k8s-config-connector/k8s-config-connector/.build/googleapis-731d7f2ab6e4e2ea15030c95039e2cb66174d4fb.pb
unit-tests	UNKNOWN STEP	2026-02-22T17:39:51.3881516Z SKIP_GENERATE_CRDS is set; skipping generation of CRDs
unit-tests	UNKNOWN STEP	2026-02-22T17:39:51.5575450Z running apis/managedkafka/v1beta1/generate.sh
unit-tests	UNKNOWN STEP	2026-02-22T17:39:51.5984542Z HEAD is now at 731d7f2ab6 feat: add gkerecommender GkeInferenceQuickstart API v1
unit-tests	UNKNOWN STEP	2026-02-22T17:39:51.6007658Z /usr/bin/protoc
unit-tests	UNKNOWN STEP	2026-02-22T17:39:51.6037544Z Found protoc version libprotoc 3.21.12
unit-tests	UNKNOWN STEP	2026-02-22T17:39:51.6039911Z Using cached googleapis pb file at /home/runner/work/k8s-config-connector/k8s-config-connector/.build/googleapis-731d7f2ab6e4e2ea15030c95039e2cb66174d4fb.pb
unit-tests	UNKNOWN STEP	2026-02-22T17:39:52.6233540Z SKIP_GENERATE_CRDS is set; skipping generation of CRDs
unit-tests	UNKNOWN STEP	2026-02-22T17:39:52.7907129Z running apis/monitoring/v1beta1/generate.sh
unit-tests	UNKNOWN STEP	2026-02-22T17:39:52.8316909Z HEAD is now at 731d7f2ab6 feat: add gkerecommender GkeInferenceQuickstart API v1
unit-tests	UNKNOWN STEP	2026-02-22T17:39:52.8338964Z /usr/bin/protoc
unit-tests	UNKNOWN STEP	2026-02-22T17:39:52.8370150Z Found protoc version libprotoc 3.21.12
unit-tests	UNKNOWN STEP	2026-02-22T17:39:52.8371130Z Using cached googleapis pb file at /home/runner/work/k8s-config-connector/k8s-config-connector/.build/googleapis-731d7f2ab6e4e2ea15030c95039e2cb66174d4fb.pb
unit-tests	UNKNOWN STEP	2026-02-22T17:39:54.9500988Z SKIP_GENERATE_CRDS is set; skipping generation of CRDs
unit-tests	UNKNOWN STEP	2026-02-22T17:39:55.1156757Z running apis/networkmanagement/v1alpha1/generate.sh
unit-tests	UNKNOWN STEP	2026-02-22T17:39:55.1560398Z HEAD is now at 731d7f2ab6 feat: add gkerecommender GkeInferenceQuickstart API v1
unit-tests	UNKNOWN STEP	2026-02-22T17:39:55.1580742Z /usr/bin/protoc
unit-tests	UNKNOWN STEP	2026-02-22T17:39:55.1610498Z Found protoc version libprotoc 3.21.12
unit-tests	UNKNOWN STEP	2026-02-22T17:39:55.1611825Z Using cached googleapis pb file at /home/runner/work/k8s-config-connector/k8s-config-connector/.build/googleapis-731d7f2ab6e4e2ea15030c95039e2cb66174d4fb.pb
unit-tests	UNKNOWN STEP	2026-02-22T17:39:57.3537229Z SKIP_GENERATE_CRDS is set; skipping generation of CRDs
unit-tests	UNKNOWN STEP	2026-02-22T17:39:57.5176012Z running apis/networksecurity/v1beta1/generate.sh
unit-tests	UNKNOWN STEP	2026-02-22T17:39:57.5586379Z HEAD is now at 731d7f2ab6 feat: add gkerecommender GkeInferenceQuickstart API v1
unit-tests	UNKNOWN STEP	2026-02-22T17:39:57.5608780Z /usr/bin/protoc
unit-tests	UNKNOWN STEP	2026-02-22T17:39:57.5639603Z Found protoc version libprotoc 3.21.12
unit-tests	UNKNOWN STEP	2026-02-22T17:39:57.5640995Z Using cached googleapis pb file at /home/runner/work/k8s-config-connector/k8s-config-connector/.build/googleapis-731d7f2ab6e4e2ea15030c95039e2cb66174d4fb.pb
unit-tests	UNKNOWN STEP	2026-02-22T17:39:59.7052897Z SKIP_GENERATE_CRDS is set; skipping generation of CRDs
unit-tests	UNKNOWN STEP	2026-02-22T17:40:07.7072604Z running apis/networkservices/v1alpha1/generate.sh
unit-tests	UNKNOWN STEP	2026-02-22T17:40:07.7487872Z HEAD is now at 731d7f2ab6 feat: add gkerecommender GkeInferenceQuickstart API v1
unit-tests	UNKNOWN STEP	2026-02-22T17:40:07.7510520Z /usr/bin/protoc
unit-tests	UNKNOWN STEP	2026-02-22T17:40:07.7541219Z Found protoc version libprotoc 3.21.12
unit-tests	UNKNOWN STEP	2026-02-22T17:40:07.7542155Z Using cached googleapis pb file at /home/runner/work/k8s-config-connector/k8s-config-connector/.build/googleapis-731d7f2ab6e4e2ea15030c95039e2cb66174d4fb.pb
unit-tests	UNKNOWN STEP	2026-02-22T17:40:09.8892192Z SKIP_GENERATE_CRDS is set; skipping generation of CRDs
unit-tests	UNKNOWN STEP	2026-02-22T17:40:10.0470481Z Skipping apis/orgpolicy/v1alpha1/generate.sh
unit-tests	UNKNOWN STEP	2026-02-22T17:40:10.0471084Z Skipping apis/orgpolicy/v1beta1/generate.sh
unit-tests	UNKNOWN STEP	2026-02-22T17:40:10.0471536Z running apis/parametermanager/v1alpha1/generate.sh
unit-tests	UNKNOWN STEP	2026-02-22T17:40:12.1088650Z SKIP_GENERATE_CRDS is set; skipping generation of CRDs
unit-tests	UNKNOWN STEP	2026-02-22T17:40:12.2582857Z running apis/privateca/v1beta1/generate.sh
unit-tests	UNKNOWN STEP	2026-02-22T17:40:12.2990082Z HEAD is now at 731d7f2ab6 feat: add gkerecommender GkeInferenceQuickstart API v1
unit-tests	UNKNOWN STEP	2026-02-22T17:40:12.3011967Z /usr/bin/protoc
unit-tests	UNKNOWN STEP	2026-02-22T17:40:12.3042140Z Found protoc version libprotoc 3.21.12
unit-tests	UNKNOWN STEP	2026-02-22T17:40:12.3043006Z Using cached googleapis pb file at /home/runner/work/k8s-config-connector/k8s-config-connector/.build/googleapis-731d7f2ab6e4e2ea15030c95039e2cb66174d4fb.pb
unit-tests	UNKNOWN STEP	2026-02-22T17:40:14.4203998Z SKIP_GENERATE_CRDS is set; skipping generation of CRDs
unit-tests	UNKNOWN STEP	2026-02-22T17:40:14.7532242Z running apis/pubsub/v1beta1/generate.sh
unit-tests	UNKNOWN STEP	2026-02-22T17:40:14.7942741Z HEAD is now at 731d7f2ab6 feat: add gkerecommender GkeInferenceQuickstart API v1
unit-tests	UNKNOWN STEP	2026-02-22T17:40:14.7964597Z /usr/bin/protoc
unit-tests	UNKNOWN STEP	2026-02-22T17:40:14.7995346Z Found protoc version libprotoc 3.21.12
unit-tests	UNKNOWN STEP	2026-02-22T17:40:14.7996679Z Using cached googleapis pb file at /home/runner/work/k8s-config-connector/k8s-config-connector/.build/googleapis-731d7f2ab6e4e2ea15030c95039e2cb66174d4fb.pb
unit-tests	UNKNOWN STEP	2026-02-22T17:40:16.8991391Z running apis/run/v1beta1/generate.sh
unit-tests	UNKNOWN STEP	2026-02-22T17:40:16.9399436Z HEAD is now at 731d7f2ab6 feat: add gkerecommender GkeInferenceQuickstart API v1
unit-tests	UNKNOWN STEP	2026-02-22T17:40:16.9420593Z /usr/bin/protoc
unit-tests	UNKNOWN STEP	2026-02-22T17:40:16.9450904Z Found protoc version libprotoc 3.21.12
unit-tests	UNKNOWN STEP	2026-02-22T17:40:16.9452099Z Using cached googleapis pb file at /home/runner/work/k8s-config-connector/k8s-config-connector/.build/googleapis-731d7f2ab6e4e2ea15030c95039e2cb66174d4fb.pb
unit-tests	UNKNOWN STEP	2026-02-22T17:40:19.0644844Z SKIP_GENERATE_CRDS is set; skipping generation of CRDs
unit-tests	UNKNOWN STEP	2026-02-22T17:40:19.2330813Z running apis/servicenetworking/v1alpha1/generate.sh
unit-tests	UNKNOWN STEP	2026-02-22T17:40:19.2746805Z HEAD is now at 731d7f2ab6 feat: add gkerecommender GkeInferenceQuickstart API v1
unit-tests	UNKNOWN STEP	2026-02-22T17:40:19.2770209Z /usr/bin/protoc
unit-tests	UNKNOWN STEP	2026-02-22T17:40:19.2801877Z Found protoc version libprotoc 3.21.12
unit-tests	UNKNOWN STEP	2026-02-22T17:40:19.2803200Z Using cached googleapis pb file at /home/runner/work/k8s-config-connector/k8s-config-connector/.build/googleapis-731d7f2ab6e4e2ea15030c95039e2cb66174d4fb.pb
unit-tests	UNKNOWN STEP	2026-02-22T17:40:21.4062623Z SKIP_GENERATE_CRDS is set; skipping generation of CRDs
unit-tests	UNKNOWN STEP	2026-02-22T17:40:21.5532464Z running apis/serviceusage/v1beta1/generate.sh
unit-tests	UNKNOWN STEP	2026-02-22T17:40:21.5934102Z HEAD is now at 731d7f2ab6 feat: add gkerecommender GkeInferenceQuickstart API v1
unit-tests	UNKNOWN STEP	2026-02-22T17:40:21.5952883Z /usr/bin/protoc
unit-tests	UNKNOWN STEP	2026-02-22T17:40:21.5982678Z Found protoc version libprotoc 3.21.12
unit-tests	UNKNOWN STEP	2026-02-22T17:40:21.5984316Z Using cached googleapis pb file at /home/runner/work/k8s-config-connector/k8s-config-connector/.build/googleapis-731d7f2ab6e4e2ea15030c95039e2cb66174d4fb.pb
unit-tests	UNKNOWN STEP	2026-02-22T17:40:23.6716596Z SKIP_GENERATE_CRDS is set; skipping generation of CRDs
unit-tests	UNKNOWN STEP	2026-02-22T17:40:23.8285621Z Skipping apis/speech/v1alpha1/generate.sh
unit-tests	UNKNOWN STEP	2026-02-22T17:40:23.8286208Z Skipping apis/speech/v1beta1/generate.sh
unit-tests	UNKNOWN STEP	2026-02-22T17:40:23.8286669Z running apis/sql/v1beta1/generate.sh
unit-tests	UNKNOWN STEP	2026-02-22T17:40:23.8694261Z HEAD is now at 731d7f2ab6 feat: add gkerecommender GkeInferenceQuickstart API v1
unit-tests	UNKNOWN STEP	2026-02-22T17:40:23.8714588Z /usr/bin/protoc
unit-tests	UNKNOWN STEP	2026-02-22T17:40:23.8745352Z Found protoc version libprotoc 3.21.12
unit-tests	UNKNOWN STEP	2026-02-22T17:40:23.8746694Z Using cached googleapis pb file at /home/runner/work/k8s-config-connector/k8s-config-connector/.build/googleapis-731d7f2ab6e4e2ea15030c95039e2cb66174d4fb.pb
unit-tests	UNKNOWN STEP	2026-02-22T17:40:24.8900614Z I0222 17:40:24.889799   14370 generatetypescommand.go:163] "skipping scaffolding type, refs and identity files" resource="DatabaseInstance"
unit-tests	UNKNOWN STEP	2026-02-22T17:40:26.0492504Z SKIP_GENERATE_CRDS is set; skipping generation of CRDs
unit-tests	UNKNOWN STEP	2026-02-22T17:40:26.2357678Z running apis/tags/v1alpha1/generate.sh
unit-tests	UNKNOWN STEP	2026-02-22T17:40:26.2765822Z HEAD is now at 731d7f2ab6 feat: add gkerecommender GkeInferenceQuickstart API v1
unit-tests	UNKNOWN STEP	2026-02-22T17:40:26.2786419Z /usr/bin/protoc
unit-tests	UNKNOWN STEP	2026-02-22T17:40:26.2817304Z Found protoc version libprotoc 3.21.12
unit-tests	UNKNOWN STEP	2026-02-22T17:40:26.2818451Z Using cached googleapis pb file at /home/runner/work/k8s-config-connector/k8s-config-connector/.build/googleapis-731d7f2ab6e4e2ea15030c95039e2cb66174d4fb.pb
unit-tests	UNKNOWN STEP	2026-02-22T17:40:26.3324782Z SKIP_GENERATE_CRDS is set; skipping generation of CRDs
unit-tests	UNKNOWN STEP	2026-02-22T17:40:26.3329713Z running apis/tags/v1beta1/generate.sh
unit-tests	UNKNOWN STEP	2026-02-22T17:40:26.3732096Z HEAD is now at 731d7f2ab6 feat: add gkerecommender GkeInferenceQuickstart API v1
unit-tests	UNKNOWN STEP	2026-02-22T17:40:26.3753373Z /usr/bin/protoc
unit-tests	UNKNOWN STEP	2026-02-22T17:40:26.3784331Z Found protoc version libprotoc 3.21.12
unit-tests	UNKNOWN STEP	2026-02-22T17:40:26.3785958Z Using cached googleapis pb file at /home/runner/work/k8s-config-connector/k8s-config-connector/.build/googleapis-731d7f2ab6e4e2ea15030c95039e2cb66174d4fb.pb
unit-tests	UNKNOWN STEP	2026-02-22T17:40:28.4973416Z SKIP_GENERATE_CRDS is set; skipping generation of CRDs
unit-tests	UNKNOWN STEP	2026-02-22T17:40:28.6577956Z Skipping apis/tpu/v1alpha1/generate.sh
unit-tests	UNKNOWN STEP	2026-02-22T17:40:28.6578525Z Skipping apis/vertexai/v1alpha1/generate.sh
unit-tests	UNKNOWN STEP	2026-02-22T17:40:28.6579093Z Skipping apis/vmwareengine/v1alpha1/generate.sh
unit-tests	UNKNOWN STEP	2026-02-22T17:40:28.6579647Z Skipping apis/vmwareengine/v1beta1/generate.sh
unit-tests	UNKNOWN STEP	2026-02-22T17:40:28.6580163Z Generating CRDs
unit-tests	UNKNOWN STEP	2026-02-22T17:40:28.7430500Z go: downloading sigs.k8s.io/controller-tools v0.16.5
unit-tests	UNKNOWN STEP	2026-02-22T17:40:29.2227882Z go: downloading github.com/gobuffalo/flect v1.0.3
unit-tests	UNKNOWN STEP	2026-02-22T17:40:29.2229892Z go: downloading k8s.io/apiextensions-apiserver v0.31.2
unit-tests	UNKNOWN STEP	2026-02-22T17:40:29.3304794Z go: downloading k8s.io/apimachinery v0.31.2
unit-tests	UNKNOWN STEP	2026-02-22T17:40:29.4873267Z go: downloading k8s.io/utils v0.0.0-20240711033017-18e509b52bc8
unit-tests	UNKNOWN STEP	2026-02-22T17:40:29.5241641Z go: downloading golang.org/x/tools v0.26.0
unit-tests	UNKNOWN STEP	2026-02-22T17:40:29.5394573Z go: downloading k8s.io/api v0.31.2
unit-tests	UNKNOWN STEP	2026-02-22T17:40:29.8547765Z go: downloading github.com/google/gofuzz v1.2.0
unit-tests	UNKNOWN STEP	2026-02-22T17:40:29.9399102Z go: downloading sigs.k8s.io/structured-merge-diff/v4 v4.4.1
unit-tests	UNKNOWN STEP	2026-02-22T17:40:30.0487461Z go: downloading sigs.k8s.io/json v0.0.0-20221116044647-bc3834ca7abd
unit-tests	UNKNOWN STEP	2026-02-22T17:40:30.0795890Z go: downloading golang.org/x/sync v0.8.0
unit-tests	UNKNOWN STEP	2026-02-22T17:40:30.1013555Z go: downloading golang.org/x/mod v0.21.0
unit-tests	UNKNOWN STEP	2026-02-22T17:40:30.1391148Z go: downloading golang.org/x/net v0.30.0
unit-tests	UNKNOWN STEP	2026-02-22T17:40:30.1430033Z go: downloading golang.org/x/sys v0.26.0
unit-tests	UNKNOWN STEP	2026-02-22T17:40:30.3529253Z go: downloading golang.org/x/text v0.19.0
unit-tests	UNKNOWN STEP	2026-02-22T17:40:42.9414330Z ##[error]/home/runner/work/k8s-config-connector/k8s-config-connector/apis/run/v1beta1/runservice_types.go:59:2: invalid field type: invalid type
unit-tests	UNKNOWN STEP	2026-02-22T17:40:42.9416301Z github.com/GoogleCloudPlatform/k8s-config-connector/apis/run/v1beta1:-: invalid slice element type: invalid type
unit-tests	UNKNOWN STEP	2026-02-22T17:40:42.9417150Z 1000:23: missing ',' in argument list
unit-tests	UNKNOWN STEP	2026-02-22T17:40:42.9417417Z 1001:1: missing ',' in argument list
unit-tests	UNKNOWN STEP	2026-02-22T17:40:42.9417661Z 1004:1: missing ',' in argument list
unit-tests	UNKNOWN STEP	2026-02-22T17:40:42.9417915Z 1005:9: missing ',' in composite literal
unit-tests	UNKNOWN STEP	2026-02-22T17:40:42.9418176Z 1006:6: expected '==', found '='
unit-tests	UNKNOWN STEP	2026-02-22T17:40:42.9418408Z 1007:7: expected '==', found '='
unit-tests	UNKNOWN STEP	2026-02-22T17:40:42.9418681Z 1008:2: missing ',' before newline in argument list
unit-tests	UNKNOWN STEP	2026-02-22T17:40:42.9418978Z 1009:1: expected operand, found 'if'
unit-tests	UNKNOWN STEP	2026-02-22T17:40:42.9419243Z 1010:9: missing ',' in composite literal
unit-tests	UNKNOWN STEP	2026-02-22T17:40:42.9419501Z 1011:6: expected '==', found '='
unit-tests	UNKNOWN STEP	2026-02-22T17:40:42.9419728Z 1012:7: expected '==', found '='
unit-tests	UNKNOWN STEP	2026-02-22T17:40:42.9420670Z ##[error]/home/runner/work/k8s-config-connector/k8s-config-connector/apis/run/v1beta1/runservice_types.go:59:12: unknown type RevisionTemplate
unit-tests	UNKNOWN STEP	2026-02-22T17:40:42.9422245Z ##[error]/home/runner/work/k8s-config-connector/k8s-config-connector/apis/run/v1beta1/runservice_types.go:62:12: unknown type TrafficTarget
unit-tests	UNKNOWN STEP	2026-02-22T17:40:42.9423771Z ##[error]/home/runner/work/k8s-config-connector/k8s-config-connector/apis/run/v1beta1/runservice_types.go:65:11: unknown type ServiceScaling
unit-tests	UNKNOWN STEP	2026-02-22T17:40:42.9425522Z ##[error]/home/runner/work/k8s-config-connector/k8s-config-connector/apis/run/v1beta1/runservice_types.go:77:15: unknown type BuildConfig
unit-tests	UNKNOWN STEP	2026-02-22T17:40:42.9427037Z ##[error]/home/runner/work/k8s-config-connector/k8s-config-connector/apis/run/v1beta1/runservice_types.go:135:20: unknown type TrafficTargetStatus
unit-tests	UNKNOWN STEP	2026-02-22T17:40:42.9428315Z Error: not all generators ran successfully
unit-tests	UNKNOWN STEP	2026-02-22T17:40:42.9430476Z run `controller-gen object:headerFile=/home/runner/work/k8s-config-connector/k8s-config-connector/hack/boilerplate.go.txt crd:crdVersions=v1,allowDangerousTypes=true,ignoreUnexportedFields=true output:crd:artifacts:config=config/crd/ paths=./... -w` to see all available markers, or `controller-gen object:headerFile=/home/runner/work/k8s-config-connector/k8s-config-connector/hack/boilerplate.go.txt crd:crdVersions=v1,allowDangerousTypes=true,ignoreUnexportedFields=true output:crd:artifacts:config=config/crd/ paths=./... -h` for usage
unit-tests	UNKNOWN STEP	2026-02-22T17:40:42.9491415Z exit status 1
unit-tests	UNKNOWN STEP	2026-02-22T17:40:42.9774732Z make: *** [Makefile:156: generate] Error 1
unit-tests	UNKNOWN STEP	2026-02-22T17:40:42.9776675Z <hint_for_agent>Run 'dev/ci/presubmits/unit-tests' to fix.</hint_for_agent>
unit-tests	UNKNOWN STEP	2026-02-22T17:40:42.9785050Z ##[error]Process completed with exit code 2.
unit-tests	UNKNOWN STEP	2026-02-22T17:40:42.9836177Z ##[group]Run actions/upload-artifact@v4
unit-tests	UNKNOWN STEP	2026-02-22T17:40:42.9836468Z with:
unit-tests	UNKNOWN STEP	2026-02-22T17:40:42.9836660Z   name: artifacts-unit-tests
unit-tests	UNKNOWN STEP	2026-02-22T17:40:42.9836908Z   path: /tmp/artifacts/
unit-tests	UNKNOWN STEP	2026-02-22T17:40:42.9837138Z   if-no-files-found: warn
unit-tests	UNKNOWN STEP	2026-02-22T17:40:42.9837363Z   compression-level: 6
unit-tests	UNKNOWN STEP	2026-02-22T17:40:42.9837573Z   overwrite: false
unit-tests	UNKNOWN STEP	2026-02-22T17:40:42.9837775Z   include-hidden-files: false
unit-tests	UNKNOWN STEP	2026-02-22T17:40:42.9838001Z env:
unit-tests	UNKNOWN STEP	2026-02-22T17:40:42.9838161Z   GOTOOLCHAIN: local
unit-tests	UNKNOWN STEP	2026-02-22T17:40:42.9838459Z   CLOUDSDK_METRICS_ENVIRONMENT: github-actions-setup-gcloud
unit-tests	UNKNOWN STEP	2026-02-22T17:40:42.9838851Z   CLOUDSDK_METRICS_ENVIRONMENT_VERSION: 2.2.1
unit-tests	UNKNOWN STEP	2026-02-22T17:40:42.9839135Z ##[endgroup]
unit-tests	UNKNOWN STEP	2026-02-22T17:40:43.1961198Z ##[warning]No files were found with the provided path: /tmp/artifacts/. No artifacts will be uploaded.
unit-tests	UNKNOWN STEP	2026-02-22T17:40:43.2127562Z Post job cleanup.
unit-tests	UNKNOWN STEP	2026-02-22T17:40:43.3114145Z [command]/usr/bin/git version
unit-tests	UNKNOWN STEP	2026-02-22T17:40:43.3150702Z git version 2.52.0
unit-tests	UNKNOWN STEP	2026-02-22T17:40:43.3199180Z Temporarily overriding HOME='/home/runner/work/_temp/88e62c1c-6d15-4fc7-838b-0ffa765550f6' before making global git config changes
unit-tests	UNKNOWN STEP	2026-02-22T17:40:43.3200313Z Adding repository directory to the temporary git global config as a safe directory
unit-tests	UNKNOWN STEP	2026-02-22T17:40:43.3204544Z [command]/usr/bin/git config --global --add safe.directory /home/runner/work/k8s-config-connector/k8s-config-connector
unit-tests	UNKNOWN STEP	2026-02-22T17:40:43.3239476Z [command]/usr/bin/git config --local --name-only --get-regexp core\.sshCommand
unit-tests	UNKNOWN STEP	2026-02-22T17:40:43.3276127Z [command]/usr/bin/git submodule foreach --recursive sh -c "git config --local --name-only --get-regexp 'core\.sshCommand' && git config --local --unset-all 'core.sshCommand' || :"
unit-tests	UNKNOWN STEP	2026-02-22T17:40:43.3543591Z [command]/usr/bin/git config --local --name-only --get-regexp http\.https\:\/\/github\.com\/\.extraheader
unit-tests	UNKNOWN STEP	2026-02-22T17:40:43.3566724Z http.https://github.com/.extraheader
unit-tests	UNKNOWN STEP	2026-02-22T17:40:43.3579289Z [command]/usr/bin/git config --local --unset-all http.https://github.com/.extraheader
unit-tests	UNKNOWN STEP	2026-02-22T17:40:43.3612877Z [command]/usr/bin/git submodule foreach --recursive sh -c "git config --local --name-only --get-regexp 'http\.https\:\/\/github\.com\/\.extraheader' && git config --local --unset-all 'http.https://github.com/.extraheader' || :"
unit-tests	UNKNOWN STEP	2026-02-22T17:40:43.3870430Z [command]/usr/bin/git config --local --name-only --get-regexp ^includeIf\.gitdir:
unit-tests	UNKNOWN STEP	2026-02-22T17:40:43.3900889Z [command]/usr/bin/git submodule foreach --recursive git config --local --show-origin --name-only --get-regexp remote.origin.url
unit-tests	UNKNOWN STEP	2026-02-22T17:40:43.4315415Z Cleaning up orphan processes
validate-generated-files	UNKNOWN STEP	﻿2026-02-22T17:33:47.1474050Z Current runner version: '2.331.0'
validate-generated-files	UNKNOWN STEP	2026-02-22T17:33:47.1499791Z ##[group]Runner Image Provisioner
validate-generated-files	UNKNOWN STEP	2026-02-22T17:33:47.1500675Z Hosted Compute Agent
validate-generated-files	UNKNOWN STEP	2026-02-22T17:33:47.1501252Z Version: 20260123.484
validate-generated-files	UNKNOWN STEP	2026-02-22T17:33:47.1501810Z Commit: 6bd6555ca37d84114959e1c76d2c01448ff61c5d
validate-generated-files	UNKNOWN STEP	2026-02-22T17:33:47.1502592Z Build Date: 2026-01-23T19:41:17Z
validate-generated-files	UNKNOWN STEP	2026-02-22T17:33:47.1503311Z Worker ID: {03dcb376-c1d4-4d34-be9d-1f144c210220}
validate-generated-files	UNKNOWN STEP	2026-02-22T17:33:47.1503998Z Azure Region: northcentralus
validate-generated-files	UNKNOWN STEP	2026-02-22T17:33:47.1504811Z ##[endgroup]
validate-generated-files	UNKNOWN STEP	2026-02-22T17:33:47.1506611Z ##[group]Operating System
validate-generated-files	UNKNOWN STEP	2026-02-22T17:33:47.1507221Z Ubuntu
validate-generated-files	UNKNOWN STEP	2026-02-22T17:33:47.1507768Z 24.04.3
validate-generated-files	UNKNOWN STEP	2026-02-22T17:33:47.1508241Z LTS
validate-generated-files	UNKNOWN STEP	2026-02-22T17:33:47.1508712Z ##[endgroup]
validate-generated-files	UNKNOWN STEP	2026-02-22T17:33:47.1509267Z ##[group]Runner Image
validate-generated-files	UNKNOWN STEP	2026-02-22T17:33:47.1509826Z Image: ubuntu-24.04
validate-generated-files	UNKNOWN STEP	2026-02-22T17:33:47.1510290Z Version: 20260201.15.1
validate-generated-files	UNKNOWN STEP	2026-02-22T17:33:47.1511508Z Included Software: https://github.com/actions/runner-images/blob/ubuntu24/20260201.15/images/ubuntu/Ubuntu2404-Readme.md
validate-generated-files	UNKNOWN STEP	2026-02-22T17:33:47.1513061Z Image Release: https://github.com/actions/runner-images/releases/tag/ubuntu24%2F20260201.15
validate-generated-files	UNKNOWN STEP	2026-02-22T17:33:47.1513952Z ##[endgroup]
validate-generated-files	UNKNOWN STEP	2026-02-22T17:33:47.1515238Z ##[group]GITHUB_TOKEN Permissions
validate-generated-files	UNKNOWN STEP	2026-02-22T17:33:47.1517423Z Contents: read
validate-generated-files	UNKNOWN STEP	2026-02-22T17:33:47.1518003Z Metadata: read
validate-generated-files	UNKNOWN STEP	2026-02-22T17:33:47.1518481Z Packages: read
validate-generated-files	UNKNOWN STEP	2026-02-22T17:33:47.1519060Z ##[endgroup]
validate-generated-files	UNKNOWN STEP	2026-02-22T17:33:47.1521021Z Secret source: None
validate-generated-files	UNKNOWN STEP	2026-02-22T17:33:47.1522090Z Prepare workflow directory
validate-generated-files	UNKNOWN STEP	2026-02-22T17:33:47.1849806Z Prepare all required actions
validate-generated-files	UNKNOWN STEP	2026-02-22T17:33:47.1886771Z Getting action download info
validate-generated-files	UNKNOWN STEP	2026-02-22T17:33:47.5653990Z Download action repository 'actions/checkout@v4' (SHA:34e114876b0b11c390a56381ad16ebd13914f8d5)
validate-generated-files	UNKNOWN STEP	2026-02-22T17:33:47.6807815Z Download action repository 'actions/setup-go@4dc6199c7b1a012772edbd06daecab0f50c9053c' (SHA:4dc6199c7b1a012772edbd06daecab0f50c9053c)
validate-generated-files	UNKNOWN STEP	2026-02-22T17:33:48.0890362Z Download action repository 'actions/upload-artifact@v4' (SHA:ea165f8d65b6e75b540449e92b4886f43607fa02)
validate-generated-files	UNKNOWN STEP	2026-02-22T17:33:48.3766422Z Complete job name: validate-generated-files
validate-generated-files	UNKNOWN STEP	2026-02-22T17:33:48.4516417Z ##[group]Run actions/checkout@v4
validate-generated-files	UNKNOWN STEP	2026-02-22T17:33:48.4517349Z with:
validate-generated-files	UNKNOWN STEP	2026-02-22T17:33:48.4517928Z   repository: GoogleCloudPlatform/k8s-config-connector
validate-generated-files	UNKNOWN STEP	2026-02-22T17:33:48.4518867Z   token: ***
validate-generated-files	UNKNOWN STEP	2026-02-22T17:33:48.4519302Z   ssh-strict: true
validate-generated-files	UNKNOWN STEP	2026-02-22T17:33:48.4519767Z   ssh-user: git
validate-generated-files	UNKNOWN STEP	2026-02-22T17:33:48.4520238Z   persist-credentials: true
validate-generated-files	UNKNOWN STEP	2026-02-22T17:33:48.4520806Z   clean: true
validate-generated-files	UNKNOWN STEP	2026-02-22T17:33:48.4521293Z   sparse-checkout-cone-mode: true
validate-generated-files	UNKNOWN STEP	2026-02-22T17:33:48.4521879Z   fetch-depth: 1
validate-generated-files	UNKNOWN STEP	2026-02-22T17:33:48.4522336Z   fetch-tags: false
validate-generated-files	UNKNOWN STEP	2026-02-22T17:33:48.4522825Z   show-progress: true
validate-generated-files	UNKNOWN STEP	2026-02-22T17:33:48.4523295Z   lfs: false
validate-generated-files	UNKNOWN STEP	2026-02-22T17:33:48.4523726Z   submodules: false
validate-generated-files	UNKNOWN STEP	2026-02-22T17:33:48.4524199Z   set-safe-directory: true
validate-generated-files	UNKNOWN STEP	2026-02-22T17:33:48.4525225Z ##[endgroup]
validate-generated-files	UNKNOWN STEP	2026-02-22T17:33:48.5612439Z Syncing repository: GoogleCloudPlatform/k8s-config-connector
validate-generated-files	UNKNOWN STEP	2026-02-22T17:33:48.5616139Z ##[group]Getting Git version info
validate-generated-files	UNKNOWN STEP	2026-02-22T17:33:48.5617994Z Working directory is '/home/runner/work/k8s-config-connector/k8s-config-connector'
validate-generated-files	UNKNOWN STEP	2026-02-22T17:33:48.5620599Z [command]/usr/bin/git version
validate-generated-files	UNKNOWN STEP	2026-02-22T17:33:48.5676470Z git version 2.52.0
validate-generated-files	UNKNOWN STEP	2026-02-22T17:33:48.5703472Z ##[endgroup]
validate-generated-files	UNKNOWN STEP	2026-02-22T17:33:48.5719865Z Temporarily overriding HOME='/home/runner/work/_temp/9fd8d396-ac70-4c51-933b-e496a3885ab5' before making global git config changes
validate-generated-files	UNKNOWN STEP	2026-02-22T17:33:48.5722888Z Adding repository directory to the temporary git global config as a safe directory
validate-generated-files	UNKNOWN STEP	2026-02-22T17:33:48.5726716Z [command]/usr/bin/git config --global --add safe.directory /home/runner/work/k8s-config-connector/k8s-config-connector
validate-generated-files	UNKNOWN STEP	2026-02-22T17:33:48.5765777Z Deleting the contents of '/home/runner/work/k8s-config-connector/k8s-config-connector'
validate-generated-files	UNKNOWN STEP	2026-02-22T17:33:48.5769131Z ##[group]Initializing the repository
validate-generated-files	UNKNOWN STEP	2026-02-22T17:33:48.5774301Z [command]/usr/bin/git init /home/runner/work/k8s-config-connector/k8s-config-connector
validate-generated-files	UNKNOWN STEP	2026-02-22T17:33:48.5867577Z hint: Using 'master' as the name for the initial branch. This default branch name
validate-generated-files	UNKNOWN STEP	2026-02-22T17:33:48.5868990Z hint: will change to "main" in Git 3.0. To configure the initial branch name
validate-generated-files	UNKNOWN STEP	2026-02-22T17:33:48.5870813Z hint: to use in all of your new repositories, which will suppress this warning,
validate-generated-files	UNKNOWN STEP	2026-02-22T17:33:48.5871995Z hint: call:
validate-generated-files	UNKNOWN STEP	2026-02-22T17:33:48.5872762Z hint:
validate-generated-files	UNKNOWN STEP	2026-02-22T17:33:48.5873954Z hint: 	git config --global init.defaultBranch <name>
validate-generated-files	UNKNOWN STEP	2026-02-22T17:33:48.5875461Z hint:
validate-generated-files	UNKNOWN STEP	2026-02-22T17:33:48.5876651Z hint: Names commonly chosen instead of 'master' are 'main', 'trunk' and
validate-generated-files	UNKNOWN STEP	2026-02-22T17:33:48.5878695Z hint: 'development'. The just-created branch can be renamed via this command:
validate-generated-files	UNKNOWN STEP	2026-02-22T17:33:48.5880199Z hint:
validate-generated-files	UNKNOWN STEP	2026-02-22T17:33:48.5880939Z hint: 	git branch -m <name>
validate-generated-files	UNKNOWN STEP	2026-02-22T17:33:48.5881894Z hint:
validate-generated-files	UNKNOWN STEP	2026-02-22T17:33:48.5883192Z hint: Disable this message with "git config set advice.defaultBranchName false"
validate-generated-files	UNKNOWN STEP	2026-02-22T17:33:48.5886055Z Initialized empty Git repository in /home/runner/work/k8s-config-connector/k8s-config-connector/.git/
validate-generated-files	UNKNOWN STEP	2026-02-22T17:33:48.5889846Z [command]/usr/bin/git remote add origin https://github.com/GoogleCloudPlatform/k8s-config-connector
validate-generated-files	UNKNOWN STEP	2026-02-22T17:33:48.5919205Z ##[endgroup]
validate-generated-files	UNKNOWN STEP	2026-02-22T17:33:48.5920576Z ##[group]Disabling automatic garbage collection
validate-generated-files	UNKNOWN STEP	2026-02-22T17:33:48.5924171Z [command]/usr/bin/git config --local gc.auto 0
validate-generated-files	UNKNOWN STEP	2026-02-22T17:33:48.5953378Z ##[endgroup]
validate-generated-files	UNKNOWN STEP	2026-02-22T17:33:48.5955107Z ##[group]Setting up auth
validate-generated-files	UNKNOWN STEP	2026-02-22T17:33:48.5961231Z [command]/usr/bin/git config --local --name-only --get-regexp core\.sshCommand
validate-generated-files	UNKNOWN STEP	2026-02-22T17:33:48.5992795Z [command]/usr/bin/git submodule foreach --recursive sh -c "git config --local --name-only --get-regexp 'core\.sshCommand' && git config --local --unset-all 'core.sshCommand' || :"
validate-generated-files	UNKNOWN STEP	2026-02-22T17:33:48.6339769Z [command]/usr/bin/git config --local --name-only --get-regexp http\.https\:\/\/github\.com\/\.extraheader
validate-generated-files	UNKNOWN STEP	2026-02-22T17:33:48.6370414Z [command]/usr/bin/git submodule foreach --recursive sh -c "git config --local --name-only --get-regexp 'http\.https\:\/\/github\.com\/\.extraheader' && git config --local --unset-all 'http.https://github.com/.extraheader' || :"
validate-generated-files	UNKNOWN STEP	2026-02-22T17:33:48.6592450Z [command]/usr/bin/git config --local --name-only --get-regexp ^includeIf\.gitdir:
validate-generated-files	UNKNOWN STEP	2026-02-22T17:33:48.6622979Z [command]/usr/bin/git submodule foreach --recursive git config --local --show-origin --name-only --get-regexp remote.origin.url
validate-generated-files	UNKNOWN STEP	2026-02-22T17:33:48.6849190Z [command]/usr/bin/git config --local http.https://github.com/.extraheader AUTHORIZATION: basic ***
validate-generated-files	UNKNOWN STEP	2026-02-22T17:33:48.6884806Z ##[endgroup]
validate-generated-files	UNKNOWN STEP	2026-02-22T17:33:48.6886322Z ##[group]Fetching the repository
validate-generated-files	UNKNOWN STEP	2026-02-22T17:33:48.6895784Z [command]/usr/bin/git -c protocol.version=2 fetch --no-tags --prune --no-recurse-submodules --depth=1 origin +23d7c04b5985efd178558dbf067cd7e439be7649:refs/remotes/pull/6691/merge
validate-generated-files	UNKNOWN STEP	2026-02-22T17:33:59.3476254Z From https://github.com/GoogleCloudPlatform/k8s-config-connector
validate-generated-files	UNKNOWN STEP	2026-02-22T17:33:59.3477422Z  * [new ref]           23d7c04b5985efd178558dbf067cd7e439be7649 -> pull/6691/merge
validate-generated-files	UNKNOWN STEP	2026-02-22T17:33:59.3511732Z ##[endgroup]
validate-generated-files	UNKNOWN STEP	2026-02-22T17:33:59.3512483Z ##[group]Determining the checkout info
validate-generated-files	UNKNOWN STEP	2026-02-22T17:33:59.3515270Z ##[endgroup]
validate-generated-files	UNKNOWN STEP	2026-02-22T17:33:59.3520924Z [command]/usr/bin/git sparse-checkout disable
validate-generated-files	UNKNOWN STEP	2026-02-22T17:33:59.3562668Z [command]/usr/bin/git config --local --unset-all extensions.worktreeConfig
validate-generated-files	UNKNOWN STEP	2026-02-22T17:33:59.3588951Z ##[group]Checking out the ref
validate-generated-files	UNKNOWN STEP	2026-02-22T17:33:59.3593533Z [command]/usr/bin/git checkout --progress --force refs/remotes/pull/6691/merge
validate-generated-files	UNKNOWN STEP	2026-02-22T17:34:00.3935819Z Updating files:  37% (11617/30606)
validate-generated-files	UNKNOWN STEP	2026-02-22T17:34:00.4102898Z Updating files:  38% (11631/30606)
validate-generated-files	UNKNOWN STEP	2026-02-22T17:34:00.4285620Z Updating files:  39% (11937/30606)
validate-generated-files	UNKNOWN STEP	2026-02-22T17:34:00.4510731Z Updating files:  40% (12243/30606)
validate-generated-files	UNKNOWN STEP	2026-02-22T17:34:00.4715784Z Updating files:  41% (12549/30606)
validate-generated-files	UNKNOWN STEP	2026-02-22T17:34:00.4905946Z Updating files:  42% (12855/30606)
validate-generated-files	UNKNOWN STEP	2026-02-22T17:34:00.5098886Z Updating files:  43% (13161/30606)
validate-generated-files	UNKNOWN STEP	2026-02-22T17:34:00.5264214Z Updating files:  44% (13467/30606)
validate-generated-files	UNKNOWN STEP	2026-02-22T17:34:00.5420095Z Updating files:  45% (13773/30606)
validate-generated-files	UNKNOWN STEP	2026-02-22T17:34:00.5572295Z Updating files:  46% (14079/30606)
validate-generated-files	UNKNOWN STEP	2026-02-22T17:34:00.5719771Z Updating files:  47% (14385/30606)
validate-generated-files	UNKNOWN STEP	2026-02-22T17:34:00.6026132Z Updating files:  48% (14691/30606)
validate-generated-files	UNKNOWN STEP	2026-02-22T17:34:00.6187376Z Updating files:  49% (14997/30606)
validate-generated-files	UNKNOWN STEP	2026-02-22T17:34:00.6404619Z Updating files:  50% (15303/30606)
validate-generated-files	UNKNOWN STEP	2026-02-22T17:34:00.6631268Z Updating files:  51% (15610/30606)
validate-generated-files	UNKNOWN STEP	2026-02-22T17:34:00.6855965Z Updating files:  52% (15916/30606)
validate-generated-files	UNKNOWN STEP	2026-02-22T17:34:00.7038414Z Updating files:  53% (16222/30606)
validate-generated-files	UNKNOWN STEP	2026-02-22T17:34:00.7155234Z Updating files:  54% (16528/30606)
validate-generated-files	UNKNOWN STEP	2026-02-22T17:34:00.7315036Z Updating files:  55% (16834/30606)
validate-generated-files	UNKNOWN STEP	2026-02-22T17:34:00.7474657Z Updating files:  56% (17140/30606)
validate-generated-files	UNKNOWN STEP	2026-02-22T17:34:00.7665734Z Updating files:  57% (17446/30606)
validate-generated-files	UNKNOWN STEP	2026-02-22T17:34:00.7878159Z Updating files:  58% (17752/30606)
validate-generated-files	UNKNOWN STEP	2026-02-22T17:34:00.8099026Z Updating files:  59% (18058/30606)
validate-generated-files	UNKNOWN STEP	2026-02-22T17:34:00.8364304Z Updating files:  60% (18364/30606)
validate-generated-files	UNKNOWN STEP	2026-02-22T17:34:00.8589085Z Updating files:  61% (18670/30606)
validate-generated-files	UNKNOWN STEP	2026-02-22T17:34:00.8816169Z Updating files:  62% (18976/30606)
validate-generated-files	UNKNOWN STEP	2026-02-22T17:34:00.9117294Z Updating files:  63% (19282/30606)
validate-generated-files	UNKNOWN STEP	2026-02-22T17:34:00.9390100Z Updating files:  64% (19588/30606)
validate-generated-files	UNKNOWN STEP	2026-02-22T17:34:00.9666846Z Updating files:  65% (19894/30606)
validate-generated-files	UNKNOWN STEP	2026-02-22T17:34:00.9859915Z Updating files:  66% (20200/30606)
validate-generated-files	UNKNOWN STEP	2026-02-22T17:34:01.0110752Z Updating files:  67% (20507/30606)
validate-generated-files	UNKNOWN STEP	2026-02-22T17:34:01.0637817Z Updating files:  68% (20813/30606)
validate-generated-files	UNKNOWN STEP	2026-02-22T17:34:01.0812557Z Updating files:  69% (21119/30606)
validate-generated-files	UNKNOWN STEP	2026-02-22T17:34:01.1002323Z Updating files:  70% (21425/30606)
validate-generated-files	UNKNOWN STEP	2026-02-22T17:34:01.1338165Z Updating files:  71% (21731/30606)
validate-generated-files	UNKNOWN STEP	2026-02-22T17:34:01.1516106Z Updating files:  72% (22037/30606)
validate-generated-files	UNKNOWN STEP	2026-02-22T17:34:01.1779067Z Updating files:  73% (22343/30606)
validate-generated-files	UNKNOWN STEP	2026-02-22T17:34:01.2000130Z Updating files:  74% (22649/30606)
validate-generated-files	UNKNOWN STEP	2026-02-22T17:34:01.2249549Z Updating files:  75% (22955/30606)
validate-generated-files	UNKNOWN STEP	2026-02-22T17:34:01.2381862Z Updating files:  76% (23261/30606)
validate-generated-files	UNKNOWN STEP	2026-02-22T17:34:01.2521323Z Updating files:  77% (23567/30606)
validate-generated-files	UNKNOWN STEP	2026-02-22T17:34:01.2665934Z Updating files:  78% (23873/30606)
validate-generated-files	UNKNOWN STEP	2026-02-22T17:34:01.2799057Z Updating files:  79% (24179/30606)
validate-generated-files	UNKNOWN STEP	2026-02-22T17:34:01.2936803Z Updating files:  80% (24485/30606)
validate-generated-files	UNKNOWN STEP	2026-02-22T17:34:01.3085051Z Updating files:  81% (24791/30606)
validate-generated-files	UNKNOWN STEP	2026-02-22T17:34:01.3225869Z Updating files:  82% (25097/30606)
validate-generated-files	UNKNOWN STEP	2026-02-22T17:34:01.3360256Z Updating files:  83% (25403/30606)
validate-generated-files	UNKNOWN STEP	2026-02-22T17:34:01.3497750Z Updating files:  84% (25710/30606)
validate-generated-files	UNKNOWN STEP	2026-02-22T17:34:01.3638874Z Updating files:  85% (26016/30606)
validate-generated-files	UNKNOWN STEP	2026-02-22T17:34:01.3783900Z Updating files:  86% (26322/30606)
validate-generated-files	UNKNOWN STEP	2026-02-22T17:34:01.3923553Z Updating files:  87% (26628/30606)
validate-generated-files	UNKNOWN STEP	2026-02-22T17:34:01.3931232Z Updating files:  87% (26920/30606)
validate-generated-files	UNKNOWN STEP	2026-02-22T17:34:01.4076371Z Updating files:  88% (26934/30606)
validate-generated-files	UNKNOWN STEP	2026-02-22T17:34:01.4306942Z Updating files:  89% (27240/30606)
validate-generated-files	UNKNOWN STEP	2026-02-22T17:34:01.4545180Z Updating files:  90% (27546/30606)
validate-generated-files	UNKNOWN STEP	2026-02-22T17:34:01.4774838Z Updating files:  91% (27852/30606)
validate-generated-files	UNKNOWN STEP	2026-02-22T17:34:01.5027718Z Updating files:  92% (28158/30606)
validate-generated-files	UNKNOWN STEP	2026-02-22T17:34:01.5236560Z Updating files:  93% (28464/30606)
validate-generated-files	UNKNOWN STEP	2026-02-22T17:34:01.5421318Z Updating files:  94% (28770/30606)
validate-generated-files	UNKNOWN STEP	2026-02-22T17:34:01.5627660Z Updating files:  95% (29076/30606)
validate-generated-files	UNKNOWN STEP	2026-02-22T17:34:01.5801115Z Updating files:  96% (29382/30606)
validate-generated-files	UNKNOWN STEP	2026-02-22T17:34:01.5948202Z Updating files:  97% (29688/30606)
validate-generated-files	UNKNOWN STEP	2026-02-22T17:34:01.6165850Z Updating files:  98% (29994/30606)
validate-generated-files	UNKNOWN STEP	2026-02-22T17:34:01.6353481Z Updating files:  99% (30300/30606)
validate-generated-files	UNKNOWN STEP	2026-02-22T17:34:01.6354114Z Updating files: 100% (30606/30606)
validate-generated-files	UNKNOWN STEP	2026-02-22T17:34:01.6355009Z Updating files: 100% (30606/30606), done.
validate-generated-files	UNKNOWN STEP	2026-02-22T17:34:01.6766005Z Note: switching to 'refs/remotes/pull/6691/merge'.
validate-generated-files	UNKNOWN STEP	2026-02-22T17:34:01.6766561Z 
validate-generated-files	UNKNOWN STEP	2026-02-22T17:34:01.6766835Z You are in 'detached HEAD' state. You can look around, make experimental
validate-generated-files	UNKNOWN STEP	2026-02-22T17:34:01.6767423Z changes and commit them, and you can discard any commits you make in this
validate-generated-files	UNKNOWN STEP	2026-02-22T17:34:01.6768285Z state without impacting any branches by switching back to a branch.
validate-generated-files	UNKNOWN STEP	2026-02-22T17:34:01.6768623Z 
validate-generated-files	UNKNOWN STEP	2026-02-22T17:34:01.6768840Z If you want to create a new branch to retain commits you create, you may
validate-generated-files	UNKNOWN STEP	2026-02-22T17:34:01.6769370Z do so (now or later) by using -c with the switch command. Example:
validate-generated-files	UNKNOWN STEP	2026-02-22T17:34:01.6769668Z 
validate-generated-files	UNKNOWN STEP	2026-02-22T17:34:01.6769785Z   git switch -c <new-branch-name>
validate-generated-files	UNKNOWN STEP	2026-02-22T17:34:01.6769990Z 
validate-generated-files	UNKNOWN STEP	2026-02-22T17:34:01.6770098Z Or undo this operation with:
validate-generated-files	UNKNOWN STEP	2026-02-22T17:34:01.6770280Z 
validate-generated-files	UNKNOWN STEP	2026-02-22T17:34:01.6770377Z   git switch -
validate-generated-files	UNKNOWN STEP	2026-02-22T17:34:01.6770510Z 
validate-generated-files	UNKNOWN STEP	2026-02-22T17:34:01.6770754Z Turn off this advice by setting config variable advice.detachedHead to false
validate-generated-files	UNKNOWN STEP	2026-02-22T17:34:01.6771121Z 
validate-generated-files	UNKNOWN STEP	2026-02-22T17:34:01.6771529Z HEAD is now at 23d7c04b Merge 4ab30438ea200bca05257348c772c116913a275b into 995852f511c99943178ccffe6fd1f6d4da3b5ca5
validate-generated-files	UNKNOWN STEP	2026-02-22T17:34:01.6836863Z ##[endgroup]
validate-generated-files	UNKNOWN STEP	2026-02-22T17:34:01.6876763Z [command]/usr/bin/git log -1 --format=%H
validate-generated-files	UNKNOWN STEP	2026-02-22T17:34:01.6902227Z 23d7c04b5985efd178558dbf067cd7e439be7649
validate-generated-files	UNKNOWN STEP	2026-02-22T17:34:01.7125179Z ##[group]Run actions/setup-go@4dc6199c7b1a012772edbd06daecab0f50c9053c
validate-generated-files	UNKNOWN STEP	2026-02-22T17:34:01.7125567Z with:
validate-generated-files	UNKNOWN STEP	2026-02-22T17:34:01.7125748Z   go-version-file: go.mod
validate-generated-files	UNKNOWN STEP	2026-02-22T17:34:01.7125967Z   check-latest: false
validate-generated-files	UNKNOWN STEP	2026-02-22T17:34:01.7126320Z   token: ***
validate-generated-files	UNKNOWN STEP	2026-02-22T17:34:01.7126491Z   cache: true
validate-generated-files	UNKNOWN STEP	2026-02-22T17:34:01.7126670Z ##[endgroup]
validate-generated-files	UNKNOWN STEP	2026-02-22T17:34:01.8826161Z Setup go version spec 1.24.6
validate-generated-files	UNKNOWN STEP	2026-02-22T17:34:01.8996950Z Attempting to download 1.24.6...
validate-generated-files	UNKNOWN STEP	2026-02-22T17:34:02.3207871Z matching 1.24.6...
validate-generated-files	UNKNOWN STEP	2026-02-22T17:34:02.3257940Z Acquiring 1.24.6 from https://github.com/actions/go-versions/releases/download/1.24.6-16792114823/go-1.24.6-linux-x64.tar.gz
validate-generated-files	UNKNOWN STEP	2026-02-22T17:34:02.8582251Z Extracting Go...
validate-generated-files	UNKNOWN STEP	2026-02-22T17:34:02.8683336Z [command]/usr/bin/tar xz --warning=no-unknown-keyword --overwrite -C /home/runner/work/_temp/bd0470b9-691d-4122-bf6e-a70ca3cb14cc -f /home/runner/work/_temp/d119b260-dea2-46a4-bc51-6eab6e8776ef
validate-generated-files	UNKNOWN STEP	2026-02-22T17:34:04.6253023Z Successfully extracted go to /home/runner/work/_temp/bd0470b9-691d-4122-bf6e-a70ca3cb14cc
validate-generated-files	UNKNOWN STEP	2026-02-22T17:34:04.6253593Z Adding to the cache ...
validate-generated-files	UNKNOWN STEP	2026-02-22T17:34:09.5526056Z Successfully cached go to /opt/hostedtoolcache/go/1.24.6/x64
validate-generated-files	UNKNOWN STEP	2026-02-22T17:34:09.5527182Z Added go to the path
validate-generated-files	UNKNOWN STEP	2026-02-22T17:34:09.5529884Z Successfully set up Go version 1.24.6
validate-generated-files	UNKNOWN STEP	2026-02-22T17:34:09.5963665Z [command]/opt/hostedtoolcache/go/1.24.6/x64/bin/go env GOMODCACHE
validate-generated-files	UNKNOWN STEP	2026-02-22T17:34:09.5994191Z [command]/opt/hostedtoolcache/go/1.24.6/x64/bin/go env GOCACHE
validate-generated-files	UNKNOWN STEP	2026-02-22T17:34:09.6025915Z /home/runner/go/pkg/mod
validate-generated-files	UNKNOWN STEP	2026-02-22T17:34:09.6039852Z /home/runner/.cache/go-build
validate-generated-files	UNKNOWN STEP	2026-02-22T17:34:09.7301125Z Cache hit for: setup-go-Linux-x64-ubuntu24-go-1.24.6-38aeb6058b2b948351c58b83d9d3468daa88777ea1b24224536b1c7536b16a8c
validate-generated-files	UNKNOWN STEP	2026-02-22T17:34:10.8671140Z Received 134217728 of 312132445 (43.0%), 126.9 MBs/sec
validate-generated-files	UNKNOWN STEP	2026-02-22T17:34:11.8662808Z Received 312132445 of 312132445 (100.0%), 148.2 MBs/sec
validate-generated-files	UNKNOWN STEP	2026-02-22T17:34:11.8663727Z Cache Size: ~298 MB (312132445 B)
validate-generated-files	UNKNOWN STEP	2026-02-22T17:34:11.8779281Z [command]/usr/bin/tar -xf /home/runner/work/_temp/d554776e-e2be-4863-ae4f-d9c23a72cfb7/cache.tzst -P -C /home/runner/work/k8s-config-connector/k8s-config-connector --use-compress-program unzstd
validate-generated-files	UNKNOWN STEP	2026-02-22T17:34:15.3451553Z Cache restored successfully
validate-generated-files	UNKNOWN STEP	2026-02-22T17:34:15.4035888Z Cache restored from key: setup-go-Linux-x64-ubuntu24-go-1.24.6-38aeb6058b2b948351c58b83d9d3468daa88777ea1b24224536b1c7536b16a8c
validate-generated-files	UNKNOWN STEP	2026-02-22T17:34:15.4063869Z go version go1.24.6 linux/amd64
validate-generated-files	UNKNOWN STEP	2026-02-22T17:34:15.4064064Z 
validate-generated-files	UNKNOWN STEP	2026-02-22T17:34:15.4064346Z ##[group]go env
validate-generated-files	UNKNOWN STEP	2026-02-22T17:34:15.7758495Z AR='ar'
validate-generated-files	UNKNOWN STEP	2026-02-22T17:34:15.7758838Z CC='gcc'
validate-generated-files	UNKNOWN STEP	2026-02-22T17:34:15.7759186Z CGO_CFLAGS='-O2 -g'
validate-generated-files	UNKNOWN STEP	2026-02-22T17:34:15.7759566Z CGO_CPPFLAGS=''
validate-generated-files	UNKNOWN STEP	2026-02-22T17:34:15.7759924Z CGO_CXXFLAGS='-O2 -g'
validate-generated-files	UNKNOWN STEP	2026-02-22T17:34:15.7760304Z CGO_ENABLED='1'
validate-generated-files	UNKNOWN STEP	2026-02-22T17:34:15.7760651Z CGO_FFLAGS='-O2 -g'
validate-generated-files	UNKNOWN STEP	2026-02-22T17:34:15.7760984Z CGO_LDFLAGS='-O2 -g'
validate-generated-files	UNKNOWN STEP	2026-02-22T17:34:15.7761315Z CXX='g++'
validate-generated-files	UNKNOWN STEP	2026-02-22T17:34:15.7761619Z GCCGO='gccgo'
validate-generated-files	UNKNOWN STEP	2026-02-22T17:34:15.7762245Z GO111MODULE=''
validate-generated-files	UNKNOWN STEP	2026-02-22T17:34:15.7762668Z GOAMD64='v1'
validate-generated-files	UNKNOWN STEP	2026-02-22T17:34:15.7762963Z GOARCH='amd64'
validate-generated-files	UNKNOWN STEP	2026-02-22T17:34:15.7763256Z GOAUTH='netrc'
validate-generated-files	UNKNOWN STEP	2026-02-22T17:34:15.7763536Z GOBIN=''
validate-generated-files	UNKNOWN STEP	2026-02-22T17:34:15.7763844Z GOCACHE='/home/runner/.cache/go-build'
validate-generated-files	UNKNOWN STEP	2026-02-22T17:34:15.7764263Z GOCACHEPROG=''
validate-generated-files	UNKNOWN STEP	2026-02-22T17:34:15.7764734Z GODEBUG=''
validate-generated-files	UNKNOWN STEP	2026-02-22T17:34:15.7765051Z GOENV='/home/runner/.config/go/env'
validate-generated-files	UNKNOWN STEP	2026-02-22T17:34:15.7765438Z GOEXE=''
validate-generated-files	UNKNOWN STEP	2026-02-22T17:34:15.7765706Z GOEXPERIMENT=''
validate-generated-files	UNKNOWN STEP	2026-02-22T17:34:15.7766007Z GOFIPS140='off'
validate-generated-files	UNKNOWN STEP	2026-02-22T17:34:15.7766297Z GOFLAGS=''
validate-generated-files	UNKNOWN STEP	2026-02-22T17:34:15.7767401Z GOGCCFLAGS='-fPIC -m64 -pthread -Wl,--no-gc-sections -fmessage-length=0 -ffile-prefix-map=/tmp/go-build3464819804=/tmp/go-build -gno-record-gcc-switches'
validate-generated-files	UNKNOWN STEP	2026-02-22T17:34:15.7768483Z GOHOSTARCH='amd64'
validate-generated-files	UNKNOWN STEP	2026-02-22T17:34:15.7768815Z GOHOSTOS='linux'
validate-generated-files	UNKNOWN STEP	2026-02-22T17:34:15.7769116Z GOINSECURE=''
validate-generated-files	UNKNOWN STEP	2026-02-22T17:34:15.7769640Z GOMOD='/home/runner/work/k8s-config-connector/k8s-config-connector/go.mod'
validate-generated-files	UNKNOWN STEP	2026-02-22T17:34:15.7770577Z GOMODCACHE='/home/runner/go/pkg/mod'
validate-generated-files	UNKNOWN STEP	2026-02-22T17:34:15.7771018Z GONOPROXY=''
validate-generated-files	UNKNOWN STEP	2026-02-22T17:34:15.7771311Z GONOSUMDB=''
validate-generated-files	UNKNOWN STEP	2026-02-22T17:34:15.7771618Z GOOS='linux'
validate-generated-files	UNKNOWN STEP	2026-02-22T17:34:15.7771929Z GOPATH='/home/runner/go'
validate-generated-files	UNKNOWN STEP	2026-02-22T17:34:15.7772285Z GOPRIVATE=''
validate-generated-files	UNKNOWN STEP	2026-02-22T17:34:15.7772690Z GOPROXY='https://proxy.golang.org,direct'
validate-generated-files	UNKNOWN STEP	2026-02-22T17:34:15.7773187Z GOROOT='/opt/hostedtoolcache/go/1.24.6/x64'
validate-generated-files	UNKNOWN STEP	2026-02-22T17:34:15.7773612Z GOSUMDB='sum.golang.org'
validate-generated-files	UNKNOWN STEP	2026-02-22T17:34:15.7773969Z GOTELEMETRY='local'
validate-generated-files	UNKNOWN STEP	2026-02-22T17:34:15.7774353Z GOTELEMETRYDIR='/home/runner/.config/go/telemetry'
validate-generated-files	UNKNOWN STEP	2026-02-22T17:34:15.7774979Z GOTMPDIR=''
validate-generated-files	UNKNOWN STEP	2026-02-22T17:34:15.7775277Z GOTOOLCHAIN='local'
validate-generated-files	UNKNOWN STEP	2026-02-22T17:34:15.7775757Z GOTOOLDIR='/opt/hostedtoolcache/go/1.24.6/x64/pkg/tool/linux_amd64'
validate-generated-files	UNKNOWN STEP	2026-02-22T17:34:15.7776303Z GOVCS=''
validate-generated-files	UNKNOWN STEP	2026-02-22T17:34:15.7776591Z GOVERSION='go1.24.6'
validate-generated-files	UNKNOWN STEP	2026-02-22T17:34:15.7777150Z GOWORK='/home/runner/work/k8s-config-connector/k8s-config-connector/go.work'
validate-generated-files	UNKNOWN STEP	2026-02-22T17:34:15.7777738Z PKG_CONFIG='pkg-config'
validate-generated-files	UNKNOWN STEP	2026-02-22T17:34:15.7777945Z 
validate-generated-files	UNKNOWN STEP	2026-02-22T17:34:15.7778369Z ##[endgroup]
validate-generated-files	UNKNOWN STEP	2026-02-22T17:34:15.7940521Z ##[group]Run ./dev/ci/presubmits/validate-generated-files
validate-generated-files	UNKNOWN STEP	2026-02-22T17:34:15.7941000Z [36;1m./dev/ci/presubmits/validate-generated-files[0m
validate-generated-files	UNKNOWN STEP	2026-02-22T17:34:15.7979344Z shell: /usr/bin/bash -e {0}
validate-generated-files	UNKNOWN STEP	2026-02-22T17:34:15.7979598Z env:
validate-generated-files	UNKNOWN STEP	2026-02-22T17:34:15.7979773Z   GOTOOLCHAIN: local
validate-generated-files	UNKNOWN STEP	2026-02-22T17:34:15.7979990Z   ARTIFACTS: /tmp/artifacts
validate-generated-files	UNKNOWN STEP	2026-02-22T17:34:15.7980206Z ##[endgroup]
validate-generated-files	UNKNOWN STEP	2026-02-22T17:34:15.8310562Z ++ git rev-parse --show-toplevel
validate-generated-files	UNKNOWN STEP	2026-02-22T17:34:15.8323675Z + REPO_ROOT=/home/runner/work/k8s-config-connector/k8s-config-connector
validate-generated-files	UNKNOWN STEP	2026-02-22T17:34:15.8324311Z + cd /home/runner/work/k8s-config-connector/k8s-config-connector
validate-generated-files	UNKNOWN STEP	2026-02-22T17:34:15.8324925Z + cat
validate-generated-files	UNKNOWN STEP	2026-02-22T17:34:15.8341830Z ++ find dev/ci/presubmits -type f
validate-generated-files	UNKNOWN STEP	2026-02-22T17:34:15.8342791Z ++ sort
validate-generated-files	UNKNOWN STEP	2026-02-22T17:34:15.8362947Z + for f in $(find dev/ci/presubmits -type f | sort)
validate-generated-files	UNKNOWN STEP	2026-02-22T17:34:15.8365753Z ++ basename dev/ci/presubmits/capture-pprof
validate-generated-files	UNKNOWN STEP	2026-02-22T17:34:15.8376390Z + name=capture-pprof
validate-generated-files	UNKNOWN STEP	2026-02-22T17:34:15.8388109Z + cat
validate-generated-files	UNKNOWN STEP	2026-02-22T17:34:15.8388543Z + [[ capture-pprof == \g\o\l\a\n\g\c\i\-\l\i\n\t ]]
validate-generated-files	UNKNOWN STEP	2026-02-22T17:34:15.8389175Z + [[ capture-pprof == \l\i\c\e\n\s\e\-\l\i\n\t ]]
validate-generated-files	UNKNOWN STEP	2026-02-22T17:34:15.8389572Z + [[ capture-pprof == tests-e2e-* ]]
validate-generated-files	UNKNOWN STEP	2026-02-22T17:34:15.8389833Z + cat
validate-generated-files	UNKNOWN STEP	2026-02-22T17:34:15.8399364Z + [[ capture-pprof == \u\n\i\t\-\t\e\s\t\s ]]
validate-generated-files	UNKNOWN STEP	2026-02-22T17:34:15.8399844Z + cat
validate-generated-files	UNKNOWN STEP	2026-02-22T17:34:15.8410675Z + [[ capture-pprof == \t\e\s\t\-\m\o\c\k\g\c\p ]]
validate-generated-files	UNKNOWN STEP	2026-02-22T17:34:15.8411251Z + [[ capture-pprof == \u\n\i\t\-\t\e\s\t\s ]]
validate-generated-files	UNKNOWN STEP	2026-02-22T17:34:15.8411712Z + cat
validate-generated-files	UNKNOWN STEP	2026-02-22T17:34:15.8421773Z + for f in $(find dev/ci/presubmits -type f | sort)
validate-generated-files	UNKNOWN STEP	2026-02-22T17:34:15.8424184Z ++ basename dev/ci/presubmits/fuzz-roundtrippers
validate-generated-files	UNKNOWN STEP	2026-02-22T17:34:15.8433583Z + name=fuzz-roundtrippers
validate-generated-files	UNKNOWN STEP	2026-02-22T17:34:15.8433974Z + cat
validate-generated-files	UNKNOWN STEP	2026-02-22T17:34:15.8445020Z + [[ fuzz-roundtrippers == \g\o\l\a\n\g\c\i\-\l\i\n\t ]]
validate-generated-files	UNKNOWN STEP	2026-02-22T17:34:15.8445986Z + [[ fuzz-roundtrippers == \l\i\c\e\n\s\e\-\l\i\n\t ]]
validate-generated-files	UNKNOWN STEP	2026-02-22T17:34:15.8446419Z + [[ fuzz-roundtrippers == tests-e2e-* ]]
validate-generated-files	UNKNOWN STEP	2026-02-22T17:34:15.8446738Z + cat
validate-generated-files	UNKNOWN STEP	2026-02-22T17:34:15.8455975Z + [[ fuzz-roundtrippers == \u\n\i\t\-\t\e\s\t\s ]]
validate-generated-files	UNKNOWN STEP	2026-02-22T17:34:15.8456473Z + cat
validate-generated-files	UNKNOWN STEP	2026-02-22T17:34:15.8467070Z + [[ fuzz-roundtrippers == \t\e\s\t\-\m\o\c\k\g\c\p ]]
validate-generated-files	UNKNOWN STEP	2026-02-22T17:34:15.8467645Z + [[ fuzz-roundtrippers == \u\n\i\t\-\t\e\s\t\s ]]
validate-generated-files	UNKNOWN STEP	2026-02-22T17:34:15.8468015Z + cat
validate-generated-files	UNKNOWN STEP	2026-02-22T17:34:15.8478188Z + for f in $(find dev/ci/presubmits -type f | sort)
validate-generated-files	UNKNOWN STEP	2026-02-22T17:34:15.8480749Z ++ basename dev/ci/presubmits/golangci-lint
validate-generated-files	UNKNOWN STEP	2026-02-22T17:34:15.8490618Z + name=golangci-lint
validate-generated-files	UNKNOWN STEP	2026-02-22T17:34:15.8490979Z + cat
validate-generated-files	UNKNOWN STEP	2026-02-22T17:34:15.8501541Z + [[ golangci-lint == \g\o\l\a\n\g\c\i\-\l\i\n\t ]]
validate-generated-files	UNKNOWN STEP	2026-02-22T17:34:15.8502045Z + cat
validate-generated-files	UNKNOWN STEP	2026-02-22T17:34:15.8512271Z + continue
validate-generated-files	UNKNOWN STEP	2026-02-22T17:34:15.8512700Z + for f in $(find dev/ci/presubmits -type f | sort)
validate-generated-files	UNKNOWN STEP	2026-02-22T17:34:15.8515021Z ++ basename dev/ci/presubmits/license-lint
validate-generated-files	UNKNOWN STEP	2026-02-22T17:34:15.8525153Z + name=license-lint
validate-generated-files	UNKNOWN STEP	2026-02-22T17:34:15.8525510Z + cat
validate-generated-files	UNKNOWN STEP	2026-02-22T17:34:15.8536466Z + [[ license-lint == \g\o\l\a\n\g\c\i\-\l\i\n\t ]]
validate-generated-files	UNKNOWN STEP	2026-02-22T17:34:15.8537072Z + [[ license-lint == \l\i\c\e\n\s\e\-\l\i\n\t ]]
validate-generated-files	UNKNOWN STEP	2026-02-22T17:34:15.8537554Z + cat
validate-generated-files	UNKNOWN STEP	2026-02-22T17:34:15.8547774Z + continue
validate-generated-files	UNKNOWN STEP	2026-02-22T17:34:15.8548203Z + for f in $(find dev/ci/presubmits -type f | sort)
validate-generated-files	UNKNOWN STEP	2026-02-22T17:34:15.8550546Z ++ basename dev/ci/presubmits/run-linters
validate-generated-files	UNKNOWN STEP	2026-02-22T17:34:15.8559803Z + name=run-linters
validate-generated-files	UNKNOWN STEP	2026-02-22T17:34:15.8560136Z + cat
validate-generated-files	UNKNOWN STEP	2026-02-22T17:34:15.8571235Z + [[ run-linters == \g\o\l\a\n\g\c\i\-\l\i\n\t ]]
validate-generated-files	UNKNOWN STEP	2026-02-22T17:34:15.8571805Z + [[ run-linters == \l\i\c\e\n\s\e\-\l\i\n\t ]]
validate-generated-files	UNKNOWN STEP	2026-02-22T17:34:15.8572313Z + [[ run-linters == tests-e2e-* ]]
validate-generated-files	UNKNOWN STEP	2026-02-22T17:34:15.8572568Z + cat
validate-generated-files	UNKNOWN STEP	2026-02-22T17:34:15.8582542Z + [[ run-linters == \u\n\i\t\-\t\e\s\t\s ]]
validate-generated-files	UNKNOWN STEP	2026-02-22T17:34:15.8583005Z + cat
validate-generated-files	UNKNOWN STEP	2026-02-22T17:34:15.8593743Z + [[ run-linters == \t\e\s\t\-\m\o\c\k\g\c\p ]]
validate-generated-files	UNKNOWN STEP	2026-02-22T17:34:15.8594303Z + [[ run-linters == \u\n\i\t\-\t\e\s\t\s ]]
validate-generated-files	UNKNOWN STEP	2026-02-22T17:34:15.8594922Z + cat
validate-generated-files	UNKNOWN STEP	2026-02-22T17:34:15.8605750Z + for f in $(find dev/ci/presubmits -type f | sort)
validate-generated-files	UNKNOWN STEP	2026-02-22T17:34:15.8607960Z ++ basename dev/ci/presubmits/smoketest-with-kind
validate-generated-files	UNKNOWN STEP	2026-02-22T17:34:15.8617183Z + name=smoketest-with-kind
validate-generated-files	UNKNOWN STEP	2026-02-22T17:34:15.8617554Z + cat
validate-generated-files	UNKNOWN STEP	2026-02-22T17:34:15.8628247Z + [[ smoketest-with-kind == \g\o\l\a\n\g\c\i\-\l\i\n\t ]]
validate-generated-files	UNKNOWN STEP	2026-02-22T17:34:15.8628856Z + [[ smoketest-with-kind == \l\i\c\e\n\s\e\-\l\i\n\t ]]
validate-generated-files	UNKNOWN STEP	2026-02-22T17:34:15.8629227Z + [[ smoketest-with-kind == tests-e2e-* ]]
validate-generated-files	UNKNOWN STEP	2026-02-22T17:34:15.8629481Z + cat
validate-generated-files	UNKNOWN STEP	2026-02-22T17:34:15.8639087Z + [[ smoketest-with-kind == \u\n\i\t\-\t\e\s\t\s ]]
validate-generated-files	UNKNOWN STEP	2026-02-22T17:34:15.8639552Z + cat
validate-generated-files	UNKNOWN STEP	2026-02-22T17:34:15.8649940Z + [[ smoketest-with-kind == \t\e\s\t\-\m\o\c\k\g\c\p ]]
validate-generated-files	UNKNOWN STEP	2026-02-22T17:34:15.8650506Z + [[ smoketest-with-kind == \u\n\i\t\-\t\e\s\t\s ]]
validate-generated-files	UNKNOWN STEP	2026-02-22T17:34:15.8650848Z + cat
validate-generated-files	UNKNOWN STEP	2026-02-22T17:34:15.8660770Z + for f in $(find dev/ci/presubmits -type f | sort)
validate-generated-files	UNKNOWN STEP	2026-02-22T17:34:15.8663193Z ++ basename dev/ci/presubmits/test-mockgcp
validate-generated-files	UNKNOWN STEP	2026-02-22T17:34:15.8672747Z + name=test-mockgcp
validate-generated-files	UNKNOWN STEP	2026-02-22T17:34:15.8673071Z + cat
validate-generated-files	UNKNOWN STEP	2026-02-22T17:34:15.8683610Z + [[ test-mockgcp == \g\o\l\a\n\g\c\i\-\l\i\n\t ]]
validate-generated-files	UNKNOWN STEP	2026-02-22T17:34:15.8684194Z + [[ test-mockgcp == \l\i\c\e\n\s\e\-\l\i\n\t ]]
validate-generated-files	UNKNOWN STEP	2026-02-22T17:34:15.8684894Z + [[ test-mockgcp == tests-e2e-* ]]
validate-generated-files	UNKNOWN STEP	2026-02-22T17:34:15.8685182Z + cat
validate-generated-files	UNKNOWN STEP	2026-02-22T17:34:15.8694370Z + [[ test-mockgcp == \u\n\i\t\-\t\e\s\t\s ]]
validate-generated-files	UNKNOWN STEP	2026-02-22T17:34:15.8694988Z + cat
validate-generated-files	UNKNOWN STEP	2026-02-22T17:34:15.8705574Z + [[ test-mockgcp == \t\e\s\t\-\m\o\c\k\g\c\p ]]
validate-generated-files	UNKNOWN STEP	2026-02-22T17:34:15.8706058Z + cat
validate-generated-files	UNKNOWN STEP	2026-02-22T17:34:15.8716019Z + cat
validate-generated-files	UNKNOWN STEP	2026-02-22T17:34:15.8726744Z + for f in $(find dev/ci/presubmits -type f | sort)
validate-generated-files	UNKNOWN STEP	2026-02-22T17:34:15.8729207Z ++ basename dev/ci/presubmits/test-pause
validate-generated-files	UNKNOWN STEP	2026-02-22T17:34:15.8738518Z + name=test-pause
validate-generated-files	UNKNOWN STEP	2026-02-22T17:34:15.8738856Z + cat
validate-generated-files	UNKNOWN STEP	2026-02-22T17:34:15.8750073Z + [[ test-pause == \g\o\l\a\n\g\c\i\-\l\i\n\t ]]
validate-generated-files	UNKNOWN STEP	2026-02-22T17:34:15.8750629Z + [[ test-pause == \l\i\c\e\n\s\e\-\l\i\n\t ]]
validate-generated-files	UNKNOWN STEP	2026-02-22T17:34:15.8751247Z + [[ test-pause == tests-e2e-* ]]
validate-generated-files	UNKNOWN STEP	2026-02-22T17:34:15.8751530Z + cat
validate-generated-files	UNKNOWN STEP	2026-02-22T17:34:15.8760991Z + [[ test-pause == \u\n\i\t\-\t\e\s\t\s ]]
validate-generated-files	UNKNOWN STEP	2026-02-22T17:34:15.8761441Z + cat
validate-generated-files	UNKNOWN STEP	2026-02-22T17:34:15.8772065Z + [[ test-pause == \t\e\s\t\-\m\o\c\k\g\c\p ]]
validate-generated-files	UNKNOWN STEP	2026-02-22T17:34:15.8772557Z + [[ test-pause == \u\n\i\t\-\t\e\s\t\s ]]
validate-generated-files	UNKNOWN STEP	2026-02-22T17:34:15.8772976Z + cat
validate-generated-files	UNKNOWN STEP	2026-02-22T17:34:15.8783030Z + for f in $(find dev/ci/presubmits -type f | sort)
validate-generated-files	UNKNOWN STEP	2026-02-22T17:34:15.8785771Z ++ basename dev/ci/presubmits/tests-e2e-direct-iam
validate-generated-files	UNKNOWN STEP	2026-02-22T17:34:15.8794744Z + name=tests-e2e-direct-iam
validate-generated-files	UNKNOWN STEP	2026-02-22T17:34:15.8795279Z + cat
validate-generated-files	UNKNOWN STEP	2026-02-22T17:34:15.8805902Z + [[ tests-e2e-direct-iam == \g\o\l\a\n\g\c\i\-\l\i\n\t ]]
validate-generated-files	UNKNOWN STEP	2026-02-22T17:34:15.8806565Z + [[ tests-e2e-direct-iam == \l\i\c\e\n\s\e\-\l\i\n\t ]]
validate-generated-files	UNKNOWN STEP	2026-02-22T17:34:15.8807012Z + [[ tests-e2e-direct-iam == tests-e2e-* ]]
validate-generated-files	UNKNOWN STEP	2026-02-22T17:34:15.8807315Z + cat
validate-generated-files	UNKNOWN STEP	2026-02-22T17:34:15.8816526Z + cat
validate-generated-files	UNKNOWN STEP	2026-02-22T17:34:15.8827460Z + [[ tests-e2e-direct-iam == \u\n\i\t\-\t\e\s\t\s ]]
validate-generated-files	UNKNOWN STEP	2026-02-22T17:34:15.8827983Z + cat
validate-generated-files	UNKNOWN STEP	2026-02-22T17:34:15.8838197Z + [[ tests-e2e-direct-iam == \t\e\s\t\-\m\o\c\k\g\c\p ]]
validate-generated-files	UNKNOWN STEP	2026-02-22T17:34:15.8838840Z + [[ tests-e2e-direct-iam == \u\n\i\t\-\t\e\s\t\s ]]
validate-generated-files	UNKNOWN STEP	2026-02-22T17:34:15.8839208Z + cat
validate-generated-files	UNKNOWN STEP	2026-02-22T17:34:15.8849943Z + for f in $(find dev/ci/presubmits -type f | sort)
validate-generated-files	UNKNOWN STEP	2026-02-22T17:34:15.8852420Z ++ basename dev/ci/presubmits/tests-e2e-fixtures
validate-generated-files	UNKNOWN STEP	2026-02-22T17:34:15.8861617Z + name=tests-e2e-fixtures
validate-generated-files	UNKNOWN STEP	2026-02-22T17:34:15.8862002Z + cat
validate-generated-files	UNKNOWN STEP	2026-02-22T17:34:15.8872614Z + [[ tests-e2e-fixtures == \g\o\l\a\n\g\c\i\-\l\i\n\t ]]
validate-generated-files	UNKNOWN STEP	2026-02-22T17:34:15.8873250Z + [[ tests-e2e-fixtures == \l\i\c\e\n\s\e\-\l\i\n\t ]]
validate-generated-files	UNKNOWN STEP	2026-02-22T17:34:15.8873665Z + [[ tests-e2e-fixtures == tests-e2e-* ]]
validate-generated-files	UNKNOWN STEP	2026-02-22T17:34:15.8873958Z + cat
validate-generated-files	UNKNOWN STEP	2026-02-22T17:34:15.8883330Z + cat
validate-generated-files	UNKNOWN STEP	2026-02-22T17:34:15.8895069Z + [[ tests-e2e-fixtures == \u\n\i\t\-\t\e\s\t\s ]]
validate-generated-files	UNKNOWN STEP	2026-02-22T17:34:15.8895570Z + cat
validate-generated-files	UNKNOWN STEP	2026-02-22T17:34:15.8905911Z + [[ tests-e2e-fixtures == \t\e\s\t\-\m\o\c\k\g\c\p ]]
validate-generated-files	UNKNOWN STEP	2026-02-22T17:34:15.8906735Z + [[ tests-e2e-fixtures == \u\n\i\t\-\t\e\s\t\s ]]
validate-generated-files	UNKNOWN STEP	2026-02-22T17:34:15.8907083Z + cat
validate-generated-files	UNKNOWN STEP	2026-02-22T17:34:15.8916691Z + for f in $(find dev/ci/presubmits -type f | sort)
validate-generated-files	UNKNOWN STEP	2026-02-22T17:34:15.8919406Z ++ basename dev/ci/presubmits/tests-e2e-fixtures-accesscontextmanager
validate-generated-files	UNKNOWN STEP	2026-02-22T17:34:15.8928664Z + name=tests-e2e-fixtures-accesscontextmanager
validate-generated-files	UNKNOWN STEP	2026-02-22T17:34:15.8929180Z + cat
validate-generated-files	UNKNOWN STEP	2026-02-22T17:34:15.8940576Z + [[ tests-e2e-fixtures-accesscontextmanager == \g\o\l\a\n\g\c\i\-\l\i\n\t ]]
validate-generated-files	UNKNOWN STEP	2026-02-22T17:34:15.8941428Z + [[ tests-e2e-fixtures-accesscontextmanager == \l\i\c\e\n\s\e\-\l\i\n\t ]]
validate-generated-files	UNKNOWN STEP	2026-02-22T17:34:15.8942004Z + [[ tests-e2e-fixtures-accesscontextmanager == tests-e2e-* ]]
validate-generated-files	UNKNOWN STEP	2026-02-22T17:34:15.8942389Z + cat
validate-generated-files	UNKNOWN STEP	2026-02-22T17:34:15.8951089Z + cat
validate-generated-files	UNKNOWN STEP	2026-02-22T17:34:15.8962024Z + [[ tests-e2e-fixtures-accesscontextmanager == \u\n\i\t\-\t\e\s\t\s ]]
validate-generated-files	UNKNOWN STEP	2026-02-22T17:34:15.8962662Z + cat
validate-generated-files	UNKNOWN STEP	2026-02-22T17:34:15.8972830Z + [[ tests-e2e-fixtures-accesscontextmanager == \t\e\s\t\-\m\o\c\k\g\c\p ]]
validate-generated-files	UNKNOWN STEP	2026-02-22T17:34:15.8973740Z + [[ tests-e2e-fixtures-accesscontextmanager == \u\n\i\t\-\t\e\s\t\s ]]
validate-generated-files	UNKNOWN STEP	2026-02-22T17:34:15.8974190Z + cat
validate-generated-files	UNKNOWN STEP	2026-02-22T17:34:15.8983436Z + for f in $(find dev/ci/presubmits -type f | sort)
validate-generated-files	UNKNOWN STEP	2026-02-22T17:34:15.8986212Z ++ basename dev/ci/presubmits/tests-e2e-fixtures-aiplatform
validate-generated-files	UNKNOWN STEP	2026-02-22T17:34:15.8995459Z + name=tests-e2e-fixtures-aiplatform
validate-generated-files	UNKNOWN STEP	2026-02-22T17:34:15.8995920Z + cat
validate-generated-files	UNKNOWN STEP	2026-02-22T17:34:15.9006410Z + [[ tests-e2e-fixtures-aiplatform == \g\o\l\a\n\g\c\i\-\l\i\n\t ]]
validate-generated-files	UNKNOWN STEP	2026-02-22T17:34:15.9006999Z + [[ tests-e2e-fixtures-aiplatform == \l\i\c\e\n\s\e\-\l\i\n\t ]]
validate-generated-files	UNKNOWN STEP	2026-02-22T17:34:15.9007747Z + [[ tests-e2e-fixtures-aiplatform == tests-e2e-* ]]
validate-generated-files	UNKNOWN STEP	2026-02-22T17:34:15.9008307Z + cat
validate-generated-files	UNKNOWN STEP	2026-02-22T17:34:15.9018080Z + cat
validate-generated-files	UNKNOWN STEP	2026-02-22T17:34:15.9029284Z + [[ tests-e2e-fixtures-aiplatform == \u\n\i\t\-\t\e\s\t\s ]]
validate-generated-files	UNKNOWN STEP	2026-02-22T17:34:15.9029917Z + cat
validate-generated-files	UNKNOWN STEP	2026-02-22T17:34:15.9040895Z + [[ tests-e2e-fixtures-aiplatform == \t\e\s\t\-\m\o\c\k\g\c\p ]]
validate-generated-files	UNKNOWN STEP	2026-02-22T17:34:15.9041601Z + [[ tests-e2e-fixtures-aiplatform == \u\n\i\t\-\t\e\s\t\s ]]
validate-generated-files	UNKNOWN STEP	2026-02-22T17:34:15.9042434Z + cat
validate-generated-files	UNKNOWN STEP	2026-02-22T17:34:15.9052219Z + for f in $(find dev/ci/presubmits -type f | sort)
validate-generated-files	UNKNOWN STEP	2026-02-22T17:34:15.9054963Z ++ basename dev/ci/presubmits/tests-e2e-fixtures-alloydb
validate-generated-files	UNKNOWN STEP	2026-02-22T17:34:15.9064684Z + name=tests-e2e-fixtures-alloydb
validate-generated-files	UNKNOWN STEP	2026-02-22T17:34:15.9064965Z + cat
validate-generated-files	UNKNOWN STEP	2026-02-22T17:34:15.9077200Z + [[ tests-e2e-fixtures-alloydb == \g\o\l\a\n\g\c\i\-\l\i\n\t ]]
validate-generated-files	UNKNOWN STEP	2026-02-22T17:34:15.9077974Z + [[ tests-e2e-fixtures-alloydb == \l\i\c\e\n\s\e\-\l\i\n\t ]]
validate-generated-files	UNKNOWN STEP	2026-02-22T17:34:15.9078524Z + [[ tests-e2e-fixtures-alloydb == tests-e2e-* ]]
validate-generated-files	UNKNOWN STEP	2026-02-22T17:34:15.9078816Z + cat
validate-generated-files	UNKNOWN STEP	2026-02-22T17:34:15.9089671Z + cat
validate-generated-files	UNKNOWN STEP	2026-02-22T17:34:15.9100670Z + [[ tests-e2e-fixtures-alloydb == \u\n\i\t\-\t\e\s\t\s ]]
validate-generated-files	UNKNOWN STEP	2026-02-22T17:34:15.9101075Z + cat
validate-generated-files	UNKNOWN STEP	2026-02-22T17:34:15.9111663Z + [[ tests-e2e-fixtures-alloydb == \t\e\s\t\-\m\o\c\k\g\c\p ]]
validate-generated-files	UNKNOWN STEP	2026-02-22T17:34:15.9112211Z + [[ tests-e2e-fixtures-alloydb == \u\n\i\t\-\t\e\s\t\s ]]
validate-generated-files	UNKNOWN STEP	2026-02-22T17:34:15.9112718Z + cat
validate-generated-files	UNKNOWN STEP	2026-02-22T17:34:15.9122631Z + for f in $(find dev/ci/presubmits -type f | sort)
validate-generated-files	UNKNOWN STEP	2026-02-22T17:34:15.9125929Z ++ basename dev/ci/presubmits/tests-e2e-fixtures-analytics
validate-generated-files	UNKNOWN STEP	2026-02-22T17:34:15.9135433Z + name=tests-e2e-fixtures-analytics
validate-generated-files	UNKNOWN STEP	2026-02-22T17:34:15.9135883Z + cat
validate-generated-files	UNKNOWN STEP	2026-02-22T17:34:15.9146679Z + [[ tests-e2e-fixtures-analytics == \g\o\l\a\n\g\c\i\-\l\i\n\t ]]
validate-generated-files	UNKNOWN STEP	2026-02-22T17:34:15.9147454Z + [[ tests-e2e-fixtures-analytics == \l\i\c\e\n\s\e\-\l\i\n\t ]]
validate-generated-files	UNKNOWN STEP	2026-02-22T17:34:15.9147960Z + [[ tests-e2e-fixtures-analytics == tests-e2e-* ]]
validate-generated-files	UNKNOWN STEP	2026-02-22T17:34:15.9148250Z + cat
validate-generated-files	UNKNOWN STEP	2026-02-22T17:34:15.9157470Z + cat
validate-generated-files	UNKNOWN STEP	2026-02-22T17:34:15.9168842Z + [[ tests-e2e-fixtures-analytics == \u\n\i\t\-\t\e\s\t\s ]]
validate-generated-files	UNKNOWN STEP	2026-02-22T17:34:15.9169399Z + cat
validate-generated-files	UNKNOWN STEP	2026-02-22T17:34:15.9180275Z + [[ tests-e2e-fixtures-analytics == \t\e\s\t\-\m\o\c\k\g\c\p ]]
validate-generated-files	UNKNOWN STEP	2026-02-22T17:34:15.9180962Z + [[ tests-e2e-fixtures-analytics == \u\n\i\t\-\t\e\s\t\s ]]
validate-generated-files	UNKNOWN STEP	2026-02-22T17:34:15.9181283Z + cat
validate-generated-files	UNKNOWN STEP	2026-02-22T17:34:15.9191036Z + for f in $(find dev/ci/presubmits -type f | sort)
validate-generated-files	UNKNOWN STEP	2026-02-22T17:34:15.9193602Z ++ basename dev/ci/presubmits/tests-e2e-fixtures-apigateway
validate-generated-files	UNKNOWN STEP	2026-02-22T17:34:15.9202743Z + name=tests-e2e-fixtures-apigateway
validate-generated-files	UNKNOWN STEP	2026-02-22T17:34:15.9203042Z + cat
validate-generated-files	UNKNOWN STEP	2026-02-22T17:34:15.9213934Z + [[ tests-e2e-fixtures-apigateway == \g\o\l\a\n\g\c\i\-\l\i\n\t ]]
validate-generated-files	UNKNOWN STEP	2026-02-22T17:34:15.9214810Z + [[ tests-e2e-fixtures-apigateway == \l\i\c\e\n\s\e\-\l\i\n\t ]]
validate-generated-files	UNKNOWN STEP	2026-02-22T17:34:15.9215504Z + [[ tests-e2e-fixtures-apigateway == tests-e2e-* ]]
validate-generated-files	UNKNOWN STEP	2026-02-22T17:34:15.9216014Z + cat
validate-generated-files	UNKNOWN STEP	2026-02-22T17:34:15.9225962Z + cat
validate-generated-files	UNKNOWN STEP	2026-02-22T17:34:15.9237194Z + [[ tests-e2e-fixtures-apigateway == \u\n\i\t\-\t\e\s\t\s ]]
validate-generated-files	UNKNOWN STEP	2026-02-22T17:34:15.9237767Z + cat
validate-generated-files	UNKNOWN STEP	2026-02-22T17:34:15.9248139Z + [[ tests-e2e-fixtures-apigateway == \t\e\s\t\-\m\o\c\k\g\c\p ]]
validate-generated-files	UNKNOWN STEP	2026-02-22T17:34:15.9248911Z + [[ tests-e2e-fixtures-apigateway == \u\n\i\t\-\t\e\s\t\s ]]
validate-generated-files	UNKNOWN STEP	2026-02-22T17:34:15.9249313Z + cat
validate-generated-files	UNKNOWN STEP	2026-02-22T17:34:15.9259099Z + for f in $(find dev/ci/presubmits -type f | sort)
validate-generated-files	UNKNOWN STEP	2026-02-22T17:34:15.9261660Z ++ basename dev/ci/presubmits/tests-e2e-fixtures-apigee
validate-generated-files	UNKNOWN STEP	2026-02-22T17:34:15.9271328Z + name=tests-e2e-fixtures-apigee
validate-generated-files	UNKNOWN STEP	2026-02-22T17:34:15.9271799Z + cat
validate-generated-files	UNKNOWN STEP	2026-02-22T17:34:15.9282679Z + [[ tests-e2e-fixtures-apigee == \g\o\l\a\n\g\c\i\-\l\i\n\t ]]
validate-generated-files	UNKNOWN STEP	2026-02-22T17:34:15.9283476Z + [[ tests-e2e-fixtures-apigee == \l\i\c\e\n\s\e\-\l\i\n\t ]]
validate-generated-files	UNKNOWN STEP	2026-02-22T17:34:15.9283985Z + [[ tests-e2e-fixtures-apigee == tests-e2e-* ]]
validate-generated-files	UNKNOWN STEP	2026-02-22T17:34:15.9284318Z + cat
validate-generated-files	UNKNOWN STEP	2026-02-22T17:34:15.9293285Z + cat
validate-generated-files	UNKNOWN STEP	2026-02-22T17:34:15.9305369Z + [[ tests-e2e-fixtures-apigee == \u\n\i\t\-\t\e\s\t\s ]]
validate-generated-files	UNKNOWN STEP	2026-02-22T17:34:15.9305932Z + cat
validate-generated-files	UNKNOWN STEP	2026-02-22T17:34:15.9316569Z + [[ tests-e2e-fixtures-apigee == \t\e\s\t\-\m\o\c\k\g\c\p ]]
validate-generated-files	UNKNOWN STEP	2026-02-22T17:34:15.9317292Z + [[ tests-e2e-fixtures-apigee == \u\n\i\t\-\t\e\s\t\s ]]
validate-generated-files	UNKNOWN STEP	2026-02-22T17:34:15.9317752Z + cat
validate-generated-files	UNKNOWN STEP	2026-02-22T17:34:15.9327708Z + for f in $(find dev/ci/presubmits -type f | sort)
validate-generated-files	UNKNOWN STEP	2026-02-22T17:34:15.9330187Z ++ basename dev/ci/presubmits/tests-e2e-fixtures-apikeys
validate-generated-files	UNKNOWN STEP	2026-02-22T17:34:15.9339746Z + name=tests-e2e-fixtures-apikeys
validate-generated-files	UNKNOWN STEP	2026-02-22T17:34:15.9340435Z + cat
validate-generated-files	UNKNOWN STEP	2026-02-22T17:34:15.9351017Z + [[ tests-e2e-fixtures-apikeys == \g\o\l\a\n\g\c\i\-\l\i\n\t ]]
validate-generated-files	UNKNOWN STEP	2026-02-22T17:34:15.9351839Z + [[ tests-e2e-fixtures-apikeys == \l\i\c\e\n\s\e\-\l\i\n\t ]]
validate-generated-files	UNKNOWN STEP	2026-02-22T17:34:15.9352445Z + [[ tests-e2e-fixtures-apikeys == tests-e2e-* ]]
validate-generated-files	UNKNOWN STEP	2026-02-22T17:34:15.9352776Z + cat
validate-generated-files	UNKNOWN STEP	2026-02-22T17:34:15.9362342Z + cat
validate-generated-files	UNKNOWN STEP	2026-02-22T17:34:15.9373196Z + [[ tests-e2e-fixtures-apikeys == \u\n\i\t\-\t\e\s\t\s ]]
validate-generated-files	UNKNOWN STEP	2026-02-22T17:34:15.9373768Z + cat
validate-generated-files	UNKNOWN STEP	2026-02-22T17:34:15.9384050Z + [[ tests-e2e-fixtures-apikeys == \t\e\s\t\-\m\o\c\k\g\c\p ]]
validate-generated-files	UNKNOWN STEP	2026-02-22T17:34:15.9384972Z + [[ tests-e2e-fixtures-apikeys == \u\n\i\t\-\t\e\s\t\s ]]
validate-generated-files	UNKNOWN STEP	2026-02-22T17:34:15.9385423Z + cat
validate-generated-files	UNKNOWN STEP	2026-02-22T17:34:15.9394979Z + for f in $(find dev/ci/presubmits -type f | sort)
validate-generated-files	UNKNOWN STEP	2026-02-22T17:34:15.9397751Z ++ basename dev/ci/presubmits/tests-e2e-fixtures-appengine
validate-generated-files	UNKNOWN STEP	2026-02-22T17:34:15.9407102Z + name=tests-e2e-fixtures-appengine
validate-generated-files	UNKNOWN STEP	2026-02-22T17:34:15.9407586Z + cat
validate-generated-files	UNKNOWN STEP	2026-02-22T17:34:15.9418355Z + [[ tests-e2e-fixtures-appengine == \g\o\l\a\n\g\c\i\-\l\i\n\t ]]
validate-generated-files	UNKNOWN STEP	2026-02-22T17:34:15.9419216Z + [[ tests-e2e-fixtures-appengine == \l\i\c\e\n\s\e\-\l\i\n\t ]]
validate-generated-files	UNKNOWN STEP	2026-02-22T17:34:15.9419697Z + [[ tests-e2e-fixtures-appengine == tests-e2e-* ]]
validate-generated-files	UNKNOWN STEP	2026-02-22T17:34:15.9420034Z + cat
validate-generated-files	UNKNOWN STEP	2026-02-22T17:34:15.9428836Z + cat
validate-generated-files	UNKNOWN STEP	2026-02-22T17:34:15.9440262Z + [[ tests-e2e-fixtures-appengine == \u\n\i\t\-\t\e\s\t\s ]]
validate-generated-files	UNKNOWN STEP	2026-02-22T17:34:15.9440856Z + cat
validate-generated-files	UNKNOWN STEP	2026-02-22T17:34:15.9451097Z + [[ tests-e2e-fixtures-appengine == \t\e\s\t\-\m\o\c\k\g\c\p ]]
validate-generated-files	UNKNOWN STEP	2026-02-22T17:34:15.9451893Z + [[ tests-e2e-fixtures-appengine == \u\n\i\t\-\t\e\s\t\s ]]
validate-generated-files	UNKNOWN STEP	2026-02-22T17:34:15.9452328Z + cat
validate-generated-files	UNKNOWN STEP	2026-02-22T17:34:15.9461991Z + for f in $(find dev/ci/presubmits -type f | sort)
validate-generated-files	UNKNOWN STEP	2026-02-22T17:34:15.9464365Z ++ basename dev/ci/presubmits/tests-e2e-fixtures-apphub
validate-generated-files	UNKNOWN STEP	2026-02-22T17:34:15.9473683Z + name=tests-e2e-fixtures-apphub
validate-generated-files	UNKNOWN STEP	2026-02-22T17:34:15.9474151Z + cat
validate-generated-files	UNKNOWN STEP	2026-02-22T17:34:15.9484806Z + [[ tests-e2e-fixtures-apphub == \g\o\l\a\n\g\c\i\-\l\i\n\t ]]
validate-generated-files	UNKNOWN STEP	2026-02-22T17:34:15.9485613Z + [[ tests-e2e-fixtures-apphub == \l\i\c\e\n\s\e\-\l\i\n\t ]]
validate-generated-files	UNKNOWN STEP	2026-02-22T17:34:15.9486548Z + [[ tests-e2e-fixtures-apphub == tests-e2e-* ]]
validate-generated-files	UNKNOWN STEP	2026-02-22T17:34:15.9487081Z + cat
validate-generated-files	UNKNOWN STEP	2026-02-22T17:34:15.9496741Z + cat
validate-generated-files	UNKNOWN STEP	2026-02-22T17:34:15.9507652Z + [[ tests-e2e-fixtures-apphub == \u\n\i\t\-\t\e\s\t\s ]]
validate-generated-files	UNKNOWN STEP	2026-02-22T17:34:15.9508244Z + cat
validate-generated-files	UNKNOWN STEP	2026-02-22T17:34:15.9518876Z + [[ tests-e2e-fixtures-apphub == \t\e\s\t\-\m\o\c\k\g\c\p ]]
validate-generated-files	UNKNOWN STEP	2026-02-22T17:34:15.9519628Z + [[ tests-e2e-fixtures-apphub == \u\n\i\t\-\t\e\s\t\s ]]
validate-generated-files	UNKNOWN STEP	2026-02-22T17:34:15.9520021Z + cat
validate-generated-files	UNKNOWN STEP	2026-02-22T17:34:15.9529615Z + for f in $(find dev/ci/presubmits -type f | sort)
validate-generated-files	UNKNOWN STEP	2026-02-22T17:34:15.9532286Z ++ basename dev/ci/presubmits/tests-e2e-fixtures-artifactregistry
validate-generated-files	UNKNOWN STEP	2026-02-22T17:34:15.9541534Z + name=tests-e2e-fixtures-artifactregistry
validate-generated-files	UNKNOWN STEP	2026-02-22T17:34:15.9542060Z + cat
validate-generated-files	UNKNOWN STEP	2026-02-22T17:34:15.9552628Z + [[ tests-e2e-fixtures-artifactregistry == \g\o\l\a\n\g\c\i\-\l\i\n\t ]]
validate-generated-files	UNKNOWN STEP	2026-02-22T17:34:15.9553568Z + [[ tests-e2e-fixtures-artifactregistry == \l\i\c\e\n\s\e\-\l\i\n\t ]]
validate-generated-files	UNKNOWN STEP	2026-02-22T17:34:15.9554128Z + [[ tests-e2e-fixtures-artifactregistry == tests-e2e-* ]]
validate-generated-files	UNKNOWN STEP	2026-02-22T17:34:15.9554734Z + cat
validate-generated-files	UNKNOWN STEP	2026-02-22T17:34:15.9564340Z + cat
validate-generated-files	UNKNOWN STEP	2026-02-22T17:34:15.9575971Z + [[ tests-e2e-fixtures-artifactregistry == \u\n\i\t\-\t\e\s\t\s ]]
validate-generated-files	UNKNOWN STEP	2026-02-22T17:34:15.9576446Z + cat
validate-generated-files	UNKNOWN STEP	2026-02-22T17:34:15.9586438Z + [[ tests-e2e-fixtures-artifactregistry == \t\e\s\t\-\m\o\c\k\g\c\p ]]
validate-generated-files	UNKNOWN STEP	2026-02-22T17:34:15.9587336Z + [[ tests-e2e-fixtures-artifactregistry == \u\n\i\t\-\t\e\s\t\s ]]
validate-generated-files	UNKNOWN STEP	2026-02-22T17:34:15.9587951Z + cat
validate-generated-files	UNKNOWN STEP	2026-02-22T17:34:15.9597291Z + for f in $(find dev/ci/presubmits -type f | sort)
validate-generated-files	UNKNOWN STEP	2026-02-22T17:34:15.9599859Z ++ basename dev/ci/presubmits/tests-e2e-fixtures-asset
validate-generated-files	UNKNOWN STEP	2026-02-22T17:34:15.9609184Z + name=tests-e2e-fixtures-asset
validate-generated-files	UNKNOWN STEP	2026-02-22T17:34:15.9609640Z + cat
validate-generated-files	UNKNOWN STEP	2026-02-22T17:34:15.9620467Z + [[ tests-e2e-fixtures-asset == \g\o\l\a\n\g\c\i\-\l\i\n\t ]]
validate-generated-files	UNKNOWN STEP	2026-02-22T17:34:15.9621225Z + [[ tests-e2e-fixtures-asset == \l\i\c\e\n\s\e\-\l\i\n\t ]]
validate-generated-files	UNKNOWN STEP	2026-02-22T17:34:15.9621750Z + [[ tests-e2e-fixtures-asset == tests-e2e-* ]]
validate-generated-files	UNKNOWN STEP	2026-02-22T17:34:15.9622271Z + cat
validate-generated-files	UNKNOWN STEP	2026-02-22T17:34:15.9630994Z + cat
validate-generated-files	UNKNOWN STEP	2026-02-22T17:34:15.9641999Z + [[ tests-e2e-fixtures-asset == \u\n\i\t\-\t\e\s\t\s ]]
validate-generated-files	UNKNOWN STEP	2026-02-22T17:34:15.9642538Z + cat
validate-generated-files	UNKNOWN STEP	2026-02-22T17:34:15.9652794Z + [[ tests-e2e-fixtures-asset == \t\e\s\t\-\m\o\c\k\g\c\p ]]
validate-generated-files	UNKNOWN STEP	2026-02-22T17:34:15.9653485Z + [[ tests-e2e-fixtures-asset == \u\n\i\t\-\t\e\s\t\s ]]
validate-generated-files	UNKNOWN STEP	2026-02-22T17:34:15.9653928Z + cat
validate-generated-files	UNKNOWN STEP	2026-02-22T17:34:15.9664973Z + for f in $(find dev/ci/presubmits -type f | sort)
validate-generated-files	UNKNOWN STEP	2026-02-22T17:34:15.9667473Z ++ basename dev/ci/presubmits/tests-e2e-fixtures-assuredworkloads
validate-generated-files	UNKNOWN STEP	2026-02-22T17:34:15.9677096Z + name=tests-e2e-fixtures-assuredworkloads
validate-generated-files	UNKNOWN STEP	2026-02-22T17:34:15.9677593Z + cat
validate-generated-files	UNKNOWN STEP	2026-02-22T17:34:15.9687961Z + [[ tests-e2e-fixtures-assuredworkloads == \g\o\l\a\n\g\c\i\-\l\i\n\t ]]
validate-generated-files	UNKNOWN STEP	2026-02-22T17:34:15.9688853Z + [[ tests-e2e-fixtures-assuredworkloads == \l\i\c\e\n\s\e\-\l\i\n\t ]]
validate-generated-files	UNKNOWN STEP	2026-02-22T17:34:15.9689382Z + [[ tests-e2e-fixtures-assuredworkloads == tests-e2e-* ]]
validate-generated-files	UNKNOWN STEP	2026-02-22T17:34:15.9689734Z + cat
validate-generated-files	UNKNOWN STEP	2026-02-22T17:34:15.9698377Z + cat
validate-generated-files	UNKNOWN STEP	2026-02-22T17:34:15.9709163Z + [[ tests-e2e-fixtures-assuredworkloads == \u\n\i\t\-\t\e\s\t\s ]]
validate-generated-files	UNKNOWN STEP	2026-02-22T17:34:15.9709782Z + cat
validate-generated-files	UNKNOWN STEP	2026-02-22T17:34:15.9720372Z + [[ tests-e2e-fixtures-assuredworkloads == \t\e\s\t\-\m\o\c\k\g\c\p ]]
validate-generated-files	UNKNOWN STEP	2026-02-22T17:34:15.9721235Z + [[ tests-e2e-fixtures-assuredworkloads == \u\n\i\t\-\t\e\s\t\s ]]
validate-generated-files	UNKNOWN STEP	2026-02-22T17:34:15.9721655Z + cat
validate-generated-files	UNKNOWN STEP	2026-02-22T17:34:15.9731203Z + for f in $(find dev/ci/presubmits -type f | sort)
validate-generated-files	UNKNOWN STEP	2026-02-22T17:34:15.9733533Z ++ basename dev/ci/presubmits/tests-e2e-fixtures-backupdr
validate-generated-files	UNKNOWN STEP	2026-02-22T17:34:15.9742712Z + name=tests-e2e-fixtures-backupdr
validate-generated-files	UNKNOWN STEP	2026-02-22T17:34:15.9743195Z + cat
validate-generated-files	UNKNOWN STEP	2026-02-22T17:34:15.9753570Z + [[ tests-e2e-fixtures-backupdr == \g\o\l\a\n\g\c\i\-\l\i\n\t ]]
validate-generated-files	UNKNOWN STEP	2026-02-22T17:34:15.9754337Z + [[ tests-e2e-fixtures-backupdr == \l\i\c\e\n\s\e\-\l\i\n\t ]]
validate-generated-files	UNKNOWN STEP	2026-02-22T17:34:15.9755159Z + [[ tests-e2e-fixtures-backupdr == tests-e2e-* ]]
validate-generated-files	UNKNOWN STEP	2026-02-22T17:34:15.9755681Z + cat
validate-generated-files	UNKNOWN STEP	2026-02-22T17:34:15.9764597Z + cat
validate-generated-files	UNKNOWN STEP	2026-02-22T17:34:15.9776629Z + [[ tests-e2e-fixtures-backupdr == \u\n\i\t\-\t\e\s\t\s ]]
validate-generated-files	UNKNOWN STEP	2026-02-22T17:34:15.9777411Z + cat
validate-generated-files	UNKNOWN STEP	2026-02-22T17:34:15.9788389Z + [[ tests-e2e-fixtures-backupdr == \t\e\s\t\-\m\o\c\k\g\c\p ]]
validate-generated-files	UNKNOWN STEP	2026-02-22T17:34:15.9789003Z + [[ tests-e2e-fixtures-backupdr == \u\n\i\t\-\t\e\s\t\s ]]
validate-generated-files	UNKNOWN STEP	2026-02-22T17:34:15.9789553Z + cat
validate-generated-files	UNKNOWN STEP	2026-02-22T17:34:15.9799892Z + for f in $(find dev/ci/presubmits -type f | sort)
validate-generated-files	UNKNOWN STEP	2026-02-22T17:34:15.9802591Z ++ basename dev/ci/presubmits/tests-e2e-fixtures-batch
validate-generated-files	UNKNOWN STEP	2026-02-22T17:34:15.9812451Z + name=tests-e2e-fixtures-batch
validate-generated-files	UNKNOWN STEP	2026-02-22T17:34:15.9812730Z + cat
validate-generated-files	UNKNOWN STEP	2026-02-22T17:34:15.9823676Z + [[ tests-e2e-fixtures-batch == \g\o\l\a\n\g\c\i\-\l\i\n\t ]]
validate-generated-files	UNKNOWN STEP	2026-02-22T17:34:15.9824198Z + [[ tests-e2e-fixtures-batch == \l\i\c\e\n\s\e\-\l\i\n\t ]]
validate-generated-files	UNKNOWN STEP	2026-02-22T17:34:15.9825012Z + [[ tests-e2e-fixtures-batch == tests-e2e-* ]]
validate-generated-files	UNKNOWN STEP	2026-02-22T17:34:15.9825484Z + cat
validate-generated-files	UNKNOWN STEP	2026-02-22T17:34:15.9835064Z + cat
validate-generated-files	UNKNOWN STEP	2026-02-22T17:34:15.9845954Z + [[ tests-e2e-fixtures-batch == \u\n\i\t\-\t\e\s\t\s ]]
validate-generated-files	UNKNOWN STEP	2026-02-22T17:34:15.9846330Z + cat
validate-generated-files	UNKNOWN STEP	2026-02-22T17:34:15.9857237Z + [[ tests-e2e-fixtures-batch == \t\e\s\t\-\m\o\c\k\g\c\p ]]
validate-generated-files	UNKNOWN STEP	2026-02-22T17:34:15.9857780Z + [[ tests-e2e-fixtures-batch == \u\n\i\t\-\t\e\s\t\s ]]
validate-generated-files	UNKNOWN STEP	2026-02-22T17:34:15.9858271Z + cat
validate-generated-files	UNKNOWN STEP	2026-02-22T17:34:15.9868324Z + for f in $(find dev/ci/presubmits -type f | sort)
validate-generated-files	UNKNOWN STEP	2026-02-22T17:34:15.9871100Z ++ basename dev/ci/presubmits/tests-e2e-fixtures-beyondcorp
validate-generated-files	UNKNOWN STEP	2026-02-22T17:34:15.9880786Z + name=tests-e2e-fixtures-beyondcorp
validate-generated-files	UNKNOWN STEP	2026-02-22T17:34:15.9881081Z + cat
validate-generated-files	UNKNOWN STEP	2026-02-22T17:34:15.9891949Z + [[ tests-e2e-fixtures-beyondcorp == \g\o\l\a\n\g\c\i\-\l\i\n\t ]]
validate-generated-files	UNKNOWN STEP	2026-02-22T17:34:15.9892650Z + [[ tests-e2e-fixtures-beyondcorp == \l\i\c\e\n\s\e\-\l\i\n\t ]]
validate-generated-files	UNKNOWN STEP	2026-02-22T17:34:15.9893336Z + [[ tests-e2e-fixtures-beyondcorp == tests-e2e-* ]]
validate-generated-files	UNKNOWN STEP	2026-02-22T17:34:15.9893841Z + cat
validate-generated-files	UNKNOWN STEP	2026-02-22T17:34:15.9903673Z + cat
validate-generated-files	UNKNOWN STEP	2026-02-22T17:34:15.9914944Z + [[ tests-e2e-fixtures-beyondcorp == \u\n\i\t\-\t\e\s\t\s ]]
validate-generated-files	UNKNOWN STEP	2026-02-22T17:34:15.9915497Z + cat
validate-generated-files	UNKNOWN STEP	2026-02-22T17:34:15.9926015Z + [[ tests-e2e-fixtures-beyondcorp == \t\e\s\t\-\m\o\c\k\g\c\p ]]
validate-generated-files	UNKNOWN STEP	2026-02-22T17:34:15.9926921Z + [[ tests-e2e-fixtures-beyondcorp == \u\n\i\t\-\t\e\s\t\s ]]
validate-generated-files	UNKNOWN STEP	2026-02-22T17:34:15.9927457Z + cat
validate-generated-files	UNKNOWN STEP	2026-02-22T17:34:15.9937111Z + for f in $(find dev/ci/presubmits -type f | sort)
validate-generated-files	UNKNOWN STEP	2026-02-22T17:34:15.9939825Z ++ basename dev/ci/presubmits/tests-e2e-fixtures-bigquery
validate-generated-files	UNKNOWN STEP	2026-02-22T17:34:15.9949510Z + name=tests-e2e-fixtures-bigquery
validate-generated-files	UNKNOWN STEP	2026-02-22T17:34:15.9949805Z + cat
validate-generated-files	UNKNOWN STEP	2026-02-22T17:34:15.9960488Z + [[ tests-e2e-fixtures-bigquery == \g\o\l\a\n\g\c\i\-\l\i\n\t ]]
validate-generated-files	UNKNOWN STEP	2026-02-22T17:34:15.9961074Z + [[ tests-e2e-fixtures-bigquery == \l\i\c\e\n\s\e\-\l\i\n\t ]]
validate-generated-files	UNKNOWN STEP	2026-02-22T17:34:15.9961724Z + [[ tests-e2e-fixtures-bigquery == tests-e2e-* ]]
validate-generated-files	UNKNOWN STEP	2026-02-22T17:34:15.9962213Z + cat
validate-generated-files	UNKNOWN STEP	2026-02-22T17:34:15.9971888Z + cat
validate-generated-files	UNKNOWN STEP	2026-02-22T17:34:15.9982688Z + [[ tests-e2e-fixtures-bigquery == \u\n\i\t\-\t\e\s\t\s ]]
validate-generated-files	UNKNOWN STEP	2026-02-22T17:34:15.9983250Z + cat
validate-generated-files	UNKNOWN STEP	2026-02-22T17:34:15.9993374Z + [[ tests-e2e-fixtures-bigquery == \t\e\s\t\-\m\o\c\k\g\c\p ]]
validate-generated-files	UNKNOWN STEP	2026-02-22T17:34:15.9994101Z + [[ tests-e2e-fixtures-bigquery == \u\n\i\t\-\t\e\s\t\s ]]
validate-generated-files	UNKNOWN STEP	2026-02-22T17:34:15.9994733Z + cat
validate-generated-files	UNKNOWN STEP	2026-02-22T17:34:16.0004333Z + for f in $(find dev/ci/presubmits -type f | sort)
validate-generated-files	UNKNOWN STEP	2026-02-22T17:34:16.0007766Z ++ basename dev/ci/presubmits/tests-e2e-fixtures-bigqueryanalyticshub
validate-generated-files	UNKNOWN STEP	2026-02-22T17:34:16.0017366Z + name=tests-e2e-fixtures-bigqueryanalyticshub
validate-generated-files	UNKNOWN STEP	2026-02-22T17:34:16.0017886Z + cat
validate-generated-files	UNKNOWN STEP	2026-02-22T17:34:16.0028492Z + [[ tests-e2e-fixtures-bigqueryanalyticshub == \g\o\l\a\n\g\c\i\-\l\i\n\t ]]
validate-generated-files	UNKNOWN STEP	2026-02-22T17:34:16.0029398Z + [[ tests-e2e-fixtures-bigqueryanalyticshub == \l\i\c\e\n\s\e\-\l\i\n\t ]]
validate-generated-files	UNKNOWN STEP	2026-02-22T17:34:16.0029885Z + [[ tests-e2e-fixtures-bigqueryanalyticshub == tests-e2e-* ]]
validate-generated-files	UNKNOWN STEP	2026-02-22T17:34:16.0030205Z + cat
validate-generated-files	UNKNOWN STEP	2026-02-22T17:34:16.0039044Z + cat
validate-generated-files	UNKNOWN STEP	2026-02-22T17:34:16.0050298Z + [[ tests-e2e-fixtures-bigqueryanalyticshub == \u\n\i\t\-\t\e\s\t\s ]]
validate-generated-files	UNKNOWN STEP	2026-02-22T17:34:16.0050847Z + cat
validate-generated-files	UNKNOWN STEP	2026-02-22T17:34:16.0061983Z + [[ tests-e2e-fixtures-bigqueryanalyticshub == \t\e\s\t\-\m\o\c\k\g\c\p ]]
validate-generated-files	UNKNOWN STEP	2026-02-22T17:34:16.0062789Z + [[ tests-e2e-fixtures-bigqueryanalyticshub == \u\n\i\t\-\t\e\s\t\s ]]
validate-generated-files	UNKNOWN STEP	2026-02-22T17:34:16.0063625Z + cat
validate-generated-files	UNKNOWN STEP	2026-02-22T17:34:16.0073508Z + for f in $(find dev/ci/presubmits -type f | sort)
validate-generated-files	UNKNOWN STEP	2026-02-22T17:34:16.0076065Z ++ basename dev/ci/presubmits/tests-e2e-fixtures-bigquerybiglake
validate-generated-files	UNKNOWN STEP	2026-02-22T17:34:16.0085446Z + name=tests-e2e-fixtures-bigquerybiglake
validate-generated-files	UNKNOWN STEP	2026-02-22T17:34:16.0085906Z + cat
validate-generated-files	UNKNOWN STEP	2026-02-22T17:34:16.0096707Z + [[ tests-e2e-fixtures-bigquerybiglake == \g\o\l\a\n\g\c\i\-\l\i\n\t ]]
validate-generated-files	UNKNOWN STEP	2026-02-22T17:34:16.0097503Z + [[ tests-e2e-fixtures-bigquerybiglake == \l\i\c\e\n\s\e\-\l\i\n\t ]]
validate-generated-files	UNKNOWN STEP	2026-02-22T17:34:16.0097975Z + [[ tests-e2e-fixtures-bigquerybiglake == tests-e2e-* ]]
validate-generated-files	UNKNOWN STEP	2026-02-22T17:34:16.0098279Z + cat
validate-generated-files	UNKNOWN STEP	2026-02-22T17:34:16.0107451Z + cat
validate-generated-files	UNKNOWN STEP	2026-02-22T17:34:16.0118404Z + [[ tests-e2e-fixtures-bigquerybiglake == \u\n\i\t\-\t\e\s\t\s ]]
validate-generated-files	UNKNOWN STEP	2026-02-22T17:34:16.0118948Z + cat
validate-generated-files	UNKNOWN STEP	2026-02-22T17:34:16.0129208Z + [[ tests-e2e-fixtures-bigquerybiglake == \t\e\s\t\-\m\o\c\k\g\c\p ]]
validate-generated-files	UNKNOWN STEP	2026-02-22T17:34:16.0129932Z + [[ tests-e2e-fixtures-bigquerybiglake == \u\n\i\t\-\t\e\s\t\s ]]
validate-generated-files	UNKNOWN STEP	2026-02-22T17:34:16.0130277Z + cat
validate-generated-files	UNKNOWN STEP	2026-02-22T17:34:16.0140028Z + for f in $(find dev/ci/presubmits -type f | sort)
validate-generated-files	UNKNOWN STEP	2026-02-22T17:34:16.0142574Z ++ basename dev/ci/presubmits/tests-e2e-fixtures-bigqueryconnection
validate-generated-files	UNKNOWN STEP	2026-02-22T17:34:16.0151883Z + name=tests-e2e-fixtures-bigqueryconnection
validate-generated-files	UNKNOWN STEP	2026-02-22T17:34:16.0152336Z + cat
validate-generated-files	UNKNOWN STEP	2026-02-22T17:34:16.0162956Z + [[ tests-e2e-fixtures-bigqueryconnection == \g\o\l\a\n\g\c\i\-\l\i\n\t ]]
validate-generated-files	UNKNOWN STEP	2026-02-22T17:34:16.0163746Z + [[ tests-e2e-fixtures-bigqueryconnection == \l\i\c\e\n\s\e\-\l\i\n\t ]]
validate-generated-files	UNKNOWN STEP	2026-02-22T17:34:16.0164264Z + [[ tests-e2e-fixtures-bigqueryconnection == tests-e2e-* ]]
validate-generated-files	UNKNOWN STEP	2026-02-22T17:34:16.0164708Z + cat
validate-generated-files	UNKNOWN STEP	2026-02-22T17:34:16.0173428Z + cat
validate-generated-files	UNKNOWN STEP	2026-02-22T17:34:16.0184286Z + [[ tests-e2e-fixtures-bigqueryconnection == \u\n\i\t\-\t\e\s\t\s ]]
validate-generated-files	UNKNOWN STEP	2026-02-22T17:34:16.0185092Z + cat
validate-generated-files	UNKNOWN STEP	2026-02-22T17:34:16.0195875Z + [[ tests-e2e-fixtures-bigqueryconnection == \t\e\s\t\-\m\o\c\k\g\c\p ]]
validate-generated-files	UNKNOWN STEP	2026-02-22T17:34:16.0196962Z + [[ tests-e2e-fixtures-bigqueryconnection == \u\n\i\t\-\t\e\s\t\s ]]
validate-generated-files	UNKNOWN STEP	2026-02-22T17:34:16.0197571Z + cat
validate-generated-files	UNKNOWN STEP	2026-02-22T17:34:16.0206774Z + for f in $(find dev/ci/presubmits -type f | sort)
validate-generated-files	UNKNOWN STEP	2026-02-22T17:34:16.0209446Z ++ basename dev/ci/presubmits/tests-e2e-fixtures-bigquerydatapolicy
validate-generated-files	UNKNOWN STEP	2026-02-22T17:34:16.0218864Z + name=tests-e2e-fixtures-bigquerydatapolicy
validate-generated-files	UNKNOWN STEP	2026-02-22T17:34:16.0219415Z + cat
validate-generated-files	UNKNOWN STEP	2026-02-22T17:34:16.0230352Z + [[ tests-e2e-fixtures-bigquerydatapolicy == \g\o\l\a\n\g\c\i\-\l\i\n\t ]]
validate-generated-files	UNKNOWN STEP	2026-02-22T17:34:16.0231313Z + [[ tests-e2e-fixtures-bigquerydatapolicy == \l\i\c\e\n\s\e\-\l\i\n\t ]]
validate-generated-files	UNKNOWN STEP	2026-02-22T17:34:16.0231878Z + [[ tests-e2e-fixtures-bigquerydatapolicy == tests-e2e-* ]]
validate-generated-files	UNKNOWN STEP	2026-02-22T17:34:16.0232255Z + cat
validate-generated-files	UNKNOWN STEP	2026-02-22T17:34:16.0240898Z + cat
validate-generated-files	UNKNOWN STEP	2026-02-22T17:34:16.0252215Z + [[ tests-e2e-fixtures-bigquerydatapolicy == \u\n\i\t\-\t\e\s\t\s ]]
validate-generated-files	UNKNOWN STEP	2026-02-22T17:34:16.0252857Z + cat
validate-generated-files	UNKNOWN STEP	2026-02-22T17:34:16.0262940Z + [[ tests-e2e-fixtures-bigquerydatapolicy == \t\e\s\t\-\m\o\c\k\g\c\p ]]
validate-generated-files	UNKNOWN STEP	2026-02-22T17:34:16.0263851Z + [[ tests-e2e-fixtures-bigquerydatapolicy == \u\n\i\t\-\t\e\s\t\s ]]
validate-generated-files	UNKNOWN STEP	2026-02-22T17:34:16.0264286Z + cat
validate-generated-files	UNKNOWN STEP	2026-02-22T17:34:16.0273607Z + for f in $(find dev/ci/presubmits -type f | sort)
validate-generated-files	UNKNOWN STEP	2026-02-22T17:34:16.0276439Z ++ basename dev/ci/presubmits/tests-e2e-fixtures-bigquerydatatransfer
validate-generated-files	UNKNOWN STEP	2026-02-22T17:34:16.0285653Z + name=tests-e2e-fixtures-bigquerydatatransfer
validate-generated-files	UNKNOWN STEP	2026-02-22T17:34:16.0286205Z + cat
validate-generated-files	UNKNOWN STEP	2026-02-22T17:34:16.0296855Z + [[ tests-e2e-fixtures-bigquerydatatransfer == \g\o\l\a\n\g\c\i\-\l\i\n\t ]]
validate-generated-files	UNKNOWN STEP	2026-02-22T17:34:16.0297815Z + [[ tests-e2e-fixtures-bigquerydatatransfer == \l\i\c\e\n\s\e\-\l\i\n\t ]]
validate-generated-files	UNKNOWN STEP	2026-02-22T17:34:16.0298397Z + [[ tests-e2e-fixtures-bigquerydatatransfer == tests-e2e-* ]]
validate-generated-files	UNKNOWN STEP	2026-02-22T17:34:16.0298789Z + cat
validate-generated-files	UNKNOWN STEP	2026-02-22T17:34:16.0307424Z + cat
validate-generated-files	UNKNOWN STEP	2026-02-22T17:34:16.0318485Z + [[ tests-e2e-fixtures-bigquerydatatransfer == \u\n\i\t\-\t\e\s\t\s ]]
validate-generated-files	UNKNOWN STEP	2026-02-22T17:34:16.0319144Z + cat
validate-generated-files	UNKNOWN STEP	2026-02-22T17:34:16.0329303Z + [[ tests-e2e-fixtures-bigquerydatatransfer == \t\e\s\t\-\m\o\c\k\g\c\p ]]
validate-generated-files	UNKNOWN STEP	2026-02-22T17:34:16.0330159Z + [[ tests-e2e-fixtures-bigquerydatatransfer == \u\n\i\t\-\t\e\s\t\s ]]
validate-generated-files	UNKNOWN STEP	2026-02-22T17:34:16.0330760Z + cat
validate-generated-files	UNKNOWN STEP	2026-02-22T17:34:16.0340759Z + for f in $(find dev/ci/presubmits -type f | sort)
validate-generated-files	UNKNOWN STEP	2026-02-22T17:34:16.0343325Z ++ basename dev/ci/presubmits/tests-e2e-fixtures-bigqueryreservation
validate-generated-files	UNKNOWN STEP	2026-02-22T17:34:16.0352448Z + name=tests-e2e-fixtures-bigqueryreservation
validate-generated-files	UNKNOWN STEP	2026-02-22T17:34:16.0353002Z + cat
validate-generated-files	UNKNOWN STEP	2026-02-22T17:34:16.0363595Z + [[ tests-e2e-fixtures-bigqueryreservation == \g\o\l\a\n\g\c\i\-\l\i\n\t ]]
validate-generated-files	UNKNOWN STEP	2026-02-22T17:34:16.0364769Z + [[ tests-e2e-fixtures-bigqueryreservation == \l\i\c\e\n\s\e\-\l\i\n\t ]]
validate-generated-files	UNKNOWN STEP	2026-02-22T17:34:16.0365348Z + [[ tests-e2e-fixtures-bigqueryreservation == tests-e2e-* ]]
validate-generated-files	UNKNOWN STEP	2026-02-22T17:34:16.0365734Z + cat
validate-generated-files	UNKNOWN STEP	2026-02-22T17:34:16.0373876Z + cat
validate-generated-files	UNKNOWN STEP	2026-02-22T17:34:16.0385548Z + [[ tests-e2e-fixtures-bigqueryreservation == \u\n\i\t\-\t\e\s\t\s ]]
validate-generated-files	UNKNOWN STEP	2026-02-22T17:34:16.0386096Z + cat
validate-generated-files	UNKNOWN STEP	2026-02-22T17:34:16.0396317Z + [[ tests-e2e-fixtures-bigqueryreservation == \t\e\s\t\-\m\o\c\k\g\c\p ]]
validate-generated-files	UNKNOWN STEP	2026-02-22T17:34:16.0397087Z + [[ tests-e2e-fixtures-bigqueryreservation == \u\n\i\t\-\t\e\s\t\s ]]
validate-generated-files	UNKNOWN STEP	2026-02-22T17:34:16.0397708Z + cat
validate-generated-files	UNKNOWN STEP	2026-02-22T17:34:16.0407384Z + for f in $(find dev/ci/presubmits -type f | sort)
validate-generated-files	UNKNOWN STEP	2026-02-22T17:34:16.0410328Z ++ basename dev/ci/presubmits/tests-e2e-fixtures-bigtable
validate-generated-files	UNKNOWN STEP	2026-02-22T17:34:16.0420031Z + name=tests-e2e-fixtures-bigtable
validate-generated-files	UNKNOWN STEP	2026-02-22T17:34:16.0420333Z + cat
validate-generated-files	UNKNOWN STEP	2026-02-22T17:34:16.0431042Z + [[ tests-e2e-fixtures-bigtable == \g\o\l\a\n\g\c\i\-\l\i\n\t ]]
validate-generated-files	UNKNOWN STEP	2026-02-22T17:34:16.0431619Z + [[ tests-e2e-fixtures-bigtable == \l\i\c\e\n\s\e\-\l\i\n\t ]]
validate-generated-files	UNKNOWN STEP	2026-02-22T17:34:16.0432280Z + [[ tests-e2e-fixtures-bigtable == tests-e2e-* ]]
validate-generated-files	UNKNOWN STEP	2026-02-22T17:34:16.0432773Z + cat
validate-generated-files	UNKNOWN STEP	2026-02-22T17:34:16.0442445Z + cat
validate-generated-files	UNKNOWN STEP	2026-02-22T17:34:16.0453241Z + [[ tests-e2e-fixtures-bigtable == \u\n\i\t\-\t\e\s\t\s ]]
validate-generated-files	UNKNOWN STEP	2026-02-22T17:34:16.0453797Z + cat
validate-generated-files	UNKNOWN STEP	2026-02-22T17:34:16.0464163Z + [[ tests-e2e-fixtures-bigtable == \t\e\s\t\-\m\o\c\k\g\c\p ]]
validate-generated-files	UNKNOWN STEP	2026-02-22T17:34:16.0465068Z + [[ tests-e2e-fixtures-bigtable == \u\n\i\t\-\t\e\s\t\s ]]
validate-generated-files	UNKNOWN STEP	2026-02-22T17:34:16.0465739Z + cat
validate-generated-files	UNKNOWN STEP	2026-02-22T17:34:16.0475260Z + for f in $(find dev/ci/presubmits -type f | sort)
validate-generated-files	UNKNOWN STEP	2026-02-22T17:34:16.0478030Z ++ basename dev/ci/presubmits/tests-e2e-fixtures-billing
validate-generated-files	UNKNOWN STEP	2026-02-22T17:34:16.0488167Z + name=tests-e2e-fixtures-billing
validate-generated-files	UNKNOWN STEP	2026-02-22T17:34:16.0488465Z + cat
validate-generated-files	UNKNOWN STEP	2026-02-22T17:34:16.0499250Z + [[ tests-e2e-fixtures-billing == \g\o\l\a\n\g\c\i\-\l\i\n\t ]]
validate-generated-files	UNKNOWN STEP	2026-02-22T17:34:16.0499844Z + [[ tests-e2e-fixtures-billing == \l\i\c\e\n\s\e\-\l\i\n\t ]]
validate-generated-files	UNKNOWN STEP	2026-02-22T17:34:16.0500491Z + [[ tests-e2e-fixtures-billing == tests-e2e-* ]]
validate-generated-files	UNKNOWN STEP	2026-02-22T17:34:16.0500977Z + cat
validate-generated-files	UNKNOWN STEP	2026-02-22T17:34:16.0510476Z + cat
validate-generated-files	UNKNOWN STEP	2026-02-22T17:34:16.0521407Z + [[ tests-e2e-fixtures-billing == \u\n\i\t\-\t\e\s\t\s ]]
validate-generated-files	UNKNOWN STEP	2026-02-22T17:34:16.0521958Z + cat
validate-generated-files	UNKNOWN STEP	2026-02-22T17:34:16.0532099Z + [[ tests-e2e-fixtures-billing == \t\e\s\t\-\m\o\c\k\g\c\p ]]
validate-generated-files	UNKNOWN STEP	2026-02-22T17:34:16.0532817Z + [[ tests-e2e-fixtures-billing == \u\n\i\t\-\t\e\s\t\s ]]
validate-generated-files	UNKNOWN STEP	2026-02-22T17:34:16.0533231Z + cat
validate-generated-files	UNKNOWN STEP	2026-02-22T17:34:16.0542755Z + for f in $(find dev/ci/presubmits -type f | sort)
validate-generated-files	UNKNOWN STEP	2026-02-22T17:34:16.0545474Z ++ basename dev/ci/presubmits/tests-e2e-fixtures-billingbudgets
validate-generated-files	UNKNOWN STEP	2026-02-22T17:34:16.0554731Z + name=tests-e2e-fixtures-billingbudgets
validate-generated-files	UNKNOWN STEP	2026-02-22T17:34:16.0555271Z + cat
validate-generated-files	UNKNOWN STEP	2026-02-22T17:34:16.0565983Z + [[ tests-e2e-fixtures-billingbudgets == \g\o\l\a\n\g\c\i\-\l\i\n\t ]]
validate-generated-files	UNKNOWN STEP	2026-02-22T17:34:16.0566896Z + [[ tests-e2e-fixtures-billingbudgets == \l\i\c\e\n\s\e\-\l\i\n\t ]]
validate-generated-files	UNKNOWN STEP	2026-02-22T17:34:16.0567460Z + [[ tests-e2e-fixtures-billingbudgets == tests-e2e-* ]]
validate-generated-files	UNKNOWN STEP	2026-02-22T17:34:16.0567854Z + cat
validate-generated-files	UNKNOWN STEP	2026-02-22T17:34:16.0576420Z + cat
validate-generated-files	UNKNOWN STEP	2026-02-22T17:34:16.0587521Z + [[ tests-e2e-fixtures-billingbudgets == \u\n\i\t\-\t\e\s\t\s ]]
validate-generated-files	UNKNOWN STEP	2026-02-22T17:34:16.0588231Z + cat
validate-generated-files	UNKNOWN STEP	2026-02-22T17:34:16.0598506Z + [[ tests-e2e-fixtures-billingbudgets == \t\e\s\t\-\m\o\c\k\g\c\p ]]
validate-generated-files	UNKNOWN STEP	2026-02-22T17:34:16.0599473Z + [[ tests-e2e-fixtures-billingbudgets == \u\n\i\t\-\t\e\s\t\s ]]
validate-generated-files	UNKNOWN STEP	2026-02-22T17:34:16.0600162Z + cat
validate-generated-files	UNKNOWN STEP	2026-02-22T17:34:16.0610192Z + for f in $(find dev/ci/presubmits -type f | sort)
validate-generated-files	UNKNOWN STEP	2026-02-22T17:34:16.0613271Z ++ basename dev/ci/presubmits/tests-e2e-fixtures-binaryauthorization
validate-generated-files	UNKNOWN STEP	2026-02-22T17:34:16.0622499Z + name=tests-e2e-fixtures-binaryauthorization
validate-generated-files	UNKNOWN STEP	2026-02-22T17:34:16.0623017Z + cat
validate-generated-files	UNKNOWN STEP	2026-02-22T17:34:16.0633751Z + [[ tests-e2e-fixtures-binaryauthorization == \g\o\l\a\n\g\c\i\-\l\i\n\t ]]
validate-generated-files	UNKNOWN STEP	2026-02-22T17:34:16.0634942Z + [[ tests-e2e-fixtures-binaryauthorization == \l\i\c\e\n\s\e\-\l\i\n\t ]]
validate-generated-files	UNKNOWN STEP	2026-02-22T17:34:16.0635640Z + [[ tests-e2e-fixtures-binaryauthorization == tests-e2e-* ]]
validate-generated-files	UNKNOWN STEP	2026-02-22T17:34:16.0635976Z + cat
validate-generated-files	UNKNOWN STEP	2026-02-22T17:34:16.0644322Z + cat
validate-generated-files	UNKNOWN STEP	2026-02-22T17:34:16.0655819Z + [[ tests-e2e-fixtures-binaryauthorization == \u\n\i\t\-\t\e\s\t\s ]]
validate-generated-files	UNKNOWN STEP	2026-02-22T17:34:16.0656470Z + cat
validate-generated-files	UNKNOWN STEP	2026-02-22T17:34:16.0666972Z + [[ tests-e2e-fixtures-binaryauthorization == \t\e\s\t\-\m\o\c\k\g\c\p ]]
validate-generated-files	UNKNOWN STEP	2026-02-22T17:34:16.0667874Z + [[ tests-e2e-fixtures-binaryauthorization == \u\n\i\t\-\t\e\s\t\s ]]
validate-generated-files	UNKNOWN STEP	2026-02-22T17:34:16.0668276Z + cat
validate-generated-files	UNKNOWN STEP	2026-02-22T17:34:16.0677981Z + for f in $(find dev/ci/presubmits -type f | sort)
validate-generated-files	UNKNOWN STEP	2026-02-22T17:34:16.0680546Z ++ basename dev/ci/presubmits/tests-e2e-fixtures-certificatemanager
validate-generated-files	UNKNOWN STEP	2026-02-22T17:34:16.0690248Z + name=tests-e2e-fixtures-certificatemanager
validate-generated-files	UNKNOWN STEP	2026-02-22T17:34:16.0690771Z + cat
validate-generated-files	UNKNOWN STEP	2026-02-22T17:34:16.0702589Z + [[ tests-e2e-fixtures-certificatemanager == \g\o\l\a\n\g\c\i\-\l\i\n\t ]]
validate-generated-files	UNKNOWN STEP	2026-02-22T17:34:16.0703434Z + [[ tests-e2e-fixtures-certificatemanager == \l\i\c\e\n\s\e\-\l\i\n\t ]]
validate-generated-files	UNKNOWN STEP	2026-02-22T17:34:16.0703997Z + [[ tests-e2e-fixtures-certificatemanager == tests-e2e-* ]]
validate-generated-files	UNKNOWN STEP	2026-02-22T17:34:16.0704550Z + cat
validate-generated-files	UNKNOWN STEP	2026-02-22T17:34:16.0712625Z + cat
validate-generated-files	UNKNOWN STEP	2026-02-22T17:34:16.0723598Z + [[ tests-e2e-fixtures-certificatemanager == \u\n\i\t\-\t\e\s\t\s ]]
validate-generated-files	UNKNOWN STEP	2026-02-22T17:34:16.0724177Z + cat
validate-generated-files	UNKNOWN STEP	2026-02-22T17:34:16.0734235Z + [[ tests-e2e-fixtures-certificatemanager == \t\e\s\t\-\m\o\c\k\g\c\p ]]
validate-generated-files	UNKNOWN STEP	2026-02-22T17:34:16.0735161Z + [[ tests-e2e-fixtures-certificatemanager == \u\n\i\t\-\t\e\s\t\s ]]
validate-generated-files	UNKNOWN STEP	2026-02-22T17:34:16.0735532Z + cat
validate-generated-files	UNKNOWN STEP	2026-02-22T17:34:16.0745200Z + for f in $(find dev/ci/presubmits -type f | sort)
validate-generated-files	UNKNOWN STEP	2026-02-22T17:34:16.0747577Z ++ basename dev/ci/presubmits/tests-e2e-fixtures-cloudasset
validate-generated-files	UNKNOWN STEP	2026-02-22T17:34:16.0756866Z + name=tests-e2e-fixtures-cloudasset
validate-generated-files	UNKNOWN STEP	2026-02-22T17:34:16.0777660Z + cat
validate-generated-files	UNKNOWN STEP	2026-02-22T17:34:16.0778399Z + [[ tests-e2e-fixtures-cloudasset == \g\o\l\a\n\g\c\i\-\l\i\n\t ]]
validate-generated-files	UNKNOWN STEP	2026-02-22T17:34:16.0779567Z + [[ tests-e2e-fixtures-cloudasset == \l\i\c\e\n\s\e\-\l\i\n\t ]]
validate-generated-files	UNKNOWN STEP	2026-02-22T17:34:16.0780238Z + [[ tests-e2e-fixtures-cloudasset == tests-e2e-* ]]
validate-generated-files	UNKNOWN STEP	2026-02-22T17:34:16.0780727Z + cat
validate-generated-files	UNKNOWN STEP	2026-02-22T17:34:16.0780906Z + cat
validate-generated-files	UNKNOWN STEP	2026-02-22T17:34:16.0790475Z + [[ tests-e2e-fixtures-cloudasset == \u\n\i\t\-\t\e\s\t\s ]]
validate-generated-files	UNKNOWN STEP	2026-02-22T17:34:16.0790817Z + cat
validate-generated-files	UNKNOWN STEP	2026-02-22T17:34:16.0801560Z + [[ tests-e2e-fixtures-cloudasset == \t\e\s\t\-\m\o\c\k\g\c\p ]]
validate-generated-files	UNKNOWN STEP	2026-02-22T17:34:16.0802178Z + [[ tests-e2e-fixtures-cloudasset == \u\n\i\t\-\t\e\s\t\s ]]
validate-generated-files	UNKNOWN STEP	2026-02-22T17:34:16.0802700Z + cat
validate-generated-files	UNKNOWN STEP	2026-02-22T17:34:16.0812584Z + for f in $(find dev/ci/presubmits -type f | sort)
validate-generated-files	UNKNOWN STEP	2026-02-22T17:34:16.0815681Z ++ basename dev/ci/presubmits/tests-e2e-fixtures-cloudbuild
validate-generated-files	UNKNOWN STEP	2026-02-22T17:34:16.0825131Z + name=tests-e2e-fixtures-cloudbuild
validate-generated-files	UNKNOWN STEP	2026-02-22T17:34:16.0825404Z + cat
validate-generated-files	UNKNOWN STEP	2026-02-22T17:34:16.0836274Z + [[ tests-e2e-fixtures-cloudbuild == \g\o\l\a\n\g\c\i\-\l\i\n\t ]]
validate-generated-files	UNKNOWN STEP	2026-02-22T17:34:16.0836902Z + [[ tests-e2e-fixtures-cloudbuild == \l\i\c\e\n\s\e\-\l\i\n\t ]]
validate-generated-files	UNKNOWN STEP	2026-02-22T17:34:16.0837588Z + [[ tests-e2e-fixtures-cloudbuild == tests-e2e-* ]]
validate-generated-files	UNKNOWN STEP	2026-02-22T17:34:16.0838092Z + cat
validate-generated-files	UNKNOWN STEP	2026-02-22T17:34:16.0847710Z + cat
validate-generated-files	UNKNOWN STEP	2026-02-22T17:34:16.0858583Z + [[ tests-e2e-fixtures-cloudbuild == \u\n\i\t\-\t\e\s\t\s ]]
validate-generated-files	UNKNOWN STEP	2026-02-22T17:34:16.0859150Z + cat
validate-generated-files	UNKNOWN STEP	2026-02-22T17:34:16.0869840Z + [[ tests-e2e-fixtures-cloudbuild == \t\e\s\t\-\m\o\c\k\g\c\p ]]
validate-generated-files	UNKNOWN STEP	2026-02-22T17:34:16.0870458Z + [[ tests-e2e-fixtures-cloudbuild == \u\n\i\t\-\t\e\s\t\s ]]
validate-generated-files	UNKNOWN STEP	2026-02-22T17:34:16.0870996Z + cat
validate-generated-files	UNKNOWN STEP	2026-02-22T17:34:16.0881089Z + for f in $(find dev/ci/presubmits -type f | sort)
validate-generated-files	UNKNOWN STEP	2026-02-22T17:34:16.0884103Z ++ basename dev/ci/presubmits/tests-e2e-fixtures-clouddeploy
validate-generated-files	UNKNOWN STEP	2026-02-22T17:34:16.0894105Z + name=tests-e2e-fixtures-clouddeploy
validate-generated-files	UNKNOWN STEP	2026-02-22T17:34:16.0894954Z + cat
validate-generated-files	UNKNOWN STEP	2026-02-22T17:34:16.0906412Z + [[ tests-e2e-fixtures-clouddeploy == \g\o\l\a\n\g\c\i\-\l\i\n\t ]]
validate-generated-files	UNKNOWN STEP	2026-02-22T17:34:16.0908085Z + [[ tests-e2e-fixtures-clouddeploy == \l\i\c\e\n\s\e\-\l\i\n\t ]]
validate-generated-files	UNKNOWN STEP	2026-02-22T17:34:16.0908773Z + [[ tests-e2e-fixtures-clouddeploy == tests-e2e-* ]]
validate-generated-files	UNKNOWN STEP	2026-02-22T17:34:16.0909251Z + cat
validate-generated-files	UNKNOWN STEP	2026-02-22T17:34:16.0920640Z + cat
validate-generated-files	UNKNOWN STEP	2026-02-22T17:34:16.0932215Z + [[ tests-e2e-fixtures-clouddeploy == \u\n\i\t\-\t\e\s\t\s ]]
validate-generated-files	UNKNOWN STEP	2026-02-22T17:34:16.0932951Z + cat
validate-generated-files	UNKNOWN STEP	2026-02-22T17:34:16.0943296Z + [[ tests-e2e-fixtures-clouddeploy == \t\e\s\t\-\m\o\c\k\g\c\p ]]
validate-generated-files	UNKNOWN STEP	2026-02-22T17:34:16.0944088Z + [[ tests-e2e-fixtures-clouddeploy == \u\n\i\t\-\t\e\s\t\s ]]
validate-generated-files	UNKNOWN STEP	2026-02-22T17:34:16.0944817Z + cat
validate-generated-files	UNKNOWN STEP	2026-02-22T17:34:16.0955545Z + for f in $(find dev/ci/presubmits -type f | sort)
validate-generated-files	UNKNOWN STEP	2026-02-22T17:34:16.0958591Z ++ basename dev/ci/presubmits/tests-e2e-fixtures-clouddms
validate-generated-files	UNKNOWN STEP	2026-02-22T17:34:16.0968363Z + name=tests-e2e-fixtures-clouddms
validate-generated-files	UNKNOWN STEP	2026-02-22T17:34:16.0968815Z + cat
validate-generated-files	UNKNOWN STEP	2026-02-22T17:34:16.0979955Z + [[ tests-e2e-fixtures-clouddms == \g\o\l\a\n\g\c\i\-\l\i\n\t ]]
validate-generated-files	UNKNOWN STEP	2026-02-22T17:34:16.0980724Z + [[ tests-e2e-fixtures-clouddms == \l\i\c\e\n\s\e\-\l\i\n\t ]]
validate-generated-files	UNKNOWN STEP	2026-02-22T17:34:16.0981370Z + [[ tests-e2e-fixtures-clouddms == tests-e2e-* ]]
validate-generated-files	UNKNOWN STEP	2026-02-22T17:34:16.0981847Z + cat
validate-generated-files	UNKNOWN STEP	2026-02-22T17:34:16.0991748Z + cat
validate-generated-files	UNKNOWN STEP	2026-02-22T17:34:16.1003085Z + [[ tests-e2e-fixtures-clouddms == \u\n\i\t\-\t\e\s\t\s ]]
validate-generated-files	UNKNOWN STEP	2026-02-22T17:34:16.1003638Z + cat
validate-generated-files	UNKNOWN STEP	2026-02-22T17:34:16.1014579Z + [[ tests-e2e-fixtures-clouddms == \t\e\s\t\-\m\o\c\k\g\c\p ]]
validate-generated-files	UNKNOWN STEP	2026-02-22T17:34:16.1015353Z + [[ tests-e2e-fixtures-clouddms == \u\n\i\t\-\t\e\s\t\s ]]
validate-generated-files	UNKNOWN STEP	2026-02-22T17:34:16.1015898Z + cat
validate-generated-files	UNKNOWN STEP	2026-02-22T17:34:16.1026124Z + for f in $(find dev/ci/presubmits -type f | sort)
validate-generated-files	UNKNOWN STEP	2026-02-22T17:34:16.1029149Z ++ basename dev/ci/presubmits/tests-e2e-fixtures-cloudfunctions
validate-generated-files	UNKNOWN STEP	2026-02-22T17:34:16.1039817Z + name=tests-e2e-fixtures-cloudfunctions
validate-generated-files	UNKNOWN STEP	2026-02-22T17:34:16.1040337Z + cat
validate-generated-files	UNKNOWN STEP	2026-02-22T17:34:16.1050910Z + [[ tests-e2e-fixtures-cloudfunctions == \g\o\l\a\n\g\c\i\-\l\i\n\t ]]
validate-generated-files	UNKNOWN STEP	2026-02-22T17:34:16.1052274Z + [[ tests-e2e-fixtures-cloudfunctions == \l\i\c\e\n\s\e\-\l\i\n\t ]]
validate-generated-files	UNKNOWN STEP	2026-02-22T17:34:16.1053101Z + [[ tests-e2e-fixtures-cloudfunctions == tests-e2e-* ]]
validate-generated-files	UNKNOWN STEP	2026-02-22T17:34:16.1053655Z + cat
validate-generated-files	UNKNOWN STEP	2026-02-22T17:34:16.1062534Z + cat
validate-generated-files	UNKNOWN STEP	2026-02-22T17:34:16.1075950Z + [[ tests-e2e-fixtures-cloudfunctions == \u\n\i\t\-\t\e\s\t\s ]]
validate-generated-files	UNKNOWN STEP	2026-02-22T17:34:16.1076610Z + cat
validate-generated-files	UNKNOWN STEP	2026-02-22T17:34:16.1084622Z + [[ tests-e2e-fixtures-cloudfunctions == \t\e\s\t\-\m\o\c\k\g\c\p ]]
validate-generated-files	UNKNOWN STEP	2026-02-22T17:34:16.1085487Z + [[ tests-e2e-fixtures-cloudfunctions == \u\n\i\t\-\t\e\s\t\s ]]
validate-generated-files	UNKNOWN STEP	2026-02-22T17:34:16.1086065Z + cat
validate-generated-files	UNKNOWN STEP	2026-02-22T17:34:16.1096877Z + for f in $(find dev/ci/presubmits -type f | sort)
validate-generated-files	UNKNOWN STEP	2026-02-22T17:34:16.1099170Z ++ basename dev/ci/presubmits/tests-e2e-fixtures-cloudfunctions2
validate-generated-files	UNKNOWN STEP	2026-02-22T17:34:16.1109234Z + name=tests-e2e-fixtures-cloudfunctions2
validate-generated-files	UNKNOWN STEP	2026-02-22T17:34:16.1110177Z + cat
validate-generated-files	UNKNOWN STEP	2026-02-22T17:34:16.1119607Z + [[ tests-e2e-fixtures-cloudfunctions2 == \g\o\l\a\n\g\c\i\-\l\i\n\t ]]
validate-generated-files	UNKNOWN STEP	2026-02-22T17:34:16.1120526Z + [[ tests-e2e-fixtures-cloudfunctions2 == \l\i\c\e\n\s\e\-\l\i\n\t ]]
validate-generated-files	UNKNOWN STEP	2026-02-22T17:34:16.1121284Z + [[ tests-e2e-fixtures-cloudfunctions2 == tests-e2e-* ]]
validate-generated-files	UNKNOWN STEP	2026-02-22T17:34:16.1121813Z + cat
validate-generated-files	UNKNOWN STEP	2026-02-22T17:34:16.1131301Z + cat
validate-generated-files	UNKNOWN STEP	2026-02-22T17:34:16.1145772Z + [[ tests-e2e-fixtures-cloudfunctions2 == \u\n\i\t\-\t\e\s\t\s ]]
validate-generated-files	UNKNOWN STEP	2026-02-22T17:34:16.1146356Z + cat
validate-generated-files	UNKNOWN STEP	2026-02-22T17:34:16.1158327Z + [[ tests-e2e-fixtures-cloudfunctions2 == \t\e\s\t\-\m\o\c\k\g\c\p ]]
validate-generated-files	UNKNOWN STEP	2026-02-22T17:34:16.1159177Z + [[ tests-e2e-fixtures-cloudfunctions2 == \u\n\i\t\-\t\e\s\t\s ]]
validate-generated-files	UNKNOWN STEP	2026-02-22T17:34:16.1159758Z + cat
validate-generated-files	UNKNOWN STEP	2026-02-22T17:34:16.1169620Z + for f in $(find dev/ci/presubmits -type f | sort)
validate-generated-files	UNKNOWN STEP	2026-02-22T17:34:16.1172640Z ++ basename dev/ci/presubmits/tests-e2e-fixtures-cloudidentity
validate-generated-files	UNKNOWN STEP	2026-02-22T17:34:16.1182992Z + name=tests-e2e-fixtures-cloudidentity
validate-generated-files	UNKNOWN STEP	2026-02-22T17:34:16.1183484Z + cat
validate-generated-files	UNKNOWN STEP	2026-02-22T17:34:16.1194572Z + [[ tests-e2e-fixtures-cloudidentity == \g\o\l\a\n\g\c\i\-\l\i\n\t ]]
validate-generated-files	UNKNOWN STEP	2026-02-22T17:34:16.1195670Z + [[ tests-e2e-fixtures-cloudidentity == \l\i\c\e\n\s\e\-\l\i\n\t ]]
validate-generated-files	UNKNOWN STEP	2026-02-22T17:34:16.1196453Z + [[ tests-e2e-fixtures-cloudidentity == tests-e2e-* ]]
validate-generated-files	UNKNOWN STEP	2026-02-22T17:34:16.1196977Z + cat
validate-generated-files	UNKNOWN STEP	2026-02-22T17:34:16.1206772Z + cat
validate-generated-files	UNKNOWN STEP	2026-02-22T17:34:16.1217204Z + [[ tests-e2e-fixtures-cloudidentity == \u\n\i\t\-\t\e\s\t\s ]]
validate-generated-files	UNKNOWN STEP	2026-02-22T17:34:16.1217813Z + cat
validate-generated-files	UNKNOWN STEP	2026-02-22T17:34:16.1228747Z + [[ tests-e2e-fixtures-cloudidentity == \t\e\s\t\-\m\o\c\k\g\c\p ]]
validate-generated-files	UNKNOWN STEP	2026-02-22T17:34:16.1229614Z + [[ tests-e2e-fixtures-cloudidentity == \u\n\i\t\-\t\e\s\t\s ]]
validate-generated-files	UNKNOWN STEP	2026-02-22T17:34:16.1230226Z + cat
validate-generated-files	UNKNOWN STEP	2026-02-22T17:34:16.1240690Z + for f in $(find dev/ci/presubmits -type f | sort)
validate-generated-files	UNKNOWN STEP	2026-02-22T17:34:16.1244861Z ++ basename dev/ci/presubmits/tests-e2e-fixtures-cloudids
validate-generated-files	UNKNOWN STEP	2026-02-22T17:34:16.1254018Z + name=tests-e2e-fixtures-cloudids
validate-generated-files	UNKNOWN STEP	2026-02-22T17:34:16.1254830Z + cat
validate-generated-files	UNKNOWN STEP	2026-02-22T17:34:16.1264203Z + [[ tests-e2e-fixtures-cloudids == \g\o\l\a\n\g\c\i\-\l\i\n\t ]]
validate-generated-files	UNKNOWN STEP	2026-02-22T17:34:16.1265247Z + [[ tests-e2e-fixtures-cloudids == \l\i\c\e\n\s\e\-\l\i\n\t ]]
validate-generated-files	UNKNOWN STEP	2026-02-22T17:34:16.1265913Z + [[ tests-e2e-fixtures-cloudids == tests-e2e-* ]]
validate-generated-files	UNKNOWN STEP	2026-02-22T17:34:16.1266395Z + cat
validate-generated-files	UNKNOWN STEP	2026-02-22T17:34:16.1277028Z + cat
validate-generated-files	UNKNOWN STEP	2026-02-22T17:34:16.1288957Z + [[ tests-e2e-fixtures-cloudids == \u\n\i\t\-\t\e\s\t\s ]]
validate-generated-files	UNKNOWN STEP	2026-02-22T17:34:16.1289492Z + cat
validate-generated-files	UNKNOWN STEP	2026-02-22T17:34:16.1300664Z + [[ tests-e2e-fixtures-cloudids == \t\e\s\t\-\m\o\c\k\g\c\p ]]
validate-generated-files	UNKNOWN STEP	2026-02-22T17:34:16.1301363Z + [[ tests-e2e-fixtures-cloudids == \u\n\i\t\-\t\e\s\t\s ]]
validate-generated-files	UNKNOWN STEP	2026-02-22T17:34:16.1301878Z + cat
validate-generated-files	UNKNOWN STEP	2026-02-22T17:34:16.1312282Z + for f in $(find dev/ci/presubmits -type f | sort)
validate-generated-files	UNKNOWN STEP	2026-02-22T17:34:16.1315506Z ++ basename dev/ci/presubmits/tests-e2e-fixtures-cloudiot
validate-generated-files	UNKNOWN STEP	2026-02-22T17:34:16.1325323Z + name=tests-e2e-fixtures-cloudiot
validate-generated-files	UNKNOWN STEP	2026-02-22T17:34:16.1325765Z + cat
validate-generated-files	UNKNOWN STEP	2026-02-22T17:34:16.1337254Z + [[ tests-e2e-fixtures-cloudiot == \g\o\l\a\n\g\c\i\-\l\i\n\t ]]
validate-generated-files	UNKNOWN STEP	2026-02-22T17:34:16.1338063Z + [[ tests-e2e-fixtures-cloudiot == \l\i\c\e\n\s\e\-\l\i\n\t ]]
validate-generated-files	UNKNOWN STEP	2026-02-22T17:34:16.1338719Z + [[ tests-e2e-fixtures-cloudiot == tests-e2e-* ]]
validate-generated-files	UNKNOWN STEP	2026-02-22T17:34:16.1339412Z + cat
validate-generated-files	UNKNOWN STEP	2026-02-22T17:34:16.1350019Z + cat
validate-generated-files	UNKNOWN STEP	2026-02-22T17:34:16.1361373Z + [[ tests-e2e-fixtures-cloudiot == \u\n\i\t\-\t\e\s\t\s ]]
validate-generated-files	UNKNOWN STEP	2026-02-22T17:34:16.1361899Z + cat
validate-generated-files	UNKNOWN STEP	2026-02-22T17:34:16.1372933Z + [[ tests-e2e-fixtures-cloudiot == \t\e\s\t\-\m\o\c\k\g\c\p ]]
validate-generated-files	UNKNOWN STEP	2026-02-22T17:34:16.1373631Z + [[ tests-e2e-fixtures-cloudiot == \u\n\i\t\-\t\e\s\t\s ]]
validate-generated-files	UNKNOWN STEP	2026-02-22T17:34:16.1374142Z + cat
validate-generated-files	UNKNOWN STEP	2026-02-22T17:34:16.1384342Z + for f in $(find dev/ci/presubmits -type f | sort)
validate-generated-files	UNKNOWN STEP	2026-02-22T17:34:16.1388051Z ++ basename dev/ci/presubmits/tests-e2e-fixtures-cloudquota
validate-generated-files	UNKNOWN STEP	2026-02-22T17:34:16.1400301Z + name=tests-e2e-fixtures-cloudquota
validate-generated-files	UNKNOWN STEP	2026-02-22T17:34:16.1400758Z + cat
validate-generated-files	UNKNOWN STEP	2026-02-22T17:34:16.1411799Z + [[ tests-e2e-fixtures-cloudquota == \g\o\l\a\n\g\c\i\-\l\i\n\t ]]
validate-generated-files	UNKNOWN STEP	2026-02-22T17:34:16.1412587Z + [[ tests-e2e-fixtures-cloudquota == \l\i\c\e\n\s\e\-\l\i\n\t ]]
validate-generated-files	UNKNOWN STEP	2026-02-22T17:34:16.1413272Z + [[ tests-e2e-fixtures-cloudquota == tests-e2e-* ]]
validate-generated-files	UNKNOWN STEP	2026-02-22T17:34:16.1413781Z + cat
validate-generated-files	UNKNOWN STEP	2026-02-22T17:34:16.1422709Z + cat
validate-generated-files	UNKNOWN STEP	2026-02-22T17:34:16.1434202Z + [[ tests-e2e-fixtures-cloudquota == \u\n\i\t\-\t\e\s\t\s ]]
validate-generated-files	UNKNOWN STEP	2026-02-22T17:34:16.1434976Z + cat
validate-generated-files	UNKNOWN STEP	2026-02-22T17:34:16.1445709Z + [[ tests-e2e-fixtures-cloudquota == \t\e\s\t\-\m\o\c\k\g\c\p ]]
validate-generated-files	UNKNOWN STEP	2026-02-22T17:34:16.1446440Z + [[ tests-e2e-fixtures-cloudquota == \u\n\i\t\-\t\e\s\t\s ]]
validate-generated-files	UNKNOWN STEP	2026-02-22T17:34:16.1446957Z + cat
validate-generated-files	UNKNOWN STEP	2026-02-22T17:34:16.1457298Z + for f in $(find dev/ci/presubmits -type f | sort)
validate-generated-files	UNKNOWN STEP	2026-02-22T17:34:16.1460557Z ++ basename dev/ci/presubmits/tests-e2e-fixtures-cloudscheduler
validate-generated-files	UNKNOWN STEP	2026-02-22T17:34:16.1470457Z + name=tests-e2e-fixtures-cloudscheduler
validate-generated-files	UNKNOWN STEP	2026-02-22T17:34:16.1471161Z + cat
validate-generated-files	UNKNOWN STEP	2026-02-22T17:34:16.1482781Z + [[ tests-e2e-fixtures-cloudscheduler == \g\o\l\a\n\g\c\i\-\l\i\n\t ]]
validate-generated-files	UNKNOWN STEP	2026-02-22T17:34:16.1483606Z + [[ tests-e2e-fixtures-cloudscheduler == \l\i\c\e\n\s\e\-\l\i\n\t ]]
validate-generated-files	UNKNOWN STEP	2026-02-22T17:34:16.1484325Z + [[ tests-e2e-fixtures-cloudscheduler == tests-e2e-* ]]
validate-generated-files	UNKNOWN STEP	2026-02-22T17:34:16.1485026Z + cat
validate-generated-files	UNKNOWN STEP	2026-02-22T17:34:16.1495263Z + cat
validate-generated-files	UNKNOWN STEP	2026-02-22T17:34:16.1507067Z + [[ tests-e2e-fixtures-cloudscheduler == \u\n\i\t\-\t\e\s\t\s ]]
validate-generated-files	UNKNOWN STEP	2026-02-22T17:34:16.1518136Z + cat
validate-generated-files	UNKNOWN STEP	2026-02-22T17:34:16.1518667Z + [[ tests-e2e-fixtures-cloudscheduler == \t\e\s\t\-\m\o\c\k\g\c\p ]]
validate-generated-files	UNKNOWN STEP	2026-02-22T17:34:16.1519451Z + [[ tests-e2e-fixtures-cloudscheduler == \u\n\i\t\-\t\e\s\t\s ]]
validate-generated-files	UNKNOWN STEP	2026-02-22T17:34:16.1519998Z + cat
validate-generated-files	UNKNOWN STEP	2026-02-22T17:34:16.1530121Z + for f in $(find dev/ci/presubmits -type f | sort)
validate-generated-files	UNKNOWN STEP	2026-02-22T17:34:16.1533085Z ++ basename dev/ci/presubmits/tests-e2e-fixtures-cloudtasks
validate-generated-files	UNKNOWN STEP	2026-02-22T17:34:16.1542859Z + name=tests-e2e-fixtures-cloudtasks
validate-generated-files	UNKNOWN STEP	2026-02-22T17:34:16.1543301Z + cat
validate-generated-files	UNKNOWN STEP	2026-02-22T17:34:16.1554983Z + [[ tests-e2e-fixtures-cloudtasks == \g\o\l\a\n\g\c\i\-\l\i\n\t ]]
validate-generated-files	UNKNOWN STEP	2026-02-22T17:34:16.1555753Z + [[ tests-e2e-fixtures-cloudtasks == \l\i\c\e\n\s\e\-\l\i\n\t ]]
validate-generated-files	UNKNOWN STEP	2026-02-22T17:34:16.1556437Z + [[ tests-e2e-fixtures-cloudtasks == tests-e2e-* ]]
validate-generated-files	UNKNOWN STEP	2026-02-22T17:34:16.1556913Z + cat
validate-generated-files	UNKNOWN STEP	2026-02-22T17:34:16.1566667Z + cat
validate-generated-files	UNKNOWN STEP	2026-02-22T17:34:16.1578116Z + [[ tests-e2e-fixtures-cloudtasks == \u\n\i\t\-\t\e\s\t\s ]]
validate-generated-files	UNKNOWN STEP	2026-02-22T17:34:16.1578673Z + cat
validate-generated-files	UNKNOWN STEP	2026-02-22T17:34:16.1590411Z + [[ tests-e2e-fixtures-cloudtasks == \t\e\s\t\-\m\o\c\k\g\c\p ]]
validate-generated-files	UNKNOWN STEP	2026-02-22T17:34:16.1591432Z + [[ tests-e2e-fixtures-cloudtasks == \u\n\i\t\-\t\e\s\t\s ]]
validate-generated-files	UNKNOWN STEP	2026-02-22T17:34:16.1591981Z + cat
validate-generated-files	UNKNOWN STEP	2026-02-22T17:34:16.1603227Z + for f in $(find dev/ci/presubmits -type f | sort)
validate-generated-files	UNKNOWN STEP	2026-02-22T17:34:16.1606400Z ++ basename dev/ci/presubmits/tests-e2e-fixtures-colab
validate-generated-files	UNKNOWN STEP	2026-02-22T17:34:16.1615808Z + name=tests-e2e-fixtures-colab
validate-generated-files	UNKNOWN STEP	2026-02-22T17:34:16.1616246Z + cat
validate-generated-files	UNKNOWN STEP	2026-02-22T17:34:16.1627825Z + [[ tests-e2e-fixtures-colab == \g\o\l\a\n\g\c\i\-\l\i\n\t ]]
validate-generated-files	UNKNOWN STEP	2026-02-22T17:34:16.1628503Z + [[ tests-e2e-fixtures-colab == \l\i\c\e\n\s\e\-\l\i\n\t ]]
validate-generated-files	UNKNOWN STEP	2026-02-22T17:34:16.1629111Z + [[ tests-e2e-fixtures-colab == tests-e2e-* ]]
validate-generated-files	UNKNOWN STEP	2026-02-22T17:34:16.1629561Z + cat
validate-generated-files	UNKNOWN STEP	2026-02-22T17:34:16.1639443Z + cat
validate-generated-files	UNKNOWN STEP	2026-02-22T17:34:16.1651193Z + [[ tests-e2e-fixtures-colab == \u\n\i\t\-\t\e\s\t\s ]]
validate-generated-files	UNKNOWN STEP	2026-02-22T17:34:16.1651688Z + cat
validate-generated-files	UNKNOWN STEP	2026-02-22T17:34:16.1662746Z + [[ tests-e2e-fixtures-colab == \t\e\s\t\-\m\o\c\k\g\c\p ]]
validate-generated-files	UNKNOWN STEP	2026-02-22T17:34:16.1663409Z + [[ tests-e2e-fixtures-colab == \u\n\i\t\-\t\e\s\t\s ]]
validate-generated-files	UNKNOWN STEP	2026-02-22T17:34:16.1663904Z + cat
validate-generated-files	UNKNOWN STEP	2026-02-22T17:34:16.1675087Z + for f in $(find dev/ci/presubmits -type f | sort)
validate-generated-files	UNKNOWN STEP	2026-02-22T17:34:16.1678409Z ++ basename dev/ci/presubmits/tests-e2e-fixtures-composer
validate-generated-files	UNKNOWN STEP	2026-02-22T17:34:16.1688010Z + name=tests-e2e-fixtures-composer
validate-generated-files	UNKNOWN STEP	2026-02-22T17:34:16.1688433Z + cat
validate-generated-files	UNKNOWN STEP	2026-02-22T17:34:16.1699638Z + [[ tests-e2e-fixtures-composer == \g\o\l\a\n\g\c\i\-\l\i\n\t ]]
validate-generated-files	UNKNOWN STEP	2026-02-22T17:34:16.1700366Z + [[ tests-e2e-fixtures-composer == \l\i\c\e\n\s\e\-\l\i\n\t ]]
validate-generated-files	UNKNOWN STEP	2026-02-22T17:34:16.1701014Z + [[ tests-e2e-fixtures-composer == tests-e2e-* ]]
validate-generated-files	UNKNOWN STEP	2026-02-22T17:34:16.1701486Z + cat
validate-generated-files	UNKNOWN STEP	2026-02-22T17:34:16.1711502Z + cat
validate-generated-files	UNKNOWN STEP	2026-02-22T17:34:16.1722821Z + [[ tests-e2e-fixtures-composer == \u\n\i\t\-\t\e\s\t\s ]]
validate-generated-files	UNKNOWN STEP	2026-02-22T17:34:16.1723345Z + cat
validate-generated-files	UNKNOWN STEP	2026-02-22T17:34:16.1734269Z + [[ tests-e2e-fixtures-composer == \t\e\s\t\-\m\o\c\k\g\c\p ]]
validate-generated-files	UNKNOWN STEP	2026-02-22T17:34:16.1735164Z + [[ tests-e2e-fixtures-composer == \u\n\i\t\-\t\e\s\t\s ]]
validate-generated-files	UNKNOWN STEP	2026-02-22T17:34:16.1735688Z + cat
validate-generated-files	UNKNOWN STEP	2026-02-22T17:34:16.1746458Z + for f in $(find dev/ci/presubmits -type f | sort)
validate-generated-files	UNKNOWN STEP	2026-02-22T17:34:16.1749707Z ++ basename dev/ci/presubmits/tests-e2e-fixtures-compute
validate-generated-files	UNKNOWN STEP	2026-02-22T17:34:16.1759025Z + name=tests-e2e-fixtures-compute
validate-generated-files	UNKNOWN STEP	2026-02-22T17:34:16.1759454Z + cat
validate-generated-files	UNKNOWN STEP	2026-02-22T17:34:16.1770736Z + [[ tests-e2e-fixtures-compute == \g\o\l\a\n\g\c\i\-\l\i\n\t ]]
validate-generated-files	UNKNOWN STEP	2026-02-22T17:34:16.1771449Z + [[ tests-e2e-fixtures-compute == \l\i\c\e\n\s\e\-\l\i\n\t ]]
validate-generated-files	UNKNOWN STEP	2026-02-22T17:34:16.1772102Z + [[ tests-e2e-fixtures-compute == tests-e2e-* ]]
validate-generated-files	UNKNOWN STEP	2026-02-22T17:34:16.1772574Z + cat
validate-generated-files	UNKNOWN STEP	2026-02-22T17:34:16.1782401Z + cat
validate-generated-files	UNKNOWN STEP	2026-02-22T17:34:16.1793775Z + [[ tests-e2e-fixtures-compute == \u\n\i\t\-\t\e\s\t\s ]]
validate-generated-files	UNKNOWN STEP	2026-02-22T17:34:16.1794290Z + cat
validate-generated-files	UNKNOWN STEP	2026-02-22T17:34:16.1805393Z + [[ tests-e2e-fixtures-compute == \t\e\s\t\-\m\o\c\k\g\c\p ]]
validate-generated-files	UNKNOWN STEP	2026-02-22T17:34:16.1806071Z + [[ tests-e2e-fixtures-compute == \u\n\i\t\-\t\e\s\t\s ]]
validate-generated-files	UNKNOWN STEP	2026-02-22T17:34:16.1806580Z + cat
validate-generated-files	UNKNOWN STEP	2026-02-22T17:34:16.1817091Z + for f in $(find dev/ci/presubmits -type f | sort)
validate-generated-files	UNKNOWN STEP	2026-02-22T17:34:16.1820040Z ++ basename dev/ci/presubmits/tests-e2e-fixtures-configcontroller
validate-generated-files	UNKNOWN STEP	2026-02-22T17:34:16.1829813Z + name=tests-e2e-fixtures-configcontroller
validate-generated-files	UNKNOWN STEP	2026-02-22T17:34:16.1830271Z + cat
validate-generated-files	UNKNOWN STEP	2026-02-22T17:34:16.1841799Z + [[ tests-e2e-fixtures-configcontroller == \g\o\l\a\n\g\c\i\-\l\i\n\t ]]
validate-generated-files	UNKNOWN STEP	2026-02-22T17:34:16.1842668Z + [[ tests-e2e-fixtures-configcontroller == \l\i\c\e\n\s\e\-\l\i\n\t ]]
validate-generated-files	UNKNOWN STEP	2026-02-22T17:34:16.1843421Z + [[ tests-e2e-fixtures-configcontroller == tests-e2e-* ]]
validate-generated-files	UNKNOWN STEP	2026-02-22T17:34:16.1843962Z + cat
validate-generated-files	UNKNOWN STEP	2026-02-22T17:34:16.1853481Z + cat
validate-generated-files	UNKNOWN STEP	2026-02-22T17:34:16.1865527Z + [[ tests-e2e-fixtures-configcontroller == \u\n\i\t\-\t\e\s\t\s ]]
validate-generated-files	UNKNOWN STEP	2026-02-22T17:34:16.1865899Z + cat
validate-generated-files	UNKNOWN STEP	2026-02-22T17:34:16.1877363Z + [[ tests-e2e-fixtures-configcontroller == \t\e\s\t\-\m\o\c\k\g\c\p ]]
validate-generated-files	UNKNOWN STEP	2026-02-22T17:34:16.1878187Z + [[ tests-e2e-fixtures-configcontroller == \u\n\i\t\-\t\e\s\t\s ]]
validate-generated-files	UNKNOWN STEP	2026-02-22T17:34:16.1878715Z + cat
validate-generated-files	UNKNOWN STEP	2026-02-22T17:34:16.1890254Z + for f in $(find dev/ci/presubmits -type f | sort)
validate-generated-files	UNKNOWN STEP	2026-02-22T17:34:16.1893525Z ++ basename dev/ci/presubmits/tests-e2e-fixtures-configdelivery
validate-generated-files	UNKNOWN STEP	2026-02-22T17:34:16.1903257Z + name=tests-e2e-fixtures-configdelivery
validate-generated-files	UNKNOWN STEP	2026-02-22T17:34:16.1903550Z + cat
validate-generated-files	UNKNOWN STEP	2026-02-22T17:34:16.1915871Z + [[ tests-e2e-fixtures-configdelivery == \g\o\l\a\n\g\c\i\-\l\i\n\t ]]
validate-generated-files	UNKNOWN STEP	2026-02-22T17:34:16.1916392Z + [[ tests-e2e-fixtures-configdelivery == \l\i\c\e\n\s\e\-\l\i\n\t ]]
validate-generated-files	UNKNOWN STEP	2026-02-22T17:34:16.1917045Z + [[ tests-e2e-fixtures-configdelivery == tests-e2e-* ]]
validate-generated-files	UNKNOWN STEP	2026-02-22T17:34:16.1917539Z + cat
validate-generated-files	UNKNOWN STEP	2026-02-22T17:34:16.1927619Z + cat
validate-generated-files	UNKNOWN STEP	2026-02-22T17:34:16.1939383Z + [[ tests-e2e-fixtures-configdelivery == \u\n\i\t\-\t\e\s\t\s ]]
validate-generated-files	UNKNOWN STEP	2026-02-22T17:34:16.1939936Z + cat
validate-generated-files	UNKNOWN STEP	2026-02-22T17:34:16.1951491Z + [[ tests-e2e-fixtures-configdelivery == \t\e\s\t\-\m\o\c\k\g\c\p ]]
validate-generated-files	UNKNOWN STEP	2026-02-22T17:34:16.1952278Z + [[ tests-e2e-fixtures-configdelivery == \u\n\i\t\-\t\e\s\t\s ]]
validate-generated-files	UNKNOWN STEP	2026-02-22T17:34:16.1952842Z + cat
validate-generated-files	UNKNOWN STEP	2026-02-22T17:34:16.1963291Z + for f in $(find dev/ci/presubmits -type f | sort)
validate-generated-files	UNKNOWN STEP	2026-02-22T17:34:16.1967144Z ++ basename dev/ci/presubmits/tests-e2e-fixtures-container
validate-generated-files	UNKNOWN STEP	2026-02-22T17:34:16.1977228Z + name=tests-e2e-fixtures-container
validate-generated-files	UNKNOWN STEP	2026-02-22T17:34:16.1977649Z + cat
validate-generated-files	UNKNOWN STEP	2026-02-22T17:34:16.1989351Z + [[ tests-e2e-fixtures-container == \g\o\l\a\n\g\c\i\-\l\i\n\t ]]
validate-generated-files	UNKNOWN STEP	2026-02-22T17:34:16.1990086Z + [[ tests-e2e-fixtures-container == \l\i\c\e\n\s\e\-\l\i\n\t ]]
validate-generated-files	UNKNOWN STEP	2026-02-22T17:34:16.1990736Z + [[ tests-e2e-fixtures-container == tests-e2e-* ]]
validate-generated-files	UNKNOWN STEP	2026-02-22T17:34:16.1991203Z + cat
validate-generated-files	UNKNOWN STEP	2026-02-22T17:34:16.2000892Z + cat
validate-generated-files	UNKNOWN STEP	2026-02-22T17:34:16.2012374Z + [[ tests-e2e-fixtures-container == \u\n\i\t\-\t\e\s\t\s ]]
validate-generated-files	UNKNOWN STEP	2026-02-22T17:34:16.2012891Z + cat
validate-generated-files	UNKNOWN STEP	2026-02-22T17:34:16.2024320Z + [[ tests-e2e-fixtures-container == \t\e\s\t\-\m\o\c\k\g\c\p ]]
validate-generated-files	UNKNOWN STEP	2026-02-22T17:34:16.2025183Z + [[ tests-e2e-fixtures-container == \u\n\i\t\-\t\e\s\t\s ]]
validate-generated-files	UNKNOWN STEP	2026-02-22T17:34:16.2025708Z + cat
validate-generated-files	UNKNOWN STEP	2026-02-22T17:34:16.2036619Z + for f in $(find dev/ci/presubmits -type f | sort)
validate-generated-files	UNKNOWN STEP	2026-02-22T17:34:16.2039974Z ++ basename dev/ci/presubmits/tests-e2e-fixtures-containeranalysis
validate-generated-files	UNKNOWN STEP	2026-02-22T17:34:16.2049317Z + name=tests-e2e-fixtures-containeranalysis
validate-generated-files	UNKNOWN STEP	2026-02-22T17:34:16.2049787Z + cat
validate-generated-files	UNKNOWN STEP	2026-02-22T17:34:16.2061236Z + [[ tests-e2e-fixtures-containeranalysis == \g\o\l\a\n\g\c\i\-\l\i\n\t ]]
validate-generated-files	UNKNOWN STEP	2026-02-22T17:34:16.2062115Z + [[ tests-e2e-fixtures-containeranalysis == \l\i\c\e\n\s\e\-\l\i\n\t ]]
validate-generated-files	UNKNOWN STEP	2026-02-22T17:34:16.2062890Z + [[ tests-e2e-fixtures-containeranalysis == tests-e2e-* ]]
validate-generated-files	UNKNOWN STEP	2026-02-22T17:34:16.2063447Z + cat
validate-generated-files	UNKNOWN STEP	2026-02-22T17:34:16.2073091Z + cat
validate-generated-files	UNKNOWN STEP	2026-02-22T17:34:16.2085181Z + [[ tests-e2e-fixtures-containeranalysis == \u\n\i\t\-\t\e\s\t\s ]]
validate-generated-files	UNKNOWN STEP	2026-02-22T17:34:16.2085719Z + cat
validate-generated-files	UNKNOWN STEP	2026-02-22T17:34:16.2097821Z + [[ tests-e2e-fixtures-containeranalysis == \t\e\s\t\-\m\o\c\k\g\c\p ]]
validate-generated-files	UNKNOWN STEP	2026-02-22T17:34:16.2098664Z + [[ tests-e2e-fixtures-containeranalysis == \u\n\i\t\-\t\e\s\t\s ]]
validate-generated-files	UNKNOWN STEP	2026-02-22T17:34:16.2099248Z + cat
validate-generated-files	UNKNOWN STEP	2026-02-22T17:34:16.2109559Z + for f in $(find dev/ci/presubmits -type f | sort)
validate-generated-files	UNKNOWN STEP	2026-02-22T17:34:16.2113351Z ++ basename dev/ci/presubmits/tests-e2e-fixtures-containerattached
validate-generated-files	UNKNOWN STEP	2026-02-22T17:34:16.2126873Z + name=tests-e2e-fixtures-containerattached
validate-generated-files	UNKNOWN STEP	2026-02-22T17:34:16.2127386Z + cat
validate-generated-files	UNKNOWN STEP	2026-02-22T17:34:16.2138763Z + [[ tests-e2e-fixtures-containerattached == \g\o\l\a\n\g\c\i\-\l\i\n\t ]]
validate-generated-files	UNKNOWN STEP	2026-02-22T17:34:16.2139641Z + [[ tests-e2e-fixtures-containerattached == \l\i\c\e\n\s\e\-\l\i\n\t ]]
validate-generated-files	UNKNOWN STEP	2026-02-22T17:34:16.2140430Z + [[ tests-e2e-fixtures-containerattached == tests-e2e-* ]]
validate-generated-files	UNKNOWN STEP	2026-02-22T17:34:16.2140974Z + cat
validate-generated-files	UNKNOWN STEP	2026-02-22T17:34:16.2150759Z + cat
validate-generated-files	UNKNOWN STEP	2026-02-22T17:34:16.2162244Z + [[ tests-e2e-fixtures-containerattached == \u\n\i\t\-\t\e\s\t\s ]]
validate-generated-files	UNKNOWN STEP	2026-02-22T17:34:16.2162831Z + cat
validate-generated-files	UNKNOWN STEP	2026-02-22T17:34:16.2173804Z + [[ tests-e2e-fixtures-containerattached == \t\e\s\t\-\m\o\c\k\g\c\p ]]
validate-generated-files	UNKNOWN STEP	2026-02-22T17:34:16.2174811Z + [[ tests-e2e-fixtures-containerattached == \u\n\i\t\-\t\e\s\t\s ]]
validate-generated-files	UNKNOWN STEP	2026-02-22T17:34:16.2175402Z + cat
validate-generated-files	UNKNOWN STEP	2026-02-22T17:34:16.2185696Z + for f in $(find dev/ci/presubmits -type f | sort)
validate-generated-files	UNKNOWN STEP	2026-02-22T17:34:16.2189389Z ++ basename dev/ci/presubmits/tests-e2e-fixtures-datacatalog
validate-generated-files	UNKNOWN STEP	2026-02-22T17:34:16.2199357Z + name=tests-e2e-fixtures-datacatalog
validate-generated-files	UNKNOWN STEP	2026-02-22T17:34:16.2199643Z + cat
validate-generated-files	UNKNOWN STEP	2026-02-22T17:34:16.2211112Z + [[ tests-e2e-fixtures-datacatalog == \g\o\l\a\n\g\c\i\-\l\i\n\t ]]
validate-generated-files	UNKNOWN STEP	2026-02-22T17:34:16.2211654Z + [[ tests-e2e-fixtures-datacatalog == \l\i\c\e\n\s\e\-\l\i\n\t ]]
validate-generated-files	UNKNOWN STEP	2026-02-22T17:34:16.2212335Z + [[ tests-e2e-fixtures-datacatalog == tests-e2e-* ]]
validate-generated-files	UNKNOWN STEP	2026-02-22T17:34:16.2212825Z + cat
validate-generated-files	UNKNOWN STEP	2026-02-22T17:34:16.2222871Z + cat
validate-generated-files	UNKNOWN STEP	2026-02-22T17:34:16.2233867Z + [[ tests-e2e-fixtures-datacatalog == \u\n\i\t\-\t\e\s\t\s ]]
validate-generated-files	UNKNOWN STEP	2026-02-22T17:34:16.2234602Z + cat
validate-generated-files	UNKNOWN STEP	2026-02-22T17:34:16.2245940Z + [[ tests-e2e-fixtures-datacatalog == \t\e\s\t\-\m\o\c\k\g\c\p ]]
validate-generated-files	UNKNOWN STEP	2026-02-22T17:34:16.2246680Z + [[ tests-e2e-fixtures-datacatalog == \u\n\i\t\-\t\e\s\t\s ]]
validate-generated-files	UNKNOWN STEP	2026-02-22T17:34:16.2247004Z + cat
validate-generated-files	UNKNOWN STEP	2026-02-22T17:34:16.2256853Z + for f in $(find dev/ci/presubmits -type f | sort)
validate-generated-files	UNKNOWN STEP	2026-02-22T17:34:16.2259236Z ++ basename dev/ci/presubmits/tests-e2e-fixtures-dataflow
validate-generated-files	UNKNOWN STEP	2026-02-22T17:34:16.2269050Z + name=tests-e2e-fixtures-dataflow
validate-generated-files	UNKNOWN STEP	2026-02-22T17:34:16.2269329Z + cat
validate-generated-files	UNKNOWN STEP	2026-02-22T17:34:16.2280375Z + [[ tests-e2e-fixtures-dataflow == \g\o\l\a\n\g\c\i\-\l\i\n\t ]]
validate-generated-files	UNKNOWN STEP	2026-02-22T17:34:16.2280900Z + [[ tests-e2e-fixtures-dataflow == \l\i\c\e\n\s\e\-\l\i\n\t ]]
validate-generated-files	UNKNOWN STEP	2026-02-22T17:34:16.2281561Z + [[ tests-e2e-fixtures-dataflow == tests-e2e-* ]]
validate-generated-files	UNKNOWN STEP	2026-02-22T17:34:16.2282044Z + cat
validate-generated-files	UNKNOWN STEP	2026-02-22T17:34:16.2291941Z + cat
validate-generated-files	UNKNOWN STEP	2026-02-22T17:34:16.2302751Z + [[ tests-e2e-fixtures-dataflow == \u\n\i\t\-\t\e\s\t\s ]]
validate-generated-files	UNKNOWN STEP	2026-02-22T17:34:16.2303254Z + cat
validate-generated-files	UNKNOWN STEP	2026-02-22T17:34:16.2313678Z + [[ tests-e2e-fixtures-dataflow == \t\e\s\t\-\m\o\c\k\g\c\p ]]
validate-generated-files	UNKNOWN STEP	2026-02-22T17:34:16.2314330Z + [[ tests-e2e-fixtures-dataflow == \u\n\i\t\-\t\e\s\t\s ]]
validate-generated-files	UNKNOWN STEP	2026-02-22T17:34:16.2314933Z + cat
validate-generated-files	UNKNOWN STEP	2026-02-22T17:34:16.2325010Z + for f in $(find dev/ci/presubmits -type f | sort)
validate-generated-files	UNKNOWN STEP	2026-02-22T17:34:16.2327711Z ++ basename dev/ci/presubmits/tests-e2e-fixtures-dataform
validate-generated-files	UNKNOWN STEP	2026-02-22T17:34:16.2337407Z + name=tests-e2e-fixtures-dataform
validate-generated-files	UNKNOWN STEP	2026-02-22T17:34:16.2348548Z + cat
validate-generated-files	UNKNOWN STEP	2026-02-22T17:34:16.2348914Z + [[ tests-e2e-fixtures-dataform == \g\o\l\a\n\g\c\i\-\l\i\n\t ]]
validate-generated-files	UNKNOWN STEP	2026-02-22T17:34:16.2349537Z + [[ tests-e2e-fixtures-dataform == \l\i\c\e\n\s\e\-\l\i\n\t ]]
validate-generated-files	UNKNOWN STEP	2026-02-22T17:34:16.2350188Z + [[ tests-e2e-fixtures-dataform == tests-e2e-* ]]
validate-generated-files	UNKNOWN STEP	2026-02-22T17:34:16.2350692Z + cat
validate-generated-files	UNKNOWN STEP	2026-02-22T17:34:16.2360185Z + cat
validate-generated-files	UNKNOWN STEP	2026-02-22T17:34:16.2371808Z + [[ tests-e2e-fixtures-dataform == \u\n\i\t\-\t\e\s\t\s ]]
validate-generated-files	UNKNOWN STEP	2026-02-22T17:34:16.2372351Z + cat
validate-generated-files	UNKNOWN STEP	2026-02-22T17:34:16.2382594Z + [[ tests-e2e-fixtures-dataform == \t\e\s\t\-\m\o\c\k\g\c\p ]]
validate-generated-files	UNKNOWN STEP	2026-02-22T17:34:16.2383331Z + [[ tests-e2e-fixtures-dataform == \u\n\i\t\-\t\e\s\t\s ]]
validate-generated-files	UNKNOWN STEP	2026-02-22T17:34:16.2383708Z + cat
validate-generated-files	UNKNOWN STEP	2026-02-22T17:34:16.2393341Z + for f in $(find dev/ci/presubmits -type f | sort)
validate-generated-files	UNKNOWN STEP	2026-02-22T17:34:16.2396249Z ++ basename dev/ci/presubmits/tests-e2e-fixtures-datafusion
validate-generated-files	UNKNOWN STEP	2026-02-22T17:34:16.2405368Z + name=tests-e2e-fixtures-datafusion
validate-generated-files	UNKNOWN STEP	2026-02-22T17:34:16.2405928Z + cat
validate-generated-files	UNKNOWN STEP	2026-02-22T17:34:16.2416655Z + [[ tests-e2e-fixtures-datafusion == \g\o\l\a\n\g\c\i\-\l\i\n\t ]]
validate-generated-files	UNKNOWN STEP	2026-02-22T17:34:16.2417698Z + [[ tests-e2e-fixtures-datafusion == \l\i\c\e\n\s\e\-\l\i\n\t ]]
validate-generated-files	UNKNOWN STEP	2026-02-22T17:34:16.2418153Z + [[ tests-e2e-fixtures-datafusion == tests-e2e-* ]]
validate-generated-files	UNKNOWN STEP	2026-02-22T17:34:16.2418472Z + cat
validate-generated-files	UNKNOWN STEP	2026-02-22T17:34:16.2427420Z + cat
validate-generated-files	UNKNOWN STEP	2026-02-22T17:34:16.2438878Z + [[ tests-e2e-fixtures-datafusion == \u\n\i\t\-\t\e\s\t\s ]]
validate-generated-files	UNKNOWN STEP	2026-02-22T17:34:16.2439414Z + cat
validate-generated-files	UNKNOWN STEP	2026-02-22T17:34:16.2449707Z + [[ tests-e2e-fixtures-datafusion == \t\e\s\t\-\m\o\c\k\g\c\p ]]
validate-generated-files	UNKNOWN STEP	2026-02-22T17:34:16.2450368Z + [[ tests-e2e-fixtures-datafusion == \u\n\i\t\-\t\e\s\t\s ]]
validate-generated-files	UNKNOWN STEP	2026-02-22T17:34:16.2450695Z + cat
validate-generated-files	UNKNOWN STEP	2026-02-22T17:34:16.2460589Z + for f in $(find dev/ci/presubmits -type f | sort)
validate-generated-files	UNKNOWN STEP	2026-02-22T17:34:16.2463037Z ++ basename dev/ci/presubmits/tests-e2e-fixtures-dataplex
validate-generated-files	UNKNOWN STEP	2026-02-22T17:34:16.2472438Z + name=tests-e2e-fixtures-dataplex
validate-generated-files	UNKNOWN STEP	2026-02-22T17:34:16.2472716Z + cat
validate-generated-files	UNKNOWN STEP	2026-02-22T17:34:16.2483689Z + [[ tests-e2e-fixtures-dataplex == \g\o\l\a\n\g\c\i\-\l\i\n\t ]]
validate-generated-files	UNKNOWN STEP	2026-02-22T17:34:16.2484277Z + [[ tests-e2e-fixtures-dataplex == \l\i\c\e\n\s\e\-\l\i\n\t ]]
validate-generated-files	UNKNOWN STEP	2026-02-22T17:34:16.2485124Z + [[ tests-e2e-fixtures-dataplex == tests-e2e-* ]]
validate-generated-files	UNKNOWN STEP	2026-02-22T17:34:16.2485599Z + cat
validate-generated-files	UNKNOWN STEP	2026-02-22T17:34:16.2495292Z + cat
validate-generated-files	UNKNOWN STEP	2026-02-22T17:34:16.2506212Z + [[ tests-e2e-fixtures-dataplex == \u\n\i\t\-\t\e\s\t\s ]]
validate-generated-files	UNKNOWN STEP	2026-02-22T17:34:16.2506593Z + cat
validate-generated-files	UNKNOWN STEP	2026-02-22T17:34:16.2517266Z + [[ tests-e2e-fixtures-dataplex == \t\e\s\t\-\m\o\c\k\g\c\p ]]
validate-generated-files	UNKNOWN STEP	2026-02-22T17:34:16.2517980Z + [[ tests-e2e-fixtures-dataplex == \u\n\i\t\-\t\e\s\t\s ]]
validate-generated-files	UNKNOWN STEP	2026-02-22T17:34:16.2518461Z + cat
validate-generated-files	UNKNOWN STEP	2026-02-22T17:34:16.2529258Z + for f in $(find dev/ci/presubmits -type f | sort)
validate-generated-files	UNKNOWN STEP	2026-02-22T17:34:16.2532203Z ++ basename dev/ci/presubmits/tests-e2e-fixtures-dataproc
validate-generated-files	UNKNOWN STEP	2026-02-22T17:34:16.2542569Z + name=tests-e2e-fixtures-dataproc
validate-generated-files	UNKNOWN STEP	2026-02-22T17:34:16.2543015Z + cat
validate-generated-files	UNKNOWN STEP	2026-02-22T17:34:16.2553561Z + [[ tests-e2e-fixtures-dataproc == \g\o\l\a\n\g\c\i\-\l\i\n\t ]]
validate-generated-files	UNKNOWN STEP	2026-02-22T17:34:16.2554326Z + [[ tests-e2e-fixtures-dataproc == \l\i\c\e\n\s\e\-\l\i\n\t ]]
validate-generated-files	UNKNOWN STEP	2026-02-22T17:34:16.2555144Z + [[ tests-e2e-fixtures-dataproc == tests-e2e-* ]]
validate-generated-files	UNKNOWN STEP	2026-02-22T17:34:16.2555431Z + cat
validate-generated-files	UNKNOWN STEP	2026-02-22T17:34:16.2564070Z + cat
validate-generated-files	UNKNOWN STEP	2026-02-22T17:34:16.2574883Z + [[ tests-e2e-fixtures-dataproc == \u\n\i\t\-\t\e\s\t\s ]]
validate-generated-files	UNKNOWN STEP	2026-02-22T17:34:16.2575422Z + cat
validate-generated-files	UNKNOWN STEP	2026-02-22T17:34:16.2586877Z + [[ tests-e2e-fixtures-dataproc == \t\e\s\t\-\m\o\c\k\g\c\p ]]
validate-generated-files	UNKNOWN STEP	2026-02-22T17:34:16.2587623Z + [[ tests-e2e-fixtures-dataproc == \u\n\i\t\-\t\e\s\t\s ]]
validate-generated-files	UNKNOWN STEP	2026-02-22T17:34:16.2588014Z + cat
validate-generated-files	UNKNOWN STEP	2026-02-22T17:34:16.2598155Z + for f in $(find dev/ci/presubmits -type f | sort)
validate-generated-files	UNKNOWN STEP	2026-02-22T17:34:16.2600647Z ++ basename dev/ci/presubmits/tests-e2e-fixtures-datastore
validate-generated-files	UNKNOWN STEP	2026-02-22T17:34:16.2609978Z + name=tests-e2e-fixtures-datastore
validate-generated-files	UNKNOWN STEP	2026-02-22T17:34:16.2610413Z + cat
validate-generated-files	UNKNOWN STEP	2026-02-22T17:34:16.2620808Z + [[ tests-e2e-fixtures-datastore == \g\o\l\a\n\g\c\i\-\l\i\n\t ]]
validate-generated-files	UNKNOWN STEP	2026-02-22T17:34:16.2621585Z + [[ tests-e2e-fixtures-datastore == \l\i\c\e\n\s\e\-\l\i\n\t ]]
validate-generated-files	UNKNOWN STEP	2026-02-22T17:34:16.2622115Z + [[ tests-e2e-fixtures-datastore == tests-e2e-* ]]
validate-generated-files	UNKNOWN STEP	2026-02-22T17:34:16.2622414Z + cat
validate-generated-files	UNKNOWN STEP	2026-02-22T17:34:16.2631484Z + cat
validate-generated-files	UNKNOWN STEP	2026-02-22T17:34:16.2642511Z + [[ tests-e2e-fixtures-datastore == \u\n\i\t\-\t\e\s\t\s ]]
validate-generated-files	UNKNOWN STEP	2026-02-22T17:34:16.2643056Z + cat
validate-generated-files	UNKNOWN STEP	2026-02-22T17:34:16.2653320Z + [[ tests-e2e-fixtures-datastore == \t\e\s\t\-\m\o\c\k\g\c\p ]]
validate-generated-files	UNKNOWN STEP	2026-02-22T17:34:16.2654063Z + [[ tests-e2e-fixtures-datastore == \u\n\i\t\-\t\e\s\t\s ]]
validate-generated-files	UNKNOWN STEP	2026-02-22T17:34:16.2654601Z + cat
validate-generated-files	UNKNOWN STEP	2026-02-22T17:34:16.2663952Z + for f in $(find dev/ci/presubmits -type f | sort)
validate-generated-files	UNKNOWN STEP	2026-02-22T17:34:16.2666756Z ++ basename dev/ci/presubmits/tests-e2e-fixtures-datastream
validate-generated-files	UNKNOWN STEP	2026-02-22T17:34:16.2676327Z + name=tests-e2e-fixtures-datastream
validate-generated-files	UNKNOWN STEP	2026-02-22T17:34:16.2676822Z + cat
validate-generated-files	UNKNOWN STEP	2026-02-22T17:34:16.2687543Z + [[ tests-e2e-fixtures-datastream == \g\o\l\a\n\g\c\i\-\l\i\n\t ]]
validate-generated-files	UNKNOWN STEP	2026-02-22T17:34:16.2688388Z + [[ tests-e2e-fixtures-datastream == \l\i\c\e\n\s\e\-\l\i\n\t ]]
validate-generated-files	UNKNOWN STEP	2026-02-22T17:34:16.2688893Z + [[ tests-e2e-fixtures-datastream == tests-e2e-* ]]
validate-generated-files	UNKNOWN STEP	2026-02-22T17:34:16.2689229Z + cat
validate-generated-files	UNKNOWN STEP	2026-02-22T17:34:16.2698076Z + cat
validate-generated-files	UNKNOWN STEP	2026-02-22T17:34:16.2709726Z + [[ tests-e2e-fixtures-datastream == \u\n\i\t\-\t\e\s\t\s ]]
validate-generated-files	UNKNOWN STEP	2026-02-22T17:34:16.2710341Z + cat
validate-generated-files	UNKNOWN STEP	2026-02-22T17:34:16.2720757Z + [[ tests-e2e-fixtures-datastream == \t\e\s\t\-\m\o\c\k\g\c\p ]]
validate-generated-files	UNKNOWN STEP	2026-02-22T17:34:16.2721588Z + [[ tests-e2e-fixtures-datastream == \u\n\i\t\-\t\e\s\t\s ]]
validate-generated-files	UNKNOWN STEP	2026-02-22T17:34:16.2721998Z + cat
validate-generated-files	UNKNOWN STEP	2026-02-22T17:34:16.2731746Z + for f in $(find dev/ci/presubmits -type f | sort)
validate-generated-files	UNKNOWN STEP	2026-02-22T17:34:16.2734577Z ++ basename dev/ci/presubmits/tests-e2e-fixtures-deploymentmanager
validate-generated-files	UNKNOWN STEP	2026-02-22T17:34:16.2743580Z + name=tests-e2e-fixtures-deploymentmanager
validate-generated-files	UNKNOWN STEP	2026-02-22T17:34:16.2744122Z + cat
validate-generated-files	UNKNOWN STEP	2026-02-22T17:34:16.2755050Z + [[ tests-e2e-fixtures-deploymentmanager == \g\o\l\a\n\g\c\i\-\l\i\n\t ]]
validate-generated-files	UNKNOWN STEP	2026-02-22T17:34:16.2756126Z + [[ tests-e2e-fixtures-deploymentmanager == \l\i\c\e\n\s\e\-\l\i\n\t ]]
validate-generated-files	UNKNOWN STEP	2026-02-22T17:34:16.2756643Z + [[ tests-e2e-fixtures-deploymentmanager == tests-e2e-* ]]
validate-generated-files	UNKNOWN STEP	2026-02-22T17:34:16.2756966Z + cat
validate-generated-files	UNKNOWN STEP	2026-02-22T17:34:16.2766466Z + cat
validate-generated-files	UNKNOWN STEP	2026-02-22T17:34:16.2778003Z + [[ tests-e2e-fixtures-deploymentmanager == \u\n\i\t\-\t\e\s\t\s ]]
validate-generated-files	UNKNOWN STEP	2026-02-22T17:34:16.2778574Z + cat
validate-generated-files	UNKNOWN STEP	2026-02-22T17:34:16.2788705Z + [[ tests-e2e-fixtures-deploymentmanager == \t\e\s\t\-\m\o\c\k\g\c\p ]]
validate-generated-files	UNKNOWN STEP	2026-02-22T17:34:16.2789427Z + [[ tests-e2e-fixtures-deploymentmanager == \u\n\i\t\-\t\e\s\t\s ]]
validate-generated-files	UNKNOWN STEP	2026-02-22T17:34:16.2789777Z + cat
validate-generated-files	UNKNOWN STEP	2026-02-22T17:34:16.2799543Z + for f in $(find dev/ci/presubmits -type f | sort)
validate-generated-files	UNKNOWN STEP	2026-02-22T17:34:16.2802346Z ++ basename dev/ci/presubmits/tests-e2e-fixtures-dialogflow
validate-generated-files	UNKNOWN STEP	2026-02-22T17:34:16.2811900Z + name=tests-e2e-fixtures-dialogflow
validate-generated-files	UNKNOWN STEP	2026-02-22T17:34:16.2812366Z + cat
validate-generated-files	UNKNOWN STEP	2026-02-22T17:34:16.2822718Z + [[ tests-e2e-fixtures-dialogflow == \g\o\l\a\n\g\c\i\-\l\i\n\t ]]
validate-generated-files	UNKNOWN STEP	2026-02-22T17:34:16.2823504Z + [[ tests-e2e-fixtures-dialogflow == \l\i\c\e\n\s\e\-\l\i\n\t ]]
validate-generated-files	UNKNOWN STEP	2026-02-22T17:34:16.2824007Z + [[ tests-e2e-fixtures-dialogflow == tests-e2e-* ]]
validate-generated-files	UNKNOWN STEP	2026-02-22T17:34:16.2824292Z + cat
validate-generated-files	UNKNOWN STEP	2026-02-22T17:34:16.2833382Z + cat
validate-generated-files	UNKNOWN STEP	2026-02-22T17:34:16.2844207Z + [[ tests-e2e-fixtures-dialogflow == \u\n\i\t\-\t\e\s\t\s ]]
validate-generated-files	UNKNOWN STEP	2026-02-22T17:34:16.2845180Z + cat
validate-generated-files	UNKNOWN STEP	2026-02-22T17:34:16.2855198Z + [[ tests-e2e-fixtures-dialogflow == \t\e\s\t\-\m\o\c\k\g\c\p ]]
validate-generated-files	UNKNOWN STEP	2026-02-22T17:34:16.2855952Z + [[ tests-e2e-fixtures-dialogflow == \u\n\i\t\-\t\e\s\t\s ]]
validate-generated-files	UNKNOWN STEP	2026-02-22T17:34:16.2856401Z + cat
validate-generated-files	UNKNOWN STEP	2026-02-22T17:34:16.2865946Z + for f in $(find dev/ci/presubmits -type f | sort)
validate-generated-files	UNKNOWN STEP	2026-02-22T17:34:16.2868618Z ++ basename dev/ci/presubmits/tests-e2e-fixtures-dialogflowcx
validate-generated-files	UNKNOWN STEP	2026-02-22T17:34:16.2878133Z + name=tests-e2e-fixtures-dialogflowcx
validate-generated-files	UNKNOWN STEP	2026-02-22T17:34:16.2878610Z + cat
validate-generated-files	UNKNOWN STEP	2026-02-22T17:34:16.2889353Z + [[ tests-e2e-fixtures-dialogflowcx == \g\o\l\a\n\g\c\i\-\l\i\n\t ]]
validate-generated-files	UNKNOWN STEP	2026-02-22T17:34:16.2890192Z + [[ tests-e2e-fixtures-dialogflowcx == \l\i\c\e\n\s\e\-\l\i\n\t ]]
validate-generated-files	UNKNOWN STEP	2026-02-22T17:34:16.2890659Z + [[ tests-e2e-fixtures-dialogflowcx == tests-e2e-* ]]
validate-generated-files	UNKNOWN STEP	2026-02-22T17:34:16.2890985Z + cat
validate-generated-files	UNKNOWN STEP	2026-02-22T17:34:16.2900328Z + cat
validate-generated-files	UNKNOWN STEP	2026-02-22T17:34:16.2911357Z + [[ tests-e2e-fixtures-dialogflowcx == \u\n\i\t\-\t\e\s\t\s ]]
validate-generated-files	UNKNOWN STEP	2026-02-22T17:34:16.2912079Z + cat
validate-generated-files	UNKNOWN STEP	2026-02-22T17:34:16.2922118Z + [[ tests-e2e-fixtures-dialogflowcx == \t\e\s\t\-\m\o\c\k\g\c\p ]]
validate-generated-files	UNKNOWN STEP	2026-02-22T17:34:16.2922961Z + [[ tests-e2e-fixtures-dialogflowcx == \u\n\i\t\-\t\e\s\t\s ]]
validate-generated-files	UNKNOWN STEP	2026-02-22T17:34:16.2923349Z + cat
validate-generated-files	UNKNOWN STEP	2026-02-22T17:34:16.2932926Z + for f in $(find dev/ci/presubmits -type f | sort)
validate-generated-files	UNKNOWN STEP	2026-02-22T17:34:16.2936262Z ++ basename dev/ci/presubmits/tests-e2e-fixtures-discoveryengine
validate-generated-files	UNKNOWN STEP	2026-02-22T17:34:16.2945708Z + name=tests-e2e-fixtures-discoveryengine
validate-generated-files	UNKNOWN STEP	2026-02-22T17:34:16.2946200Z + cat
validate-generated-files	UNKNOWN STEP	2026-02-22T17:34:16.2957012Z + [[ tests-e2e-fixtures-discoveryengine == \g\o\l\a\n\g\c\i\-\l\i\n\t ]]
validate-generated-files	UNKNOWN STEP	2026-02-22T17:34:16.2957895Z + [[ tests-e2e-fixtures-discoveryengine == \l\i\c\e\n\s\e\-\l\i\n\t ]]
validate-generated-files	UNKNOWN STEP	2026-02-22T17:34:16.2958402Z + [[ tests-e2e-fixtures-discoveryengine == tests-e2e-* ]]
validate-generated-files	UNKNOWN STEP	2026-02-22T17:34:16.2958742Z + cat
validate-generated-files	UNKNOWN STEP	2026-02-22T17:34:16.2967501Z + cat
validate-generated-files	UNKNOWN STEP	2026-02-22T17:34:16.2978847Z + [[ tests-e2e-fixtures-discoveryengine == \u\n\i\t\-\t\e\s\t\s ]]
validate-generated-files	UNKNOWN STEP	2026-02-22T17:34:16.2979484Z + cat
validate-generated-files	UNKNOWN STEP	2026-02-22T17:34:16.2990805Z + [[ tests-e2e-fixtures-discoveryengine == \t\e\s\t\-\m\o\c\k\g\c\p ]]
validate-generated-files	UNKNOWN STEP	2026-02-22T17:34:16.2991551Z + [[ tests-e2e-fixtures-discoveryengine == \u\n\i\t\-\t\e\s\t\s ]]
validate-generated-files	UNKNOWN STEP	2026-02-22T17:34:16.2991961Z + cat
validate-generated-files	UNKNOWN STEP	2026-02-22T17:34:16.3001398Z + for f in $(find dev/ci/presubmits -type f | sort)
validate-generated-files	UNKNOWN STEP	2026-02-22T17:34:16.3003786Z ++ basename dev/ci/presubmits/tests-e2e-fixtures-dlp
validate-generated-files	UNKNOWN STEP	2026-02-22T17:34:16.3013196Z + name=tests-e2e-fixtures-dlp
validate-generated-files	UNKNOWN STEP	2026-02-22T17:34:16.3013473Z + cat
validate-generated-files	UNKNOWN STEP	2026-02-22T17:34:16.3024694Z + [[ tests-e2e-fixtures-dlp == \g\o\l\a\n\g\c\i\-\l\i\n\t ]]
validate-generated-files	UNKNOWN STEP	2026-02-22T17:34:16.3025255Z + [[ tests-e2e-fixtures-dlp == \l\i\c\e\n\s\e\-\l\i\n\t ]]
validate-generated-files	UNKNOWN STEP	2026-02-22T17:34:16.3025847Z + [[ tests-e2e-fixtures-dlp == tests-e2e-* ]]
validate-generated-files	UNKNOWN STEP	2026-02-22T17:34:16.3026311Z + cat
validate-generated-files	UNKNOWN STEP	2026-02-22T17:34:16.3036120Z + cat
validate-generated-files	UNKNOWN STEP	2026-02-22T17:34:16.3047038Z + [[ tests-e2e-fixtures-dlp == \u\n\i\t\-\t\e\s\t\s ]]
validate-generated-files	UNKNOWN STEP	2026-02-22T17:34:16.3047535Z + cat
validate-generated-files	UNKNOWN STEP	2026-02-22T17:34:16.3057857Z + [[ tests-e2e-fixtures-dlp == \t\e\s\t\-\m\o\c\k\g\c\p ]]
validate-generated-files	UNKNOWN STEP	2026-02-22T17:34:16.3058491Z + [[ tests-e2e-fixtures-dlp == \u\n\i\t\-\t\e\s\t\s ]]
validate-generated-files	UNKNOWN STEP	2026-02-22T17:34:16.3058808Z + cat
validate-generated-files	UNKNOWN STEP	2026-02-22T17:34:16.3068713Z + for f in $(find dev/ci/presubmits -type f | sort)
validate-generated-files	UNKNOWN STEP	2026-02-22T17:34:16.3071197Z ++ basename dev/ci/presubmits/tests-e2e-fixtures-dns
validate-generated-files	UNKNOWN STEP	2026-02-22T17:34:16.3080581Z + name=tests-e2e-fixtures-dns
validate-generated-files	UNKNOWN STEP	2026-02-22T17:34:16.3080963Z + cat
validate-generated-files	UNKNOWN STEP	2026-02-22T17:34:16.3091479Z + [[ tests-e2e-fixtures-dns == \g\o\l\a\n\g\c\i\-\l\i\n\t ]]
validate-generated-files	UNKNOWN STEP	2026-02-22T17:34:16.3092124Z + [[ tests-e2e-fixtures-dns == \l\i\c\e\n\s\e\-\l\i\n\t ]]
validate-generated-files	UNKNOWN STEP	2026-02-22T17:34:16.3092504Z + [[ tests-e2e-fixtures-dns == tests-e2e-* ]]
validate-generated-files	UNKNOWN STEP	2026-02-22T17:34:16.3092777Z + cat
validate-generated-files	UNKNOWN STEP	2026-02-22T17:34:16.3102198Z + cat
validate-generated-files	UNKNOWN STEP	2026-02-22T17:34:16.3112961Z + [[ tests-e2e-fixtures-dns == \u\n\i\t\-\t\e\s\t\s ]]
validate-generated-files	UNKNOWN STEP	2026-02-22T17:34:16.3113482Z + cat
validate-generated-files	UNKNOWN STEP	2026-02-22T17:34:16.3124638Z + [[ tests-e2e-fixtures-dns == \t\e\s\t\-\m\o\c\k\g\c\p ]]
validate-generated-files	UNKNOWN STEP	2026-02-22T17:34:16.3125294Z + [[ tests-e2e-fixtures-dns == \u\n\i\t\-\t\e\s\t\s ]]
validate-generated-files	UNKNOWN STEP	2026-02-22T17:34:16.3125669Z + cat
validate-generated-files	UNKNOWN STEP	2026-02-22T17:34:16.3135487Z + for f in $(find dev/ci/presubmits -type f | sort)
validate-generated-files	UNKNOWN STEP	2026-02-22T17:34:16.3138594Z ++ basename dev/ci/presubmits/tests-e2e-fixtures-documentai
validate-generated-files	UNKNOWN STEP	2026-02-22T17:34:16.3148330Z + name=tests-e2e-fixtures-documentai
validate-generated-files	UNKNOWN STEP	2026-02-22T17:34:16.3148795Z + cat
validate-generated-files	UNKNOWN STEP	2026-02-22T17:34:16.3159366Z + [[ tests-e2e-fixtures-documentai == \g\o\l\a\n\g\c\i\-\l\i\n\t ]]
validate-generated-files	UNKNOWN STEP	2026-02-22T17:34:16.3160200Z + [[ tests-e2e-fixtures-documentai == \l\i\c\e\n\s\e\-\l\i\n\t ]]
validate-generated-files	UNKNOWN STEP	2026-02-22T17:34:16.3160699Z + [[ tests-e2e-fixtures-documentai == tests-e2e-* ]]
validate-generated-files	UNKNOWN STEP	2026-02-22T17:34:16.3161060Z + cat
validate-generated-files	UNKNOWN STEP	2026-02-22T17:34:16.3170090Z + cat
validate-generated-files	UNKNOWN STEP	2026-02-22T17:34:16.3181078Z + [[ tests-e2e-fixtures-documentai == \u\n\i\t\-\t\e\s\t\s ]]
validate-generated-files	UNKNOWN STEP	2026-02-22T17:34:16.3181716Z + cat
validate-generated-files	UNKNOWN STEP	2026-02-22T17:34:16.3192357Z + [[ tests-e2e-fixtures-documentai == \t\e\s\t\-\m\o\c\k\g\c\p ]]
validate-generated-files	UNKNOWN STEP	2026-02-22T17:34:16.3193146Z + [[ tests-e2e-fixtures-documentai == \u\n\i\t\-\t\e\s\t\s ]]
validate-generated-files	UNKNOWN STEP	2026-02-22T17:34:16.3193543Z + cat
validate-generated-files	UNKNOWN STEP	2026-02-22T17:34:16.3203022Z + for f in $(find dev/ci/presubmits -type f | sort)
validate-generated-files	UNKNOWN STEP	2026-02-22T17:34:16.3205719Z ++ basename dev/ci/presubmits/tests-e2e-fixtures-edgecontainer
validate-generated-files	UNKNOWN STEP	2026-02-22T17:34:16.3214873Z + name=tests-e2e-fixtures-edgecontainer
validate-generated-files	UNKNOWN STEP	2026-02-22T17:34:16.3215268Z + cat
validate-generated-files	UNKNOWN STEP	2026-02-22T17:34:16.3226276Z + [[ tests-e2e-fixtures-edgecontainer == \g\o\l\a\n\g\c\i\-\l\i\n\t ]]
validate-generated-files	UNKNOWN STEP	2026-02-22T17:34:16.3227109Z + [[ tests-e2e-fixtures-edgecontainer == \l\i\c\e\n\s\e\-\l\i\n\t ]]
validate-generated-files	UNKNOWN STEP	2026-02-22T17:34:16.3227993Z + [[ tests-e2e-fixtures-edgecontainer == tests-e2e-* ]]
validate-generated-files	UNKNOWN STEP	2026-02-22T17:34:16.3228610Z + cat
validate-generated-files	UNKNOWN STEP	2026-02-22T17:34:16.3238055Z + cat
validate-generated-files	UNKNOWN STEP	2026-02-22T17:34:16.3249175Z + [[ tests-e2e-fixtures-edgecontainer == \u\n\i\t\-\t\e\s\t\s ]]
validate-generated-files	UNKNOWN STEP	2026-02-22T17:34:16.3249728Z + cat
validate-generated-files	UNKNOWN STEP	2026-02-22T17:34:16.3260164Z + [[ tests-e2e-fixtures-edgecontainer == \t\e\s\t\-\m\o\c\k\g\c\p ]]
validate-generated-files	UNKNOWN STEP	2026-02-22T17:34:16.3260859Z + [[ tests-e2e-fixtures-edgecontainer == \u\n\i\t\-\t\e\s\t\s ]]
validate-generated-files	UNKNOWN STEP	2026-02-22T17:34:16.3261188Z + cat
validate-generated-files	UNKNOWN STEP	2026-02-22T17:34:16.3271246Z + for f in $(find dev/ci/presubmits -type f | sort)
validate-generated-files	UNKNOWN STEP	2026-02-22T17:34:16.3274214Z ++ basename dev/ci/presubmits/tests-e2e-fixtures-edgenetwork
validate-generated-files	UNKNOWN STEP	2026-02-22T17:34:16.3284023Z + name=tests-e2e-fixtures-edgenetwork
validate-generated-files	UNKNOWN STEP	2026-02-22T17:34:16.3284370Z + cat
validate-generated-files	UNKNOWN STEP	2026-02-22T17:34:16.3295987Z + [[ tests-e2e-fixtures-edgenetwork == \g\o\l\a\n\g\c\i\-\l\i\n\t ]]
validate-generated-files	UNKNOWN STEP	2026-02-22T17:34:16.3296733Z + [[ tests-e2e-fixtures-edgenetwork == \l\i\c\e\n\s\e\-\l\i\n\t ]]
validate-generated-files	UNKNOWN STEP	2026-02-22T17:34:16.3297162Z + [[ tests-e2e-fixtures-edgenetwork == tests-e2e-* ]]
validate-generated-files	UNKNOWN STEP	2026-02-22T17:34:16.3297451Z + cat
validate-generated-files	UNKNOWN STEP	2026-02-22T17:34:16.3306618Z + cat
validate-generated-files	UNKNOWN STEP	2026-02-22T17:34:16.3317534Z + [[ tests-e2e-fixtures-edgenetwork == \u\n\i\t\-\t\e\s\t\s ]]
validate-generated-files	UNKNOWN STEP	2026-02-22T17:34:16.3318056Z + cat
validate-generated-files	UNKNOWN STEP	2026-02-22T17:34:16.3328388Z + [[ tests-e2e-fixtures-edgenetwork == \t\e\s\t\-\m\o\c\k\g\c\p ]]
validate-generated-files	UNKNOWN STEP	2026-02-22T17:34:16.3329089Z + [[ tests-e2e-fixtures-edgenetwork == \u\n\i\t\-\t\e\s\t\s ]]
validate-generated-files	UNKNOWN STEP	2026-02-22T17:34:16.3329402Z + cat
validate-generated-files	UNKNOWN STEP	2026-02-22T17:34:16.3339166Z + for f in $(find dev/ci/presubmits -type f | sort)
validate-generated-files	UNKNOWN STEP	2026-02-22T17:34:16.3341651Z ++ basename dev/ci/presubmits/tests-e2e-fixtures-essentialcontacts
validate-generated-files	UNKNOWN STEP	2026-02-22T17:34:16.3351063Z + name=tests-e2e-fixtures-essentialcontacts
validate-generated-files	UNKNOWN STEP	2026-02-22T17:34:16.3351391Z + cat
validate-generated-files	UNKNOWN STEP	2026-02-22T17:34:16.3362328Z + [[ tests-e2e-fixtures-essentialcontacts == \g\o\l\a\n\g\c\i\-\l\i\n\t ]]
validate-generated-files	UNKNOWN STEP	2026-02-22T17:34:16.3363106Z + [[ tests-e2e-fixtures-essentialcontacts == \l\i\c\e\n\s\e\-\l\i\n\t ]]
validate-generated-files	UNKNOWN STEP	2026-02-22T17:34:16.3363898Z + [[ tests-e2e-fixtures-essentialcontacts == tests-e2e-* ]]
validate-generated-files	UNKNOWN STEP	2026-02-22T17:34:16.3364608Z + cat
validate-generated-files	UNKNOWN STEP	2026-02-22T17:34:16.3373524Z + cat
validate-generated-files	UNKNOWN STEP	2026-02-22T17:34:16.3385661Z + [[ tests-e2e-fixtures-essentialcontacts == \u\n\i\t\-\t\e\s\t\s ]]
validate-generated-files	UNKNOWN STEP	2026-02-22T17:34:16.3386034Z + cat
validate-generated-files	UNKNOWN STEP	2026-02-22T17:34:16.3396743Z + [[ tests-e2e-fixtures-essentialcontacts == \t\e\s\t\-\m\o\c\k\g\c\p ]]
validate-generated-files	UNKNOWN STEP	2026-02-22T17:34:16.3397396Z + [[ tests-e2e-fixtures-essentialcontacts == \u\n\i\t\-\t\e\s\t\s ]]
validate-generated-files	UNKNOWN STEP	2026-02-22T17:34:16.3397977Z + cat
validate-generated-files	UNKNOWN STEP	2026-02-22T17:34:16.3408379Z + for f in $(find dev/ci/presubmits -type f | sort)
validate-generated-files	UNKNOWN STEP	2026-02-22T17:34:16.3410784Z ++ basename dev/ci/presubmits/tests-e2e-fixtures-eventarc
validate-generated-files	UNKNOWN STEP	2026-02-22T17:34:16.3420376Z + name=tests-e2e-fixtures-eventarc
validate-generated-files	UNKNOWN STEP	2026-02-22T17:34:16.3420697Z + cat
validate-generated-files	UNKNOWN STEP	2026-02-22T17:34:16.3431639Z + [[ tests-e2e-fixtures-eventarc == \g\o\l\a\n\g\c\i\-\l\i\n\t ]]
validate-generated-files	UNKNOWN STEP	2026-02-22T17:34:16.3432161Z + [[ tests-e2e-fixtures-eventarc == \l\i\c\e\n\s\e\-\l\i\n\t ]]
validate-generated-files	UNKNOWN STEP	2026-02-22T17:34:16.3432814Z + [[ tests-e2e-fixtures-eventarc == tests-e2e-* ]]
validate-generated-files	UNKNOWN STEP	2026-02-22T17:34:16.3433296Z + cat
validate-generated-files	UNKNOWN STEP	2026-02-22T17:34:16.3443150Z + cat
validate-generated-files	UNKNOWN STEP	2026-02-22T17:34:16.3453933Z + [[ tests-e2e-fixtures-eventarc == \u\n\i\t\-\t\e\s\t\s ]]
validate-generated-files	UNKNOWN STEP	2026-02-22T17:34:16.3454580Z + cat
validate-generated-files	UNKNOWN STEP	2026-02-22T17:34:16.3465392Z + [[ tests-e2e-fixtures-eventarc == \t\e\s\t\-\m\o\c\k\g\c\p ]]
validate-generated-files	UNKNOWN STEP	2026-02-22T17:34:16.3466090Z + [[ tests-e2e-fixtures-eventarc == \u\n\i\t\-\t\e\s\t\s ]]
validate-generated-files	UNKNOWN STEP	2026-02-22T17:34:16.3466411Z + cat
validate-generated-files	UNKNOWN STEP	2026-02-22T17:34:16.3476271Z + for f in $(find dev/ci/presubmits -type f | sort)
validate-generated-files	UNKNOWN STEP	2026-02-22T17:34:16.3478698Z ++ basename dev/ci/presubmits/tests-e2e-fixtures-filestore
validate-generated-files	UNKNOWN STEP	2026-02-22T17:34:16.3488337Z + name=tests-e2e-fixtures-filestore
validate-generated-files	UNKNOWN STEP	2026-02-22T17:34:16.3488683Z + cat
validate-generated-files	UNKNOWN STEP	2026-02-22T17:34:16.3499564Z + [[ tests-e2e-fixtures-filestore == \g\o\l\a\n\g\c\i\-\l\i\n\t ]]
validate-generated-files	UNKNOWN STEP	2026-02-22T17:34:16.3500181Z + [[ tests-e2e-fixtures-filestore == \l\i\c\e\n\s\e\-\l\i\n\t ]]
validate-generated-files	UNKNOWN STEP	2026-02-22T17:34:16.3500870Z + [[ tests-e2e-fixtures-filestore == tests-e2e-* ]]
validate-generated-files	UNKNOWN STEP	2026-02-22T17:34:16.3501382Z + cat
validate-generated-files	UNKNOWN STEP	2026-02-22T17:34:16.3511358Z + cat
validate-generated-files	UNKNOWN STEP	2026-02-22T17:34:16.3522399Z + [[ tests-e2e-fixtures-filestore == \u\n\i\t\-\t\e\s\t\s ]]
validate-generated-files	UNKNOWN STEP	2026-02-22T17:34:16.3522799Z + cat
validate-generated-files	UNKNOWN STEP	2026-02-22T17:34:16.3534072Z + [[ tests-e2e-fixtures-filestore == \t\e\s\t\-\m\o\c\k\g\c\p ]]
validate-generated-files	UNKNOWN STEP	2026-02-22T17:34:16.3534761Z + [[ tests-e2e-fixtures-filestore == \u\n\i\t\-\t\e\s\t\s ]]
validate-generated-files	UNKNOWN STEP	2026-02-22T17:34:16.3535275Z + cat
validate-generated-files	UNKNOWN STEP	2026-02-22T17:34:16.3545393Z + for f in $(find dev/ci/presubmits -type f | sort)
validate-generated-files	UNKNOWN STEP	2026-02-22T17:34:16.3548192Z ++ basename dev/ci/presubmits/tests-e2e-fixtures-firebase
validate-generated-files	UNKNOWN STEP	2026-02-22T17:34:16.3557920Z + name=tests-e2e-fixtures-firebase
validate-generated-files	UNKNOWN STEP	2026-02-22T17:34:16.3558194Z + cat
validate-generated-files	UNKNOWN STEP	2026-02-22T17:34:16.3569092Z + [[ tests-e2e-fixtures-firebase == \g\o\l\a\n\g\c\i\-\l\i\n\t ]]
validate-generated-files	UNKNOWN STEP	2026-02-22T17:34:16.3569792Z + [[ tests-e2e-fixtures-firebase == \l\i\c\e\n\s\e\-\l\i\n\t ]]
validate-generated-files	UNKNOWN STEP	2026-02-22T17:34:16.3570459Z + [[ tests-e2e-fixtures-firebase == tests-e2e-* ]]
validate-generated-files	UNKNOWN STEP	2026-02-22T17:34:16.3570943Z + cat
validate-generated-files	UNKNOWN STEP	2026-02-22T17:34:16.3580916Z + cat
validate-generated-files	UNKNOWN STEP	2026-02-22T17:34:16.3591795Z + [[ tests-e2e-fixtures-firebase == \u\n\i\t\-\t\e\s\t\s ]]
validate-generated-files	UNKNOWN STEP	2026-02-22T17:34:16.3592308Z + cat
validate-generated-files	UNKNOWN STEP	2026-02-22T17:34:16.3602621Z + [[ tests-e2e-fixtures-firebase == \t\e\s\t\-\m\o\c\k\g\c\p ]]
validate-generated-files	UNKNOWN STEP	2026-02-22T17:34:16.3603284Z + [[ tests-e2e-fixtures-firebase == \u\n\i\t\-\t\e\s\t\s ]]
validate-generated-files	UNKNOWN STEP	2026-02-22T17:34:16.3603596Z + cat
validate-generated-files	UNKNOWN STEP	2026-02-22T17:34:16.3614649Z + for f in $(find dev/ci/presubmits -type f | sort)
validate-generated-files	UNKNOWN STEP	2026-02-22T17:34:16.3617085Z ++ basename dev/ci/presubmits/tests-e2e-fixtures-firebasedatabase
validate-generated-files	UNKNOWN STEP	2026-02-22T17:34:16.3626633Z + name=tests-e2e-fixtures-firebasedatabase
validate-generated-files	UNKNOWN STEP	2026-02-22T17:34:16.3626935Z + cat
validate-generated-files	UNKNOWN STEP	2026-02-22T17:34:16.3637972Z + [[ tests-e2e-fixtures-firebasedatabase == \g\o\l\a\n\g\c\i\-\l\i\n\t ]]
validate-generated-files	UNKNOWN STEP	2026-02-22T17:34:16.3638710Z + [[ tests-e2e-fixtures-firebasedatabase == \l\i\c\e\n\s\e\-\l\i\n\t ]]
validate-generated-files	UNKNOWN STEP	2026-02-22T17:34:16.3639493Z + [[ tests-e2e-fixtures-firebasedatabase == tests-e2e-* ]]
validate-generated-files	UNKNOWN STEP	2026-02-22T17:34:16.3640022Z + cat
validate-generated-files	UNKNOWN STEP	2026-02-22T17:34:16.3649352Z + cat
validate-generated-files	UNKNOWN STEP	2026-02-22T17:34:16.3660329Z + [[ tests-e2e-fixtures-firebasedatabase == \u\n\i\t\-\t\e\s\t\s ]]
validate-generated-files	UNKNOWN STEP	2026-02-22T17:34:16.3660935Z + cat
validate-generated-files	UNKNOWN STEP	2026-02-22T17:34:16.3671696Z + [[ tests-e2e-fixtures-firebasedatabase == \t\e\s\t\-\m\o\c\k\g\c\p ]]
validate-generated-files	UNKNOWN STEP	2026-02-22T17:34:16.3672556Z + [[ tests-e2e-fixtures-firebasedatabase == \u\n\i\t\-\t\e\s\t\s ]]
validate-generated-files	UNKNOWN STEP	2026-02-22T17:34:16.3672907Z + cat
validate-generated-files	UNKNOWN STEP	2026-02-22T17:34:16.3683238Z + for f in $(find dev/ci/presubmits -type f | sort)
validate-generated-files	UNKNOWN STEP	2026-02-22T17:34:16.3685821Z ++ basename dev/ci/presubmits/tests-e2e-fixtures-firebasehosting
validate-generated-files	UNKNOWN STEP	2026-02-22T17:34:16.3695739Z + name=tests-e2e-fixtures-firebasehosting
validate-generated-files	UNKNOWN STEP	2026-02-22T17:34:16.3696227Z + cat
validate-generated-files	UNKNOWN STEP	2026-02-22T17:34:16.3707024Z + [[ tests-e2e-fixtures-firebasehosting == \g\o\l\a\n\g\c\i\-\l\i\n\t ]]
validate-generated-files	UNKNOWN STEP	2026-02-22T17:34:16.3708078Z + [[ tests-e2e-fixtures-firebasehosting == \l\i\c\e\n\s\e\-\l\i\n\t ]]
validate-generated-files	UNKNOWN STEP	2026-02-22T17:34:16.3708548Z + [[ tests-e2e-fixtures-firebasehosting == tests-e2e-* ]]
validate-generated-files	UNKNOWN STEP	2026-02-22T17:34:16.3708865Z + cat
validate-generated-files	UNKNOWN STEP	2026-02-22T17:34:16.3717939Z + cat
validate-generated-files	UNKNOWN STEP	2026-02-22T17:34:16.3728984Z + [[ tests-e2e-fixtures-firebasehosting == \u\n\i\t\-\t\e\s\t\s ]]
validate-generated-files	UNKNOWN STEP	2026-02-22T17:34:16.3729625Z + cat
validate-generated-files	UNKNOWN STEP	2026-02-22T17:34:16.3740429Z + [[ tests-e2e-fixtures-firebasehosting == \t\e\s\t\-\m\o\c\k\g\c\p ]]
validate-generated-files	UNKNOWN STEP	2026-02-22T17:34:16.3741223Z + [[ tests-e2e-fixtures-firebasehosting == \u\n\i\t\-\t\e\s\t\s ]]
validate-generated-files	UNKNOWN STEP	2026-02-22T17:34:16.3741855Z + cat
validate-generated-files	UNKNOWN STEP	2026-02-22T17:34:16.3751834Z + for f in $(find dev/ci/presubmits -type f | sort)
validate-generated-files	UNKNOWN STEP	2026-02-22T17:34:16.3754913Z ++ basename dev/ci/presubmits/tests-e2e-fixtures-firebasestorage
validate-generated-files	UNKNOWN STEP	2026-02-22T17:34:16.3764207Z + name=tests-e2e-fixtures-firebasestorage
validate-generated-files	UNKNOWN STEP	2026-02-22T17:34:16.3764758Z + cat
validate-generated-files	UNKNOWN STEP	2026-02-22T17:34:16.3775549Z + [[ tests-e2e-fixtures-firebasestorage == \g\o\l\a\n\g\c\i\-\l\i\n\t ]]
validate-generated-files	UNKNOWN STEP	2026-02-22T17:34:16.3776153Z + [[ tests-e2e-fixtures-firebasestorage == \l\i\c\e\n\s\e\-\l\i\n\t ]]
validate-generated-files	UNKNOWN STEP	2026-02-22T17:34:16.3776931Z + [[ tests-e2e-fixtures-firebasestorage == tests-e2e-* ]]
validate-generated-files	UNKNOWN STEP	2026-02-22T17:34:16.3777472Z + cat
validate-generated-files	UNKNOWN STEP	2026-02-22T17:34:16.3787000Z + cat
validate-generated-files	UNKNOWN STEP	2026-02-22T17:34:16.3797940Z + [[ tests-e2e-fixtures-firebasestorage == \u\n\i\t\-\t\e\s\t\s ]]
validate-generated-files	UNKNOWN STEP	2026-02-22T17:34:16.3798398Z + cat
validate-generated-files	UNKNOWN STEP	2026-02-22T17:34:16.3808924Z + [[ tests-e2e-fixtures-firebasestorage == \t\e\s\t\-\m\o\c\k\g\c\p ]]
validate-generated-files	UNKNOWN STEP	2026-02-22T17:34:16.3809576Z + [[ tests-e2e-fixtures-firebasestorage == \u\n\i\t\-\t\e\s\t\s ]]
validate-generated-files	UNKNOWN STEP	2026-02-22T17:34:16.3810137Z + cat
validate-generated-files	UNKNOWN STEP	2026-02-22T17:34:16.3820451Z + for f in $(find dev/ci/presubmits -type f | sort)
validate-generated-files	UNKNOWN STEP	2026-02-22T17:34:16.3823228Z ++ basename dev/ci/presubmits/tests-e2e-fixtures-firestore
validate-generated-files	UNKNOWN STEP	2026-02-22T17:34:16.3832842Z + name=tests-e2e-fixtures-firestore
validate-generated-files	UNKNOWN STEP	2026-02-22T17:34:16.3833104Z + cat
validate-generated-files	UNKNOWN STEP	2026-02-22T17:34:16.3843964Z + [[ tests-e2e-fixtures-firestore == \g\o\l\a\n\g\c\i\-\l\i\n\t ]]
validate-generated-files	UNKNOWN STEP	2026-02-22T17:34:16.3844786Z + [[ tests-e2e-fixtures-firestore == \l\i\c\e\n\s\e\-\l\i\n\t ]]
validate-generated-files	UNKNOWN STEP	2026-02-22T17:34:16.3845681Z + [[ tests-e2e-fixtures-firestore == tests-e2e-* ]]
validate-generated-files	UNKNOWN STEP	2026-02-22T17:34:16.3846201Z + cat
validate-generated-files	UNKNOWN STEP	2026-02-22T17:34:16.3855843Z + cat
validate-generated-files	UNKNOWN STEP	2026-02-22T17:34:16.3866661Z + [[ tests-e2e-fixtures-firestore == \u\n\i\t\-\t\e\s\t\s ]]
validate-generated-files	UNKNOWN STEP	2026-02-22T17:34:16.3867219Z + cat
validate-generated-files	UNKNOWN STEP	2026-02-22T17:34:16.3877567Z + [[ tests-e2e-fixtures-firestore == \t\e\s\t\-\m\o\c\k\g\c\p ]]
validate-generated-files	UNKNOWN STEP	2026-02-22T17:34:16.3878315Z + [[ tests-e2e-fixtures-firestore == \u\n\i\t\-\t\e\s\t\s ]]
validate-generated-files	UNKNOWN STEP	2026-02-22T17:34:16.3878844Z + cat
validate-generated-files	UNKNOWN STEP	2026-02-22T17:34:16.3889108Z + for f in $(find dev/ci/presubmits -type f | sort)
validate-generated-files	UNKNOWN STEP	2026-02-22T17:34:16.3891938Z ++ basename dev/ci/presubmits/tests-e2e-fixtures-gkebackup
validate-generated-files	UNKNOWN STEP	2026-02-22T17:34:16.3901651Z + name=tests-e2e-fixtures-gkebackup
validate-generated-files	UNKNOWN STEP	2026-02-22T17:34:16.3902110Z + cat
validate-generated-files	UNKNOWN STEP	2026-02-22T17:34:16.3912958Z + [[ tests-e2e-fixtures-gkebackup == \g\o\l\a\n\g\c\i\-\l\i\n\t ]]
validate-generated-files	UNKNOWN STEP	2026-02-22T17:34:16.3913500Z + [[ tests-e2e-fixtures-gkebackup == \l\i\c\e\n\s\e\-\l\i\n\t ]]
validate-generated-files	UNKNOWN STEP	2026-02-22T17:34:16.3914172Z + [[ tests-e2e-fixtures-gkebackup == tests-e2e-* ]]
validate-generated-files	UNKNOWN STEP	2026-02-22T17:34:16.3914861Z + cat
validate-generated-files	UNKNOWN STEP	2026-02-22T17:34:16.3924226Z + cat
validate-generated-files	UNKNOWN STEP	2026-02-22T17:34:16.3935884Z + [[ tests-e2e-fixtures-gkebackup == \u\n\i\t\-\t\e\s\t\s ]]
validate-generated-files	UNKNOWN STEP	2026-02-22T17:34:16.3936284Z + cat
validate-generated-files	UNKNOWN STEP	2026-02-22T17:34:16.3946779Z + [[ tests-e2e-fixtures-gkebackup == \t\e\s\t\-\m\o\c\k\g\c\p ]]
validate-generated-files	UNKNOWN STEP	2026-02-22T17:34:16.3947383Z + [[ tests-e2e-fixtures-gkebackup == \u\n\i\t\-\t\e\s\t\s ]]
validate-generated-files	UNKNOWN STEP	2026-02-22T17:34:16.3947925Z + cat
validate-generated-files	UNKNOWN STEP	2026-02-22T17:34:16.3958068Z + for f in $(find dev/ci/presubmits -type f | sort)
validate-generated-files	UNKNOWN STEP	2026-02-22T17:34:16.3960772Z ++ basename dev/ci/presubmits/tests-e2e-fixtures-gkehub
validate-generated-files	UNKNOWN STEP	2026-02-22T17:34:16.3970583Z + name=tests-e2e-fixtures-gkehub
validate-generated-files	UNKNOWN STEP	2026-02-22T17:34:16.3970877Z + cat
validate-generated-files	UNKNOWN STEP	2026-02-22T17:34:16.3981868Z + [[ tests-e2e-fixtures-gkehub == \g\o\l\a\n\g\c\i\-\l\i\n\t ]]
validate-generated-files	UNKNOWN STEP	2026-02-22T17:34:16.3982416Z + [[ tests-e2e-fixtures-gkehub == \l\i\c\e\n\s\e\-\l\i\n\t ]]
validate-generated-files	UNKNOWN STEP	2026-02-22T17:34:16.3983035Z + [[ tests-e2e-fixtures-gkehub == tests-e2e-* ]]
validate-generated-files	UNKNOWN STEP	2026-02-22T17:34:16.3983508Z + cat
validate-generated-files	UNKNOWN STEP	2026-02-22T17:34:16.3993179Z + cat
validate-generated-files	UNKNOWN STEP	2026-02-22T17:34:16.4004176Z + [[ tests-e2e-fixtures-gkehub == \u\n\i\t\-\t\e\s\t\s ]]
validate-generated-files	UNKNOWN STEP	2026-02-22T17:34:16.4004854Z + cat
validate-generated-files	UNKNOWN STEP	2026-02-22T17:34:16.4014993Z + [[ tests-e2e-fixtures-gkehub == \t\e\s\t\-\m\o\c\k\g\c\p ]]
validate-generated-files	UNKNOWN STEP	2026-02-22T17:34:16.4015682Z + [[ tests-e2e-fixtures-gkehub == \u\n\i\t\-\t\e\s\t\s ]]
validate-generated-files	UNKNOWN STEP	2026-02-22T17:34:16.4016090Z + cat
validate-generated-files	UNKNOWN STEP	2026-02-22T17:34:16.4025650Z + for f in $(find dev/ci/presubmits -type f | sort)
validate-generated-files	UNKNOWN STEP	2026-02-22T17:34:16.4028293Z ++ basename dev/ci/presubmits/tests-e2e-fixtures-healthcare
validate-generated-files	UNKNOWN STEP	2026-02-22T17:34:16.4037616Z + name=tests-e2e-fixtures-healthcare
validate-generated-files	UNKNOWN STEP	2026-02-22T17:34:16.4038063Z + cat
validate-generated-files	UNKNOWN STEP	2026-02-22T17:34:16.4048966Z + [[ tests-e2e-fixtures-healthcare == \g\o\l\a\n\g\c\i\-\l\i\n\t ]]
validate-generated-files	UNKNOWN STEP	2026-02-22T17:34:16.4049743Z + [[ tests-e2e-fixtures-healthcare == \l\i\c\e\n\s\e\-\l\i\n\t ]]
validate-generated-files	UNKNOWN STEP	2026-02-22T17:34:16.4050402Z + [[ tests-e2e-fixtures-healthcare == tests-e2e-* ]]
validate-generated-files	UNKNOWN STEP	2026-02-22T17:34:16.4050801Z + cat
validate-generated-files	UNKNOWN STEP	2026-02-22T17:34:16.4059704Z + cat
validate-generated-files	UNKNOWN STEP	2026-02-22T17:34:16.4070661Z + [[ tests-e2e-fixtures-healthcare == \u\n\i\t\-\t\e\s\t\s ]]
validate-generated-files	UNKNOWN STEP	2026-02-22T17:34:16.4071405Z + cat
validate-generated-files	UNKNOWN STEP	2026-02-22T17:34:16.4082616Z + [[ tests-e2e-fixtures-healthcare == \t\e\s\t\-\m\o\c\k\g\c\p ]]
validate-generated-files	UNKNOWN STEP	2026-02-22T17:34:16.4083350Z + [[ tests-e2e-fixtures-healthcare == \u\n\i\t\-\t\e\s\t\s ]]
validate-generated-files	UNKNOWN STEP	2026-02-22T17:34:16.4083856Z + cat
validate-generated-files	UNKNOWN STEP	2026-02-22T17:34:16.4093394Z + for f in $(find dev/ci/presubmits -type f | sort)
validate-generated-files	UNKNOWN STEP	2026-02-22T17:34:16.4095999Z ++ basename dev/ci/presubmits/tests-e2e-fixtures-iam
validate-generated-files	UNKNOWN STEP	2026-02-22T17:34:16.4109030Z + name=tests-e2e-fixtures-iam
validate-generated-files	UNKNOWN STEP	2026-02-22T17:34:16.4110450Z + cat
validate-generated-files	UNKNOWN STEP	2026-02-22T17:34:16.4123828Z + [[ tests-e2e-fixtures-iam == \g\o\l\a\n\g\c\i\-\l\i\n\t ]]
validate-generated-files	UNKNOWN STEP	2026-02-22T17:34:16.4124726Z + [[ tests-e2e-fixtures-iam == \l\i\c\e\n\s\e\-\l\i\n\t ]]
validate-generated-files	UNKNOWN STEP	2026-02-22T17:34:16.4125378Z + [[ tests-e2e-fixtures-iam == tests-e2e-* ]]
validate-generated-files	UNKNOWN STEP	2026-02-22T17:34:16.4125853Z + cat
validate-generated-files	UNKNOWN STEP	2026-02-22T17:34:16.4135744Z + cat
validate-generated-files	UNKNOWN STEP	2026-02-22T17:34:16.4147198Z + [[ tests-e2e-fixtures-iam == \u\n\i\t\-\t\e\s\t\s ]]
validate-generated-files	UNKNOWN STEP	2026-02-22T17:34:16.4147693Z + cat
validate-generated-files	UNKNOWN STEP	2026-02-22T17:34:16.4159127Z + [[ tests-e2e-fixtures-iam == \t\e\s\t\-\m\o\c\k\g\c\p ]]
validate-generated-files	UNKNOWN STEP	2026-02-22T17:34:16.4159993Z + [[ tests-e2e-fixtures-iam == \u\n\i\t\-\t\e\s\t\s ]]
validate-generated-files	UNKNOWN STEP	2026-02-22T17:34:16.4160501Z + cat
validate-generated-files	UNKNOWN STEP	2026-02-22T17:34:16.4170846Z + for f in $(find dev/ci/presubmits -type f | sort)
validate-generated-files	UNKNOWN STEP	2026-02-22T17:34:16.4174363Z ++ basename dev/ci/presubmits/tests-e2e-fixtures-iap
validate-generated-files	UNKNOWN STEP	2026-02-22T17:34:16.4184591Z + name=tests-e2e-fixtures-iap
validate-generated-files	UNKNOWN STEP	2026-02-22T17:34:16.4185011Z + cat
validate-generated-files	UNKNOWN STEP	2026-02-22T17:34:16.4196204Z + [[ tests-e2e-fixtures-iap == \g\o\l\a\n\g\c\i\-\l\i\n\t ]]
validate-generated-files	UNKNOWN STEP	2026-02-22T17:34:16.4196866Z + [[ tests-e2e-fixtures-iap == \l\i\c\e\n\s\e\-\l\i\n\t ]]
validate-generated-files	UNKNOWN STEP	2026-02-22T17:34:16.4197464Z + [[ tests-e2e-fixtures-iap == tests-e2e-* ]]
validate-generated-files	UNKNOWN STEP	2026-02-22T17:34:16.4197902Z + cat
validate-generated-files	UNKNOWN STEP	2026-02-22T17:34:16.4207712Z + cat
validate-generated-files	UNKNOWN STEP	2026-02-22T17:34:16.4219543Z + [[ tests-e2e-fixtures-iap == \u\n\i\t\-\t\e\s\t\s ]]
validate-generated-files	UNKNOWN STEP	2026-02-22T17:34:16.4220032Z + cat
validate-generated-files	UNKNOWN STEP	2026-02-22T17:34:16.4230989Z + [[ tests-e2e-fixtures-iap == \t\e\s\t\-\m\o\c\k\g\c\p ]]
validate-generated-files	UNKNOWN STEP	2026-02-22T17:34:16.4231621Z + [[ tests-e2e-fixtures-iap == \u\n\i\t\-\t\e\s\t\s ]]
validate-generated-files	UNKNOWN STEP	2026-02-22T17:34:16.4232126Z + cat
validate-generated-files	UNKNOWN STEP	2026-02-22T17:34:16.4242719Z + for f in $(find dev/ci/presubmits -type f | sort)
validate-generated-files	UNKNOWN STEP	2026-02-22T17:34:16.4246446Z ++ basename dev/ci/presubmits/tests-e2e-fixtures-identityplatform
validate-generated-files	UNKNOWN STEP	2026-02-22T17:34:16.4259510Z + name=tests-e2e-fixtures-identityplatform
validate-generated-files	UNKNOWN STEP	2026-02-22T17:34:16.4260034Z + cat
validate-generated-files	UNKNOWN STEP	2026-02-22T17:34:16.4271494Z + [[ tests-e2e-fixtures-identityplatform == \g\o\l\a\n\g\c\i\-\l\i\n\t ]]
validate-generated-files	UNKNOWN STEP	2026-02-22T17:34:16.4272404Z + [[ tests-e2e-fixtures-identityplatform == \l\i\c\e\n\s\e\-\l\i\n\t ]]
validate-generated-files	UNKNOWN STEP	2026-02-22T17:34:16.4273215Z + [[ tests-e2e-fixtures-identityplatform == tests-e2e-* ]]
validate-generated-files	UNKNOWN STEP	2026-02-22T17:34:16.4273765Z + cat
validate-generated-files	UNKNOWN STEP	2026-02-22T17:34:16.4283070Z + cat
validate-generated-files	UNKNOWN STEP	2026-02-22T17:34:16.4294884Z + [[ tests-e2e-fixtures-identityplatform == \u\n\i\t\-\t\e\s\t\s ]]
validate-generated-files	UNKNOWN STEP	2026-02-22T17:34:16.4295560Z + cat
validate-generated-files	UNKNOWN STEP	2026-02-22T17:34:16.4307119Z + [[ tests-e2e-fixtures-identityplatform == \t\e\s\t\-\m\o\c\k\g\c\p ]]
validate-generated-files	UNKNOWN STEP	2026-02-22T17:34:16.4307859Z + [[ tests-e2e-fixtures-identityplatform == \u\n\i\t\-\t\e\s\t\s ]]
validate-generated-files	UNKNOWN STEP	2026-02-22T17:34:16.4308790Z + cat
validate-generated-files	UNKNOWN STEP	2026-02-22T17:34:16.4318850Z + for f in $(find dev/ci/presubmits -type f | sort)
validate-generated-files	UNKNOWN STEP	2026-02-22T17:34:16.4321527Z ++ basename dev/ci/presubmits/tests-e2e-fixtures-kms
validate-generated-files	UNKNOWN STEP	2026-02-22T17:34:16.4331345Z + name=tests-e2e-fixtures-kms
validate-generated-files	UNKNOWN STEP	2026-02-22T17:34:16.4331872Z + cat
validate-generated-files	UNKNOWN STEP	2026-02-22T17:34:16.4343114Z + [[ tests-e2e-fixtures-kms == \g\o\l\a\n\g\c\i\-\l\i\n\t ]]
validate-generated-files	UNKNOWN STEP	2026-02-22T17:34:16.4353877Z + [[ tests-e2e-fixtures-kms == \l\i\c\e\n\s\e\-\l\i\n\t ]]
validate-generated-files	UNKNOWN STEP	2026-02-22T17:34:16.4354723Z + [[ tests-e2e-fixtures-kms == tests-e2e-* ]]
validate-generated-files	UNKNOWN STEP	2026-02-22T17:34:16.4355210Z + cat
validate-generated-files	UNKNOWN STEP	2026-02-22T17:34:16.4355513Z + cat
validate-generated-files	UNKNOWN STEP	2026-02-22T17:34:16.4365562Z + [[ tests-e2e-fixtures-kms == \u\n\i\t\-\t\e\s\t\s ]]
validate-generated-files	UNKNOWN STEP	2026-02-22T17:34:16.4366091Z + cat
validate-generated-files	UNKNOWN STEP	2026-02-22T17:34:16.4376672Z + [[ tests-e2e-fixtures-kms == \t\e\s\t\-\m\o\c\k\g\c\p ]]
validate-generated-files	UNKNOWN STEP	2026-02-22T17:34:16.4377363Z + [[ tests-e2e-fixtures-kms == \u\n\i\t\-\t\e\s\t\s ]]
validate-generated-files	UNKNOWN STEP	2026-02-22T17:34:16.4377896Z + cat
validate-generated-files	UNKNOWN STEP	2026-02-22T17:34:16.4388449Z + for f in $(find dev/ci/presubmits -type f | sort)
validate-generated-files	UNKNOWN STEP	2026-02-22T17:34:16.4391280Z ++ basename dev/ci/presubmits/tests-e2e-fixtures-logging
validate-generated-files	UNKNOWN STEP	2026-02-22T17:34:16.4401033Z + name=tests-e2e-fixtures-logging
validate-generated-files	UNKNOWN STEP	2026-02-22T17:34:16.4401504Z + cat
validate-generated-files	UNKNOWN STEP	2026-02-22T17:34:16.4412430Z + [[ tests-e2e-fixtures-logging == \g\o\l\a\n\g\c\i\-\l\i\n\t ]]
validate-generated-files	UNKNOWN STEP	2026-02-22T17:34:16.4413248Z + [[ tests-e2e-fixtures-logging == \l\i\c\e\n\s\e\-\l\i\n\t ]]
validate-generated-files	UNKNOWN STEP	2026-02-22T17:34:16.4413910Z + [[ tests-e2e-fixtures-logging == tests-e2e-* ]]
validate-generated-files	UNKNOWN STEP	2026-02-22T17:34:16.4414362Z + cat
validate-generated-files	UNKNOWN STEP	2026-02-22T17:34:16.4423603Z + cat
validate-generated-files	UNKNOWN STEP	2026-02-22T17:34:16.4435304Z + [[ tests-e2e-fixtures-logging == \u\n\i\t\-\t\e\s\t\s ]]
validate-generated-files	UNKNOWN STEP	2026-02-22T17:34:16.4435880Z + cat
validate-generated-files	UNKNOWN STEP	2026-02-22T17:34:16.4447684Z + [[ tests-e2e-fixtures-logging == \t\e\s\t\-\m\o\c\k\g\c\p ]]
validate-generated-files	UNKNOWN STEP	2026-02-22T17:34:16.4448433Z + [[ tests-e2e-fixtures-logging == \u\n\i\t\-\t\e\s\t\s ]]
validate-generated-files	UNKNOWN STEP	2026-02-22T17:34:16.4448961Z + cat
validate-generated-files	UNKNOWN STEP	2026-02-22T17:34:16.4458521Z + for f in $(find dev/ci/presubmits -type f | sort)
validate-generated-files	UNKNOWN STEP	2026-02-22T17:34:16.4460911Z ++ basename dev/ci/presubmits/tests-e2e-fixtures-managedkafka
validate-generated-files	UNKNOWN STEP	2026-02-22T17:34:16.4470665Z + name=tests-e2e-fixtures-managedkafka
validate-generated-files	UNKNOWN STEP	2026-02-22T17:34:16.4471404Z + cat
validate-generated-files	UNKNOWN STEP	2026-02-22T17:34:16.4481020Z + [[ tests-e2e-fixtures-managedkafka == \g\o\l\a\n\g\c\i\-\l\i\n\t ]]
validate-generated-files	UNKNOWN STEP	2026-02-22T17:34:16.4481702Z + [[ tests-e2e-fixtures-managedkafka == \l\i\c\e\n\s\e\-\l\i\n\t ]]
validate-generated-files	UNKNOWN STEP	2026-02-22T17:34:16.4482308Z + [[ tests-e2e-fixtures-managedkafka == tests-e2e-* ]]
validate-generated-files	UNKNOWN STEP	2026-02-22T17:34:16.4482737Z + cat
validate-generated-files	UNKNOWN STEP	2026-02-22T17:34:16.4492747Z + cat
validate-generated-files	UNKNOWN STEP	2026-02-22T17:34:16.4503888Z + [[ tests-e2e-fixtures-managedkafka == \u\n\i\t\-\t\e\s\t\s ]]
validate-generated-files	UNKNOWN STEP	2026-02-22T17:34:16.4504375Z + cat
validate-generated-files	UNKNOWN STEP	2026-02-22T17:34:16.4515305Z + [[ tests-e2e-fixtures-managedkafka == \t\e\s\t\-\m\o\c\k\g\c\p ]]
validate-generated-files	UNKNOWN STEP	2026-02-22T17:34:16.4516088Z + [[ tests-e2e-fixtures-managedkafka == \u\n\i\t\-\t\e\s\t\s ]]
validate-generated-files	UNKNOWN STEP	2026-02-22T17:34:16.4516656Z + cat
validate-generated-files	UNKNOWN STEP	2026-02-22T17:34:16.4526806Z + for f in $(find dev/ci/presubmits -type f | sort)
validate-generated-files	UNKNOWN STEP	2026-02-22T17:34:16.4529610Z ++ basename dev/ci/presubmits/tests-e2e-fixtures-memcache
validate-generated-files	UNKNOWN STEP	2026-02-22T17:34:16.4539168Z + name=tests-e2e-fixtures-memcache
validate-generated-files	UNKNOWN STEP	2026-02-22T17:34:16.4539614Z + cat
validate-generated-files	UNKNOWN STEP	2026-02-22T17:34:16.4550667Z + [[ tests-e2e-fixtures-memcache == \g\o\l\a\n\g\c\i\-\l\i\n\t ]]
validate-generated-files	UNKNOWN STEP	2026-02-22T17:34:16.4551442Z + [[ tests-e2e-fixtures-memcache == \l\i\c\e\n\s\e\-\l\i\n\t ]]
validate-generated-files	UNKNOWN STEP	2026-02-22T17:34:16.4552117Z + [[ tests-e2e-fixtures-memcache == tests-e2e-* ]]
validate-generated-files	UNKNOWN STEP	2026-02-22T17:34:16.4552621Z + cat
validate-generated-files	UNKNOWN STEP	2026-02-22T17:34:16.4562014Z + cat
validate-generated-files	UNKNOWN STEP	2026-02-22T17:34:16.4573015Z + [[ tests-e2e-fixtures-memcache == \u\n\i\t\-\t\e\s\t\s ]]
validate-generated-files	UNKNOWN STEP	2026-02-22T17:34:16.4573432Z + cat
validate-generated-files	UNKNOWN STEP	2026-02-22T17:34:16.4583886Z + [[ tests-e2e-fixtures-memcache == \t\e\s\t\-\m\o\c\k\g\c\p ]]
validate-generated-files	UNKNOWN STEP	2026-02-22T17:34:16.4584573Z + [[ tests-e2e-fixtures-memcache == \u\n\i\t\-\t\e\s\t\s ]]
validate-generated-files	UNKNOWN STEP	2026-02-22T17:34:16.4585089Z + cat
validate-generated-files	UNKNOWN STEP	2026-02-22T17:34:16.4595078Z + for f in $(find dev/ci/presubmits -type f | sort)
validate-generated-files	UNKNOWN STEP	2026-02-22T17:34:16.4597692Z ++ basename dev/ci/presubmits/tests-e2e-fixtures-memorystore
validate-generated-files	UNKNOWN STEP	2026-02-22T17:34:16.4607134Z + name=tests-e2e-fixtures-memorystore
validate-generated-files	UNKNOWN STEP	2026-02-22T17:34:16.4607425Z + cat
validate-generated-files	UNKNOWN STEP	2026-02-22T17:34:16.4618334Z + [[ tests-e2e-fixtures-memorystore == \g\o\l\a\n\g\c\i\-\l\i\n\t ]]
validate-generated-files	UNKNOWN STEP	2026-02-22T17:34:16.4619002Z + [[ tests-e2e-fixtures-memorystore == \l\i\c\e\n\s\e\-\l\i\n\t ]]
validate-generated-files	UNKNOWN STEP	2026-02-22T17:34:16.4619684Z + [[ tests-e2e-fixtures-memorystore == tests-e2e-* ]]
validate-generated-files	UNKNOWN STEP	2026-02-22T17:34:16.4620199Z + cat
validate-generated-files	UNKNOWN STEP	2026-02-22T17:34:16.4630065Z + cat
validate-generated-files	UNKNOWN STEP	2026-02-22T17:34:16.4641021Z + [[ tests-e2e-fixtures-memorystore == \u\n\i\t\-\t\e\s\t\s ]]
validate-generated-files	UNKNOWN STEP	2026-02-22T17:34:16.4641448Z + cat
validate-generated-files	UNKNOWN STEP	2026-02-22T17:34:16.4652032Z + [[ tests-e2e-fixtures-memorystore == \t\e\s\t\-\m\o\c\k\g\c\p ]]
validate-generated-files	UNKNOWN STEP	2026-02-22T17:34:16.4652652Z + [[ tests-e2e-fixtures-memorystore == \u\n\i\t\-\t\e\s\t\s ]]
validate-generated-files	UNKNOWN STEP	2026-02-22T17:34:16.4653180Z + cat
validate-generated-files	UNKNOWN STEP	2026-02-22T17:34:16.4663117Z + for f in $(find dev/ci/presubmits -type f | sort)
validate-generated-files	UNKNOWN STEP	2026-02-22T17:34:16.4666085Z ++ basename dev/ci/presubmits/tests-e2e-fixtures-metastore
validate-generated-files	UNKNOWN STEP	2026-02-22T17:34:16.4675682Z + name=tests-e2e-fixtures-metastore
validate-generated-files	UNKNOWN STEP	2026-02-22T17:34:16.4676128Z + cat
validate-generated-files	UNKNOWN STEP	2026-02-22T17:34:16.4687141Z + [[ tests-e2e-fixtures-metastore == \g\o\l\a\n\g\c\i\-\l\i\n\t ]]
validate-generated-files	UNKNOWN STEP	2026-02-22T17:34:16.4687949Z + [[ tests-e2e-fixtures-metastore == \l\i\c\e\n\s\e\-\l\i\n\t ]]
validate-generated-files	UNKNOWN STEP	2026-02-22T17:34:16.4688384Z + [[ tests-e2e-fixtures-metastore == tests-e2e-* ]]
validate-generated-files	UNKNOWN STEP	2026-02-22T17:34:16.4688671Z + cat
validate-generated-files	UNKNOWN STEP	2026-02-22T17:34:16.4697657Z + cat
validate-generated-files	UNKNOWN STEP	2026-02-22T17:34:16.4708766Z + [[ tests-e2e-fixtures-metastore == \u\n\i\t\-\t\e\s\t\s ]]
validate-generated-files	UNKNOWN STEP	2026-02-22T17:34:16.4709318Z + cat
validate-generated-files	UNKNOWN STEP	2026-02-22T17:34:16.4720085Z + [[ tests-e2e-fixtures-metastore == \t\e\s\t\-\m\o\c\k\g\c\p ]]
validate-generated-files	UNKNOWN STEP	2026-02-22T17:34:16.4720818Z + [[ tests-e2e-fixtures-metastore == \u\n\i\t\-\t\e\s\t\s ]]
validate-generated-files	UNKNOWN STEP	2026-02-22T17:34:16.4721218Z + cat
validate-generated-files	UNKNOWN STEP	2026-02-22T17:34:16.4730809Z + for f in $(find dev/ci/presubmits -type f | sort)
validate-generated-files	UNKNOWN STEP	2026-02-22T17:34:16.4733426Z ++ basename dev/ci/presubmits/tests-e2e-fixtures-mlengine
validate-generated-files	UNKNOWN STEP	2026-02-22T17:34:16.4742511Z + name=tests-e2e-fixtures-mlengine
validate-generated-files	UNKNOWN STEP	2026-02-22T17:34:16.4742956Z + cat
validate-generated-files	UNKNOWN STEP	2026-02-22T17:34:16.4753650Z + [[ tests-e2e-fixtures-mlengine == \g\o\l\a\n\g\c\i\-\l\i\n\t ]]
validate-generated-files	UNKNOWN STEP	2026-02-22T17:34:16.4754633Z + [[ tests-e2e-fixtures-mlengine == \l\i\c\e\n\s\e\-\l\i\n\t ]]
validate-generated-files	UNKNOWN STEP	2026-02-22T17:34:16.4755340Z + [[ tests-e2e-fixtures-mlengine == tests-e2e-* ]]
validate-generated-files	UNKNOWN STEP	2026-02-22T17:34:16.4755686Z + cat
validate-generated-files	UNKNOWN STEP	2026-02-22T17:34:16.4764232Z + cat
validate-generated-files	UNKNOWN STEP	2026-02-22T17:34:16.4775682Z + [[ tests-e2e-fixtures-mlengine == \u\n\i\t\-\t\e\s\t\s ]]
validate-generated-files	UNKNOWN STEP	2026-02-22T17:34:16.4776268Z + cat
validate-generated-files	UNKNOWN STEP	2026-02-22T17:34:16.4786511Z + [[ tests-e2e-fixtures-mlengine == \t\e\s\t\-\m\o\c\k\g\c\p ]]
validate-generated-files	UNKNOWN STEP	2026-02-22T17:34:16.4787286Z + [[ tests-e2e-fixtures-mlengine == \u\n\i\t\-\t\e\s\t\s ]]
validate-generated-files	UNKNOWN STEP	2026-02-22T17:34:16.4787679Z + cat
validate-generated-files	UNKNOWN STEP	2026-02-22T17:34:16.4797903Z + for f in $(find dev/ci/presubmits -type f | sort)
validate-generated-files	UNKNOWN STEP	2026-02-22T17:34:16.4800528Z ++ basename dev/ci/presubmits/tests-e2e-fixtures-monitoring
validate-generated-files	UNKNOWN STEP	2026-02-22T17:34:16.4810451Z + name=tests-e2e-fixtures-monitoring
validate-generated-files	UNKNOWN STEP	2026-02-22T17:34:16.4810938Z + cat
validate-generated-files	UNKNOWN STEP	2026-02-22T17:34:16.4821604Z + [[ tests-e2e-fixtures-monitoring == \g\o\l\a\n\g\c\i\-\l\i\n\t ]]
validate-generated-files	UNKNOWN STEP	2026-02-22T17:34:16.4822526Z + [[ tests-e2e-fixtures-monitoring == \l\i\c\e\n\s\e\-\l\i\n\t ]]
validate-generated-files	UNKNOWN STEP	2026-02-22T17:34:16.4823336Z + [[ tests-e2e-fixtures-monitoring == tests-e2e-* ]]
validate-generated-files	UNKNOWN STEP	2026-02-22T17:34:16.4823967Z + cat
validate-generated-files	UNKNOWN STEP	2026-02-22T17:34:16.4833505Z + cat
validate-generated-files	UNKNOWN STEP	2026-02-22T17:34:16.4844600Z + [[ tests-e2e-fixtures-monitoring == \u\n\i\t\-\t\e\s\t\s ]]
validate-generated-files	UNKNOWN STEP	2026-02-22T17:34:16.4845211Z + cat
validate-generated-files	UNKNOWN STEP	2026-02-22T17:34:16.4855867Z + [[ tests-e2e-fixtures-monitoring == \t\e\s\t\-\m\o\c\k\g\c\p ]]
validate-generated-files	UNKNOWN STEP	2026-02-22T17:34:16.4856686Z + [[ tests-e2e-fixtures-monitoring == \u\n\i\t\-\t\e\s\t\s ]]
validate-generated-files	UNKNOWN STEP	2026-02-22T17:34:16.4857154Z + cat
validate-generated-files	UNKNOWN STEP	2026-02-22T17:34:16.4866677Z + for f in $(find dev/ci/presubmits -type f | sort)
validate-generated-files	UNKNOWN STEP	2026-02-22T17:34:16.4869298Z ++ basename dev/ci/presubmits/tests-e2e-fixtures-netapp
validate-generated-files	UNKNOWN STEP	2026-02-22T17:34:16.4878535Z + name=tests-e2e-fixtures-netapp
validate-generated-files	UNKNOWN STEP	2026-02-22T17:34:16.4878999Z + cat
validate-generated-files	UNKNOWN STEP	2026-02-22T17:34:16.4891007Z + [[ tests-e2e-fixtures-netapp == \g\o\l\a\n\g\c\i\-\l\i\n\t ]]
validate-generated-files	UNKNOWN STEP	2026-02-22T17:34:16.4891561Z + [[ tests-e2e-fixtures-netapp == \l\i\c\e\n\s\e\-\l\i\n\t ]]
validate-generated-files	UNKNOWN STEP	2026-02-22T17:34:16.4892239Z + [[ tests-e2e-fixtures-netapp == tests-e2e-* ]]
validate-generated-files	UNKNOWN STEP	2026-02-22T17:34:16.4892773Z + cat
validate-generated-files	UNKNOWN STEP	2026-02-22T17:34:16.4902756Z + cat
validate-generated-files	UNKNOWN STEP	2026-02-22T17:34:16.4913707Z + [[ tests-e2e-fixtures-netapp == \u\n\i\t\-\t\e\s\t\s ]]
validate-generated-files	UNKNOWN STEP	2026-02-22T17:34:16.4914128Z + cat
validate-generated-files	UNKNOWN STEP	2026-02-22T17:34:16.4924780Z + [[ tests-e2e-fixtures-netapp == \t\e\s\t\-\m\o\c\k\g\c\p ]]
validate-generated-files	UNKNOWN STEP	2026-02-22T17:34:16.4925433Z + [[ tests-e2e-fixtures-netapp == \u\n\i\t\-\t\e\s\t\s ]]
validate-generated-files	UNKNOWN STEP	2026-02-22T17:34:16.4925933Z + cat
validate-generated-files	UNKNOWN STEP	2026-02-22T17:34:16.4936230Z + for f in $(find dev/ci/presubmits -type f | sort)
validate-generated-files	UNKNOWN STEP	2026-02-22T17:34:16.4939161Z ++ basename dev/ci/presubmits/tests-e2e-fixtures-networkconnectivity
validate-generated-files	UNKNOWN STEP	2026-02-22T17:34:16.4948808Z + name=tests-e2e-fixtures-networkconnectivity
validate-generated-files	UNKNOWN STEP	2026-02-22T17:34:16.4949278Z + cat
validate-generated-files	UNKNOWN STEP	2026-02-22T17:34:16.4959903Z + [[ tests-e2e-fixtures-networkconnectivity == \g\o\l\a\n\g\c\i\-\l\i\n\t ]]
validate-generated-files	UNKNOWN STEP	2026-02-22T17:34:16.4960672Z + [[ tests-e2e-fixtures-networkconnectivity == \l\i\c\e\n\s\e\-\l\i\n\t ]]
validate-generated-files	UNKNOWN STEP	2026-02-22T17:34:16.4961150Z + [[ tests-e2e-fixtures-networkconnectivity == tests-e2e-* ]]
validate-generated-files	UNKNOWN STEP	2026-02-22T17:34:16.4961471Z + cat
validate-generated-files	UNKNOWN STEP	2026-02-22T17:34:16.4970454Z + cat
validate-generated-files	UNKNOWN STEP	2026-02-22T17:34:16.4981315Z + [[ tests-e2e-fixtures-networkconnectivity == \u\n\i\t\-\t\e\s\t\s ]]
validate-generated-files	UNKNOWN STEP	2026-02-22T17:34:16.4981887Z + cat
validate-generated-files	UNKNOWN STEP	2026-02-22T17:34:16.4992185Z + [[ tests-e2e-fixtures-networkconnectivity == \t\e\s\t\-\m\o\c\k\g\c\p ]]
validate-generated-files	UNKNOWN STEP	2026-02-22T17:34:16.4992920Z + [[ tests-e2e-fixtures-networkconnectivity == \u\n\i\t\-\t\e\s\t\s ]]
validate-generated-files	UNKNOWN STEP	2026-02-22T17:34:16.4993264Z + cat
validate-generated-files	UNKNOWN STEP	2026-02-22T17:34:16.5002756Z + for f in $(find dev/ci/presubmits -type f | sort)
validate-generated-files	UNKNOWN STEP	2026-02-22T17:34:16.5005491Z ++ basename dev/ci/presubmits/tests-e2e-fixtures-networkmanagement
validate-generated-files	UNKNOWN STEP	2026-02-22T17:34:16.5014617Z + name=tests-e2e-fixtures-networkmanagement
validate-generated-files	UNKNOWN STEP	2026-02-22T17:34:16.5015063Z + cat
validate-generated-files	UNKNOWN STEP	2026-02-22T17:34:16.5025644Z + [[ tests-e2e-fixtures-networkmanagement == \g\o\l\a\n\g\c\i\-\l\i\n\t ]]
validate-generated-files	UNKNOWN STEP	2026-02-22T17:34:16.5026384Z + [[ tests-e2e-fixtures-networkmanagement == \l\i\c\e\n\s\e\-\l\i\n\t ]]
validate-generated-files	UNKNOWN STEP	2026-02-22T17:34:16.5026874Z + [[ tests-e2e-fixtures-networkmanagement == tests-e2e-* ]]
validate-generated-files	UNKNOWN STEP	2026-02-22T17:34:16.5027194Z + cat
validate-generated-files	UNKNOWN STEP	2026-02-22T17:34:16.5036418Z + cat
validate-generated-files	UNKNOWN STEP	2026-02-22T17:34:16.5047528Z + [[ tests-e2e-fixtures-networkmanagement == \u\n\i\t\-\t\e\s\t\s ]]
validate-generated-files	UNKNOWN STEP	2026-02-22T17:34:16.5048071Z + cat
validate-generated-files	UNKNOWN STEP	2026-02-22T17:34:16.5058103Z + [[ tests-e2e-fixtures-networkmanagement == \t\e\s\t\-\m\o\c\k\g\c\p ]]
validate-generated-files	UNKNOWN STEP	2026-02-22T17:34:16.5058883Z + [[ tests-e2e-fixtures-networkmanagement == \u\n\i\t\-\t\e\s\t\s ]]
validate-generated-files	UNKNOWN STEP	2026-02-22T17:34:16.5059287Z + cat
validate-generated-files	UNKNOWN STEP	2026-02-22T17:34:16.5068851Z + for f in $(find dev/ci/presubmits -type f | sort)
validate-generated-files	UNKNOWN STEP	2026-02-22T17:34:16.5071412Z ++ basename dev/ci/presubmits/tests-e2e-fixtures-networksecurity
validate-generated-files	UNKNOWN STEP	2026-02-22T17:34:16.5080628Z + name=tests-e2e-fixtures-networksecurity
validate-generated-files	UNKNOWN STEP	2026-02-22T17:34:16.5081107Z + cat
validate-generated-files	UNKNOWN STEP	2026-02-22T17:34:16.5092005Z + [[ tests-e2e-fixtures-networksecurity == \g\o\l\a\n\g\c\i\-\l\i\n\t ]]
validate-generated-files	UNKNOWN STEP	2026-02-22T17:34:16.5092689Z + [[ tests-e2e-fixtures-networksecurity == \l\i\c\e\n\s\e\-\l\i\n\t ]]
validate-generated-files	UNKNOWN STEP	2026-02-22T17:34:16.5093521Z + [[ tests-e2e-fixtures-networksecurity == tests-e2e-* ]]
validate-generated-files	UNKNOWN STEP	2026-02-22T17:34:16.5094097Z + cat
validate-generated-files	UNKNOWN STEP	2026-02-22T17:34:16.5103501Z + cat
validate-generated-files	UNKNOWN STEP	2026-02-22T17:34:16.5114644Z + [[ tests-e2e-fixtures-networksecurity == \u\n\i\t\-\t\e\s\t\s ]]
validate-generated-files	UNKNOWN STEP	2026-02-22T17:34:16.5115311Z + cat
validate-generated-files	UNKNOWN STEP	2026-02-22T17:34:16.5125592Z + [[ tests-e2e-fixtures-networksecurity == \t\e\s\t\-\m\o\c\k\g\c\p ]]
validate-generated-files	UNKNOWN STEP	2026-02-22T17:34:16.5126251Z + [[ tests-e2e-fixtures-networksecurity == \u\n\i\t\-\t\e\s\t\s ]]
validate-generated-files	UNKNOWN STEP	2026-02-22T17:34:16.5126809Z + cat
validate-generated-files	UNKNOWN STEP	2026-02-22T17:34:16.5136672Z + for f in $(find dev/ci/presubmits -type f | sort)
validate-generated-files	UNKNOWN STEP	2026-02-22T17:34:16.5139478Z ++ basename dev/ci/presubmits/tests-e2e-fixtures-networkservices
validate-generated-files	UNKNOWN STEP	2026-02-22T17:34:16.5149441Z + name=tests-e2e-fixtures-networkservices
validate-generated-files	UNKNOWN STEP	2026-02-22T17:34:16.5149731Z + cat
validate-generated-files	UNKNOWN STEP	2026-02-22T17:34:16.5161082Z + [[ tests-e2e-fixtures-networkservices == \g\o\l\a\n\g\c\i\-\l\i\n\t ]]
validate-generated-files	UNKNOWN STEP	2026-02-22T17:34:16.5161754Z + [[ tests-e2e-fixtures-networkservices == \l\i\c\e\n\s\e\-\l\i\n\t ]]
validate-generated-files	UNKNOWN STEP	2026-02-22T17:34:16.5162496Z + [[ tests-e2e-fixtures-networkservices == tests-e2e-* ]]
validate-generated-files	UNKNOWN STEP	2026-02-22T17:34:16.5163016Z + cat
validate-generated-files	UNKNOWN STEP	2026-02-22T17:34:16.5172604Z + cat
validate-generated-files	UNKNOWN STEP	2026-02-22T17:34:16.5183583Z + [[ tests-e2e-fixtures-networkservices == \u\n\i\t\-\t\e\s\t\s ]]
validate-generated-files	UNKNOWN STEP	2026-02-22T17:34:16.5184555Z + cat
validate-generated-files	UNKNOWN STEP	2026-02-22T17:34:16.5194309Z + [[ tests-e2e-fixtures-networkservices == \t\e\s\t\-\m\o\c\k\g\c\p ]]
validate-generated-files	UNKNOWN STEP	2026-02-22T17:34:16.5195286Z + [[ tests-e2e-fixtures-networkservices == \u\n\i\t\-\t\e\s\t\s ]]
validate-generated-files	UNKNOWN STEP	2026-02-22T17:34:16.5195643Z + cat
validate-generated-files	UNKNOWN STEP	2026-02-22T17:34:16.5205183Z + for f in $(find dev/ci/presubmits -type f | sort)
validate-generated-files	UNKNOWN STEP	2026-02-22T17:34:16.5208065Z ++ basename dev/ci/presubmits/tests-e2e-fixtures-notebooks
validate-generated-files	UNKNOWN STEP	2026-02-22T17:34:16.5217659Z + name=tests-e2e-fixtures-notebooks
validate-generated-files	UNKNOWN STEP	2026-02-22T17:34:16.5217944Z + cat
validate-generated-files	UNKNOWN STEP	2026-02-22T17:34:16.5229003Z + [[ tests-e2e-fixtures-notebooks == \g\o\l\a\n\g\c\i\-\l\i\n\t ]]
validate-generated-files	UNKNOWN STEP	2026-02-22T17:34:16.5229627Z + [[ tests-e2e-fixtures-notebooks == \l\i\c\e\n\s\e\-\l\i\n\t ]]
validate-generated-files	UNKNOWN STEP	2026-02-22T17:34:16.5230289Z + [[ tests-e2e-fixtures-notebooks == tests-e2e-* ]]
validate-generated-files	UNKNOWN STEP	2026-02-22T17:34:16.5230790Z + cat
validate-generated-files	UNKNOWN STEP	2026-02-22T17:34:16.5240467Z + cat
validate-generated-files	UNKNOWN STEP	2026-02-22T17:34:16.5251481Z + [[ tests-e2e-fixtures-notebooks == \u\n\i\t\-\t\e\s\t\s ]]
validate-generated-files	UNKNOWN STEP	2026-02-22T17:34:16.5252048Z + cat
validate-generated-files	UNKNOWN STEP	2026-02-22T17:34:16.5262169Z + [[ tests-e2e-fixtures-notebooks == \t\e\s\t\-\m\o\c\k\g\c\p ]]
validate-generated-files	UNKNOWN STEP	2026-02-22T17:34:16.5262923Z + [[ tests-e2e-fixtures-notebooks == \u\n\i\t\-\t\e\s\t\s ]]
validate-generated-files	UNKNOWN STEP	2026-02-22T17:34:16.5263308Z + cat
validate-generated-files	UNKNOWN STEP	2026-02-22T17:34:16.5273089Z + for f in $(find dev/ci/presubmits -type f | sort)
validate-generated-files	UNKNOWN STEP	2026-02-22T17:34:16.5276043Z ++ basename dev/ci/presubmits/tests-e2e-fixtures-orgpolicy
validate-generated-files	UNKNOWN STEP	2026-02-22T17:34:16.5285220Z + name=tests-e2e-fixtures-orgpolicy
validate-generated-files	UNKNOWN STEP	2026-02-22T17:34:16.5285661Z + cat
validate-generated-files	UNKNOWN STEP	2026-02-22T17:34:16.5296389Z + [[ tests-e2e-fixtures-orgpolicy == \g\o\l\a\n\g\c\i\-\l\i\n\t ]]
validate-generated-files	UNKNOWN STEP	2026-02-22T17:34:16.5297152Z + [[ tests-e2e-fixtures-orgpolicy == \l\i\c\e\n\s\e\-\l\i\n\t ]]
validate-generated-files	UNKNOWN STEP	2026-02-22T17:34:16.5297674Z + [[ tests-e2e-fixtures-orgpolicy == tests-e2e-* ]]
validate-generated-files	UNKNOWN STEP	2026-02-22T17:34:16.5297971Z + cat
validate-generated-files	UNKNOWN STEP	2026-02-22T17:34:16.5306990Z + cat
validate-generated-files	UNKNOWN STEP	2026-02-22T17:34:16.5317908Z + [[ tests-e2e-fixtures-orgpolicy == \u\n\i\t\-\t\e\s\t\s ]]
validate-generated-files	UNKNOWN STEP	2026-02-22T17:34:16.5318451Z + cat
validate-generated-files	UNKNOWN STEP	2026-02-22T17:34:16.5328632Z + [[ tests-e2e-fixtures-orgpolicy == \t\e\s\t\-\m\o\c\k\g\c\p ]]
validate-generated-files	UNKNOWN STEP	2026-02-22T17:34:16.5329597Z + [[ tests-e2e-fixtures-orgpolicy == \u\n\i\t\-\t\e\s\t\s ]]
validate-generated-files	UNKNOWN STEP	2026-02-22T17:34:16.5329950Z + cat
validate-generated-files	UNKNOWN STEP	2026-02-22T17:34:16.5339718Z + for f in $(find dev/ci/presubmits -type f | sort)
validate-generated-files	UNKNOWN STEP	2026-02-22T17:34:16.5342055Z ++ basename dev/ci/presubmits/tests-e2e-fixtures-osconfig
validate-generated-files	UNKNOWN STEP	2026-02-22T17:34:16.5351713Z + name=tests-e2e-fixtures-osconfig
validate-generated-files	UNKNOWN STEP	2026-02-22T17:34:16.5352140Z + cat
validate-generated-files	UNKNOWN STEP	2026-02-22T17:34:16.5362831Z + [[ tests-e2e-fixtures-osconfig == \g\o\l\a\n\g\c\i\-\l\i\n\t ]]
validate-generated-files	UNKNOWN STEP	2026-02-22T17:34:16.5363509Z + [[ tests-e2e-fixtures-osconfig == \l\i\c\e\n\s\e\-\l\i\n\t ]]
validate-generated-files	UNKNOWN STEP	2026-02-22T17:34:16.5363910Z + [[ tests-e2e-fixtures-osconfig == tests-e2e-* ]]
validate-generated-files	UNKNOWN STEP	2026-02-22T17:34:16.5364190Z + cat
validate-generated-files	UNKNOWN STEP	2026-02-22T17:34:16.5373444Z + cat
validate-generated-files	UNKNOWN STEP	2026-02-22T17:34:16.5384283Z + [[ tests-e2e-fixtures-osconfig == \u\n\i\t\-\t\e\s\t\s ]]
validate-generated-files	UNKNOWN STEP	2026-02-22T17:34:16.5384923Z + cat
validate-generated-files	UNKNOWN STEP	2026-02-22T17:34:16.5395389Z + [[ tests-e2e-fixtures-osconfig == \t\e\s\t\-\m\o\c\k\g\c\p ]]
validate-generated-files	UNKNOWN STEP	2026-02-22T17:34:16.5396082Z + [[ tests-e2e-fixtures-osconfig == \u\n\i\t\-\t\e\s\t\s ]]
validate-generated-files	UNKNOWN STEP	2026-02-22T17:34:16.5396414Z + cat
validate-generated-files	UNKNOWN STEP	2026-02-22T17:34:16.5405981Z + for f in $(find dev/ci/presubmits -type f | sort)
validate-generated-files	UNKNOWN STEP	2026-02-22T17:34:16.5408592Z ++ basename dev/ci/presubmits/tests-e2e-fixtures-oslogin
validate-generated-files	UNKNOWN STEP	2026-02-22T17:34:16.5418373Z + name=tests-e2e-fixtures-oslogin
validate-generated-files	UNKNOWN STEP	2026-02-22T17:34:16.5418662Z + cat
validate-generated-files	UNKNOWN STEP	2026-02-22T17:34:16.5429405Z + [[ tests-e2e-fixtures-oslogin == \g\o\l\a\n\g\c\i\-\l\i\n\t ]]
validate-generated-files	UNKNOWN STEP	2026-02-22T17:34:16.5429930Z + [[ tests-e2e-fixtures-oslogin == \l\i\c\e\n\s\e\-\l\i\n\t ]]
validate-generated-files	UNKNOWN STEP	2026-02-22T17:34:16.5430563Z + [[ tests-e2e-fixtures-oslogin == tests-e2e-* ]]
validate-generated-files	UNKNOWN STEP	2026-02-22T17:34:16.5431041Z + cat
validate-generated-files	UNKNOWN STEP	2026-02-22T17:34:16.5440805Z + cat
validate-generated-files	UNKNOWN STEP	2026-02-22T17:34:16.5452243Z + [[ tests-e2e-fixtures-oslogin == \u\n\i\t\-\t\e\s\t\s ]]
validate-generated-files	UNKNOWN STEP	2026-02-22T17:34:16.5452785Z + cat
validate-generated-files	UNKNOWN STEP	2026-02-22T17:34:16.5462971Z + [[ tests-e2e-fixtures-oslogin == \t\e\s\t\-\m\o\c\k\g\c\p ]]
validate-generated-files	UNKNOWN STEP	2026-02-22T17:34:16.5463676Z + [[ tests-e2e-fixtures-oslogin == \u\n\i\t\-\t\e\s\t\s ]]
validate-generated-files	UNKNOWN STEP	2026-02-22T17:34:16.5464243Z + cat
validate-generated-files	UNKNOWN STEP	2026-02-22T17:34:16.5473999Z + for f in $(find dev/ci/presubmits -type f | sort)
validate-generated-files	UNKNOWN STEP	2026-02-22T17:34:16.5477016Z ++ basename dev/ci/presubmits/tests-e2e-fixtures-parametermanager
validate-generated-files	UNKNOWN STEP	2026-02-22T17:34:16.5486599Z + name=tests-e2e-fixtures-parametermanager
validate-generated-files	UNKNOWN STEP	2026-02-22T17:34:16.5487087Z + cat
validate-generated-files	UNKNOWN STEP	2026-02-22T17:34:16.5497820Z + [[ tests-e2e-fixtures-parametermanager == \g\o\l\a\n\g\c\i\-\l\i\n\t ]]
validate-generated-files	UNKNOWN STEP	2026-02-22T17:34:16.5498697Z + [[ tests-e2e-fixtures-parametermanager == \l\i\c\e\n\s\e\-\l\i\n\t ]]
validate-generated-files	UNKNOWN STEP	2026-02-22T17:34:16.5499251Z + [[ tests-e2e-fixtures-parametermanager == tests-e2e-* ]]
validate-generated-files	UNKNOWN STEP	2026-02-22T17:34:16.5499570Z + cat
validate-generated-files	UNKNOWN STEP	2026-02-22T17:34:16.5508696Z + cat
validate-generated-files	UNKNOWN STEP	2026-02-22T17:34:16.5520192Z + [[ tests-e2e-fixtures-parametermanager == \u\n\i\t\-\t\e\s\t\s ]]
validate-generated-files	UNKNOWN STEP	2026-02-22T17:34:16.5520815Z + cat
validate-generated-files	UNKNOWN STEP	2026-02-22T17:34:16.5531198Z + [[ tests-e2e-fixtures-parametermanager == \t\e\s\t\-\m\o\c\k\g\c\p ]]
validate-generated-files	UNKNOWN STEP	2026-02-22T17:34:16.5532110Z + [[ tests-e2e-fixtures-parametermanager == \u\n\i\t\-\t\e\s\t\s ]]
validate-generated-files	UNKNOWN STEP	2026-02-22T17:34:16.5532761Z + cat
validate-generated-files	UNKNOWN STEP	2026-02-22T17:34:16.5543333Z + for f in $(find dev/ci/presubmits -type f | sort)
validate-generated-files	UNKNOWN STEP	2026-02-22T17:34:16.5545963Z ++ basename dev/ci/presubmits/tests-e2e-fixtures-privateca
validate-generated-files	UNKNOWN STEP	2026-02-22T17:34:16.5555633Z + name=tests-e2e-fixtures-privateca
validate-generated-files	UNKNOWN STEP	2026-02-22T17:34:16.5555941Z + cat
validate-generated-files	UNKNOWN STEP	2026-02-22T17:34:16.5566852Z + [[ tests-e2e-fixtures-privateca == \g\o\l\a\n\g\c\i\-\l\i\n\t ]]
validate-generated-files	UNKNOWN STEP	2026-02-22T17:34:16.5567413Z + [[ tests-e2e-fixtures-privateca == \l\i\c\e\n\s\e\-\l\i\n\t ]]
validate-generated-files	UNKNOWN STEP	2026-02-22T17:34:16.5568074Z + [[ tests-e2e-fixtures-privateca == tests-e2e-* ]]
validate-generated-files	UNKNOWN STEP	2026-02-22T17:34:16.5568570Z + cat
validate-generated-files	UNKNOWN STEP	2026-02-22T17:34:16.5578220Z + cat
validate-generated-files	UNKNOWN STEP	2026-02-22T17:34:16.5589311Z + [[ tests-e2e-fixtures-privateca == \u\n\i\t\-\t\e\s\t\s ]]
validate-generated-files	UNKNOWN STEP	2026-02-22T17:34:16.5589874Z + cat
validate-generated-files	UNKNOWN STEP	2026-02-22T17:34:16.5600936Z + [[ tests-e2e-fixtures-privateca == \t\e\s\t\-\m\o\c\k\g\c\p ]]
validate-generated-files	UNKNOWN STEP	2026-02-22T17:34:16.5601644Z + [[ tests-e2e-fixtures-privateca == \u\n\i\t\-\t\e\s\t\s ]]
validate-generated-files	UNKNOWN STEP	2026-02-22T17:34:16.5602009Z + cat
validate-generated-files	UNKNOWN STEP	2026-02-22T17:34:16.5611673Z + for f in $(find dev/ci/presubmits -type f | sort)
validate-generated-files	UNKNOWN STEP	2026-02-22T17:34:16.5614369Z ++ basename dev/ci/presubmits/tests-e2e-fixtures-privilegedaccessmanager
validate-generated-files	UNKNOWN STEP	2026-02-22T17:34:16.5623535Z + name=tests-e2e-fixtures-privilegedaccessmanager
validate-generated-files	UNKNOWN STEP	2026-02-22T17:34:16.5623844Z + cat
validate-generated-files	UNKNOWN STEP	2026-02-22T17:34:16.5635024Z + [[ tests-e2e-fixtures-privilegedaccessmanager == \g\o\l\a\n\g\c\i\-\l\i\n\t ]]
validate-generated-files	UNKNOWN STEP	2026-02-22T17:34:16.5635949Z + [[ tests-e2e-fixtures-privilegedaccessmanager == \l\i\c\e\n\s\e\-\l\i\n\t ]]
validate-generated-files	UNKNOWN STEP	2026-02-22T17:34:16.5636826Z + [[ tests-e2e-fixtures-privilegedaccessmanager == tests-e2e-* ]]
validate-generated-files	UNKNOWN STEP	2026-02-22T17:34:16.5637412Z + cat
validate-generated-files	UNKNOWN STEP	2026-02-22T17:34:16.5646249Z + cat
validate-generated-files	UNKNOWN STEP	2026-02-22T17:34:16.5657333Z + [[ tests-e2e-fixtures-privilegedaccessmanager == \u\n\i\t\-\t\e\s\t\s ]]
validate-generated-files	UNKNOWN STEP	2026-02-22T17:34:16.5657872Z + cat
validate-generated-files	UNKNOWN STEP	2026-02-22T17:34:16.5668229Z + [[ tests-e2e-fixtures-privilegedaccessmanager == \t\e\s\t\-\m\o\c\k\g\c\p ]]
validate-generated-files	UNKNOWN STEP	2026-02-22T17:34:16.5669050Z + [[ tests-e2e-fixtures-privilegedaccessmanager == \u\n\i\t\-\t\e\s\t\s ]]
validate-generated-files	UNKNOWN STEP	2026-02-22T17:34:16.5669679Z + cat
validate-generated-files	UNKNOWN STEP	2026-02-22T17:34:16.5679344Z + for f in $(find dev/ci/presubmits -type f | sort)
validate-generated-files	UNKNOWN STEP	2026-02-22T17:34:16.5682011Z ++ basename dev/ci/presubmits/tests-e2e-fixtures-pubsub
validate-generated-files	UNKNOWN STEP	2026-02-22T17:34:16.5691761Z + name=tests-e2e-fixtures-pubsub
validate-generated-files	UNKNOWN STEP	2026-02-22T17:34:16.5692189Z + cat
validate-generated-files	UNKNOWN STEP	2026-02-22T17:34:16.5703098Z + [[ tests-e2e-fixtures-pubsub == \g\o\l\a\n\g\c\i\-\l\i\n\t ]]
validate-generated-files	UNKNOWN STEP	2026-02-22T17:34:16.5703844Z + [[ tests-e2e-fixtures-pubsub == \l\i\c\e\n\s\e\-\l\i\n\t ]]
validate-generated-files	UNKNOWN STEP	2026-02-22T17:34:16.5704669Z + [[ tests-e2e-fixtures-pubsub == tests-e2e-* ]]
validate-generated-files	UNKNOWN STEP	2026-02-22T17:34:16.5705137Z + cat
validate-generated-files	UNKNOWN STEP	2026-02-22T17:34:16.5714790Z + cat
validate-generated-files	UNKNOWN STEP	2026-02-22T17:34:16.5726065Z + [[ tests-e2e-fixtures-pubsub == \u\n\i\t\-\t\e\s\t\s ]]
validate-generated-files	UNKNOWN STEP	2026-02-22T17:34:16.5726399Z + cat
validate-generated-files	UNKNOWN STEP	2026-02-22T17:34:16.5736948Z + [[ tests-e2e-fixtures-pubsub == \t\e\s\t\-\m\o\c\k\g\c\p ]]
validate-generated-files	UNKNOWN STEP	2026-02-22T17:34:16.5737459Z + [[ tests-e2e-fixtures-pubsub == \u\n\i\t\-\t\e\s\t\s ]]
validate-generated-files	UNKNOWN STEP	2026-02-22T17:34:16.5737971Z + cat
validate-generated-files	UNKNOWN STEP	2026-02-22T17:34:16.5748499Z + for f in $(find dev/ci/presubmits -type f | sort)
validate-generated-files	UNKNOWN STEP	2026-02-22T17:34:16.5751366Z ++ basename dev/ci/presubmits/tests-e2e-fixtures-pubsublite
validate-generated-files	UNKNOWN STEP	2026-02-22T17:34:16.5760945Z + name=tests-e2e-fixtures-pubsublite
validate-generated-files	UNKNOWN STEP	2026-02-22T17:34:16.5771771Z + cat
validate-generated-files	UNKNOWN STEP	2026-02-22T17:34:16.5772124Z + [[ tests-e2e-fixtures-pubsublite == \g\o\l\a\n\g\c\i\-\l\i\n\t ]]
validate-generated-files	UNKNOWN STEP	2026-02-22T17:34:16.5772822Z + [[ tests-e2e-fixtures-pubsublite == \l\i\c\e\n\s\e\-\l\i\n\t ]]
validate-generated-files	UNKNOWN STEP	2026-02-22T17:34:16.5773500Z + [[ tests-e2e-fixtures-pubsublite == tests-e2e-* ]]
validate-generated-files	UNKNOWN STEP	2026-02-22T17:34:16.5774010Z + cat
validate-generated-files	UNKNOWN STEP	2026-02-22T17:34:16.5783143Z + cat
validate-generated-files	UNKNOWN STEP	2026-02-22T17:34:16.5794180Z + [[ tests-e2e-fixtures-pubsublite == \u\n\i\t\-\t\e\s\t\s ]]
validate-generated-files	UNKNOWN STEP	2026-02-22T17:34:16.5794881Z + cat
validate-generated-files	UNKNOWN STEP	2026-02-22T17:34:16.5805030Z + [[ tests-e2e-fixtures-pubsublite == \t\e\s\t\-\m\o\c\k\g\c\p ]]
validate-generated-files	UNKNOWN STEP	2026-02-22T17:34:16.5805779Z + [[ tests-e2e-fixtures-pubsublite == \u\n\i\t\-\t\e\s\t\s ]]
validate-generated-files	UNKNOWN STEP	2026-02-22T17:34:16.5806216Z + cat
validate-generated-files	UNKNOWN STEP	2026-02-22T17:34:16.5816213Z + for f in $(find dev/ci/presubmits -type f | sort)
validate-generated-files	UNKNOWN STEP	2026-02-22T17:34:16.5818914Z ++ basename dev/ci/presubmits/tests-e2e-fixtures-recaptchaenterprise
validate-generated-files	UNKNOWN STEP	2026-02-22T17:34:16.5828045Z + name=tests-e2e-fixtures-recaptchaenterprise
validate-generated-files	UNKNOWN STEP	2026-02-22T17:34:16.5828553Z + cat
validate-generated-files	UNKNOWN STEP	2026-02-22T17:34:16.5839152Z + [[ tests-e2e-fixtures-recaptchaenterprise == \g\o\l\a\n\g\c\i\-\l\i\n\t ]]
validate-generated-files	UNKNOWN STEP	2026-02-22T17:34:16.5840096Z + [[ tests-e2e-fixtures-recaptchaenterprise == \l\i\c\e\n\s\e\-\l\i\n\t ]]
validate-generated-files	UNKNOWN STEP	2026-02-22T17:34:16.5840648Z + [[ tests-e2e-fixtures-recaptchaenterprise == tests-e2e-* ]]
validate-generated-files	UNKNOWN STEP	2026-02-22T17:34:16.5841006Z + cat
validate-generated-files	UNKNOWN STEP	2026-02-22T17:34:16.5849679Z + cat
validate-generated-files	UNKNOWN STEP	2026-02-22T17:34:16.5860784Z + [[ tests-e2e-fixtures-recaptchaenterprise == \u\n\i\t\-\t\e\s\t\s ]]
validate-generated-files	UNKNOWN STEP	2026-02-22T17:34:16.5861468Z + cat
validate-generated-files	UNKNOWN STEP	2026-02-22T17:34:16.5872476Z + [[ tests-e2e-fixtures-recaptchaenterprise == \t\e\s\t\-\m\o\c\k\g\c\p ]]
validate-generated-files	UNKNOWN STEP	2026-02-22T17:34:16.5873382Z + [[ tests-e2e-fixtures-recaptchaenterprise == \u\n\i\t\-\t\e\s\t\s ]]
validate-generated-files	UNKNOWN STEP	2026-02-22T17:34:16.5873847Z + cat
validate-generated-files	UNKNOWN STEP	2026-02-22T17:34:16.5883043Z + for f in $(find dev/ci/presubmits -type f | sort)
validate-generated-files	UNKNOWN STEP	2026-02-22T17:34:16.5886205Z ++ basename dev/ci/presubmits/tests-e2e-fixtures-redis
validate-generated-files	UNKNOWN STEP	2026-02-22T17:34:16.5895811Z + name=tests-e2e-fixtures-redis
validate-generated-files	UNKNOWN STEP	2026-02-22T17:34:16.5896262Z + cat
validate-generated-files	UNKNOWN STEP	2026-02-22T17:34:16.5906923Z + [[ tests-e2e-fixtures-redis == \g\o\l\a\n\g\c\i\-\l\i\n\t ]]
validate-generated-files	UNKNOWN STEP	2026-02-22T17:34:16.5907395Z + [[ tests-e2e-fixtures-redis == \l\i\c\e\n\s\e\-\l\i\n\t ]]
validate-generated-files	UNKNOWN STEP	2026-02-22T17:34:16.5908029Z + [[ tests-e2e-fixtures-redis == tests-e2e-* ]]
validate-generated-files	UNKNOWN STEP	2026-02-22T17:34:16.5908489Z + cat
validate-generated-files	UNKNOWN STEP	2026-02-22T17:34:16.5918604Z + cat
validate-generated-files	UNKNOWN STEP	2026-02-22T17:34:16.5929579Z + [[ tests-e2e-fixtures-redis == \u\n\i\t\-\t\e\s\t\s ]]
validate-generated-files	UNKNOWN STEP	2026-02-22T17:34:16.5930117Z + cat
validate-generated-files	UNKNOWN STEP	2026-02-22T17:34:16.5940979Z + [[ tests-e2e-fixtures-redis == \t\e\s\t\-\m\o\c\k\g\c\p ]]
validate-generated-files	UNKNOWN STEP	2026-02-22T17:34:16.5941675Z + [[ tests-e2e-fixtures-redis == \u\n\i\t\-\t\e\s\t\s ]]
validate-generated-files	UNKNOWN STEP	2026-02-22T17:34:16.5941973Z + cat
validate-generated-files	UNKNOWN STEP	2026-02-22T17:34:16.5951734Z + for f in $(find dev/ci/presubmits -type f | sort)
validate-generated-files	UNKNOWN STEP	2026-02-22T17:34:16.5954375Z ++ basename dev/ci/presubmits/tests-e2e-fixtures-resourcemanager
validate-generated-files	UNKNOWN STEP	2026-02-22T17:34:16.5963423Z + name=tests-e2e-fixtures-resourcemanager
validate-generated-files	UNKNOWN STEP	2026-02-22T17:34:16.5963920Z + cat
validate-generated-files	UNKNOWN STEP	2026-02-22T17:34:16.5974632Z + [[ tests-e2e-fixtures-resourcemanager == \g\o\l\a\n\g\c\i\-\l\i\n\t ]]
validate-generated-files	UNKNOWN STEP	2026-02-22T17:34:16.5975501Z + [[ tests-e2e-fixtures-resourcemanager == \l\i\c\e\n\s\e\-\l\i\n\t ]]
validate-generated-files	UNKNOWN STEP	2026-02-22T17:34:16.5975981Z + [[ tests-e2e-fixtures-resourcemanager == tests-e2e-* ]]
validate-generated-files	UNKNOWN STEP	2026-02-22T17:34:16.5976302Z + cat
validate-generated-files	UNKNOWN STEP	2026-02-22T17:34:16.5985540Z + cat
validate-generated-files	UNKNOWN STEP	2026-02-22T17:34:16.5996436Z + [[ tests-e2e-fixtures-resourcemanager == \u\n\i\t\-\t\e\s\t\s ]]
validate-generated-files	UNKNOWN STEP	2026-02-22T17:34:16.5997073Z + cat
validate-generated-files	UNKNOWN STEP	2026-02-22T17:34:16.6007887Z + [[ tests-e2e-fixtures-resourcemanager == \t\e\s\t\-\m\o\c\k\g\c\p ]]
validate-generated-files	UNKNOWN STEP	2026-02-22T17:34:16.6008608Z + [[ tests-e2e-fixtures-resourcemanager == \u\n\i\t\-\t\e\s\t\s ]]
validate-generated-files	UNKNOWN STEP	2026-02-22T17:34:16.6009169Z + cat
validate-generated-files	UNKNOWN STEP	2026-02-22T17:34:16.6019037Z + for f in $(find dev/ci/presubmits -type f | sort)
validate-generated-files	UNKNOWN STEP	2026-02-22T17:34:16.6021891Z ++ basename dev/ci/presubmits/tests-e2e-fixtures-run
validate-generated-files	UNKNOWN STEP	2026-02-22T17:34:16.6031467Z + name=tests-e2e-fixtures-run
validate-generated-files	UNKNOWN STEP	2026-02-22T17:34:16.6031762Z + cat
validate-generated-files	UNKNOWN STEP	2026-02-22T17:34:16.6042718Z + [[ tests-e2e-fixtures-run == \g\o\l\a\n\g\c\i\-\l\i\n\t ]]
validate-generated-files	UNKNOWN STEP	2026-02-22T17:34:16.6043209Z + [[ tests-e2e-fixtures-run == \l\i\c\e\n\s\e\-\l\i\n\t ]]
validate-generated-files	UNKNOWN STEP	2026-02-22T17:34:16.6043798Z + [[ tests-e2e-fixtures-run == tests-e2e-* ]]
validate-generated-files	UNKNOWN STEP	2026-02-22T17:34:16.6044254Z + cat
validate-generated-files	UNKNOWN STEP	2026-02-22T17:34:16.6054142Z + cat
validate-generated-files	UNKNOWN STEP	2026-02-22T17:34:16.6064880Z + [[ tests-e2e-fixtures-run == \u\n\i\t\-\t\e\s\t\s ]]
validate-generated-files	UNKNOWN STEP	2026-02-22T17:34:16.6065405Z + cat
validate-generated-files	UNKNOWN STEP	2026-02-22T17:34:16.6075831Z + [[ tests-e2e-fixtures-run == \t\e\s\t\-\m\o\c\k\g\c\p ]]
validate-generated-files	UNKNOWN STEP	2026-02-22T17:34:16.6076480Z + [[ tests-e2e-fixtures-run == \u\n\i\t\-\t\e\s\t\s ]]
validate-generated-files	UNKNOWN STEP	2026-02-22T17:34:16.6076927Z + cat
validate-generated-files	UNKNOWN STEP	2026-02-22T17:34:16.6086969Z + for f in $(find dev/ci/presubmits -type f | sort)
validate-generated-files	UNKNOWN STEP	2026-02-22T17:34:16.6089512Z ++ basename dev/ci/presubmits/tests-e2e-fixtures-secretmanager
validate-generated-files	UNKNOWN STEP	2026-02-22T17:34:16.6098858Z + name=tests-e2e-fixtures-secretmanager
validate-generated-files	UNKNOWN STEP	2026-02-22T17:34:16.6099324Z + cat
validate-generated-files	UNKNOWN STEP	2026-02-22T17:34:16.6109958Z + [[ tests-e2e-fixtures-secretmanager == \g\o\l\a\n\g\c\i\-\l\i\n\t ]]
validate-generated-files	UNKNOWN STEP	2026-02-22T17:34:16.6110818Z + [[ tests-e2e-fixtures-secretmanager == \l\i\c\e\n\s\e\-\l\i\n\t ]]
validate-generated-files	UNKNOWN STEP	2026-02-22T17:34:16.6111302Z + [[ tests-e2e-fixtures-secretmanager == tests-e2e-* ]]
validate-generated-files	UNKNOWN STEP	2026-02-22T17:34:16.6111623Z + cat
validate-generated-files	UNKNOWN STEP	2026-02-22T17:34:16.6120713Z + cat
validate-generated-files	UNKNOWN STEP	2026-02-22T17:34:16.6132038Z + [[ tests-e2e-fixtures-secretmanager == \u\n\i\t\-\t\e\s\t\s ]]
validate-generated-files	UNKNOWN STEP	2026-02-22T17:34:16.6142775Z + cat
validate-generated-files	UNKNOWN STEP	2026-02-22T17:34:16.6143363Z + [[ tests-e2e-fixtures-secretmanager == \t\e\s\t\-\m\o\c\k\g\c\p ]]
validate-generated-files	UNKNOWN STEP	2026-02-22T17:34:16.6144141Z + [[ tests-e2e-fixtures-secretmanager == \u\n\i\t\-\t\e\s\t\s ]]
validate-generated-files	UNKNOWN STEP	2026-02-22T17:34:16.6144745Z + cat
validate-generated-files	UNKNOWN STEP	2026-02-22T17:34:16.6155331Z + for f in $(find dev/ci/presubmits -type f | sort)
validate-generated-files	UNKNOWN STEP	2026-02-22T17:34:16.6157887Z ++ basename dev/ci/presubmits/tests-e2e-fixtures-securesourcemanager
validate-generated-files	UNKNOWN STEP	2026-02-22T17:34:16.6168095Z + name=tests-e2e-fixtures-securesourcemanager
validate-generated-files	UNKNOWN STEP	2026-02-22T17:34:16.6168593Z + cat
validate-generated-files	UNKNOWN STEP	2026-02-22T17:34:16.6179486Z + [[ tests-e2e-fixtures-securesourcemanager == \g\o\l\a\n\g\c\i\-\l\i\n\t ]]
validate-generated-files	UNKNOWN STEP	2026-02-22T17:34:16.6180411Z + [[ tests-e2e-fixtures-securesourcemanager == \l\i\c\e\n\s\e\-\l\i\n\t ]]
validate-generated-files	UNKNOWN STEP	2026-02-22T17:34:16.6181089Z + [[ tests-e2e-fixtures-securesourcemanager == tests-e2e-* ]]
validate-generated-files	UNKNOWN STEP	2026-02-22T17:34:16.6181417Z + cat
validate-generated-files	UNKNOWN STEP	2026-02-22T17:34:16.6190443Z + cat
validate-generated-files	UNKNOWN STEP	2026-02-22T17:34:16.6201298Z + [[ tests-e2e-fixtures-securesourcemanager == \u\n\i\t\-\t\e\s\t\s ]]
validate-generated-files	UNKNOWN STEP	2026-02-22T17:34:16.6201936Z + cat
validate-generated-files	UNKNOWN STEP	2026-02-22T17:34:16.6212351Z + [[ tests-e2e-fixtures-securesourcemanager == \t\e\s\t\-\m\o\c\k\g\c\p ]]
validate-generated-files	UNKNOWN STEP	2026-02-22T17:34:16.6213262Z + [[ tests-e2e-fixtures-securesourcemanager == \u\n\i\t\-\t\e\s\t\s ]]
validate-generated-files	UNKNOWN STEP	2026-02-22T17:34:16.6213891Z + cat
validate-generated-files	UNKNOWN STEP	2026-02-22T17:34:16.6224022Z + for f in $(find dev/ci/presubmits -type f | sort)
validate-generated-files	UNKNOWN STEP	2026-02-22T17:34:16.6227046Z ++ basename dev/ci/presubmits/tests-e2e-fixtures-securitycenter
validate-generated-files	UNKNOWN STEP	2026-02-22T17:34:16.6236220Z + name=tests-e2e-fixtures-securitycenter
validate-generated-files	UNKNOWN STEP	2026-02-22T17:34:16.6236523Z + cat
validate-generated-files	UNKNOWN STEP	2026-02-22T17:34:16.6247381Z + [[ tests-e2e-fixtures-securitycenter == \g\o\l\a\n\g\c\i\-\l\i\n\t ]]
validate-generated-files	UNKNOWN STEP	2026-02-22T17:34:16.6248080Z + [[ tests-e2e-fixtures-securitycenter == \l\i\c\e\n\s\e\-\l\i\n\t ]]
validate-generated-files	UNKNOWN STEP	2026-02-22T17:34:16.6248829Z + [[ tests-e2e-fixtures-securitycenter == tests-e2e-* ]]
validate-generated-files	UNKNOWN STEP	2026-02-22T17:34:16.6249355Z + cat
validate-generated-files	UNKNOWN STEP	2026-02-22T17:34:16.6258822Z + cat
validate-generated-files	UNKNOWN STEP	2026-02-22T17:34:16.6270215Z + [[ tests-e2e-fixtures-securitycenter == \u\n\i\t\-\t\e\s\t\s ]]
validate-generated-files	UNKNOWN STEP	2026-02-22T17:34:16.6270830Z + cat
validate-generated-files	UNKNOWN STEP	2026-02-22T17:34:16.6281293Z + [[ tests-e2e-fixtures-securitycenter == \t\e\s\t\-\m\o\c\k\g\c\p ]]
validate-generated-files	UNKNOWN STEP	2026-02-22T17:34:16.6282144Z + [[ tests-e2e-fixtures-securitycenter == \u\n\i\t\-\t\e\s\t\s ]]
validate-generated-files	UNKNOWN STEP	2026-02-22T17:34:16.6282747Z + cat
validate-generated-files	UNKNOWN STEP	2026-02-22T17:34:16.6292901Z + for f in $(find dev/ci/presubmits -type f | sort)
validate-generated-files	UNKNOWN STEP	2026-02-22T17:34:16.6295870Z ++ basename dev/ci/presubmits/tests-e2e-fixtures-servicedirectory
validate-generated-files	UNKNOWN STEP	2026-02-22T17:34:16.6305640Z + name=tests-e2e-fixtures-servicedirectory
validate-generated-files	UNKNOWN STEP	2026-02-22T17:34:16.6305950Z + cat
validate-generated-files	UNKNOWN STEP	2026-02-22T17:34:16.6316845Z + [[ tests-e2e-fixtures-servicedirectory == \g\o\l\a\n\g\c\i\-\l\i\n\t ]]
validate-generated-files	UNKNOWN STEP	2026-02-22T17:34:16.6317574Z + [[ tests-e2e-fixtures-servicedirectory == \l\i\c\e\n\s\e\-\l\i\n\t ]]
validate-generated-files	UNKNOWN STEP	2026-02-22T17:34:16.6318575Z + [[ tests-e2e-fixtures-servicedirectory == tests-e2e-* ]]
validate-generated-files	UNKNOWN STEP	2026-02-22T17:34:16.6319110Z + cat
validate-generated-files	UNKNOWN STEP	2026-02-22T17:34:16.6328208Z + cat
validate-generated-files	UNKNOWN STEP	2026-02-22T17:34:16.6339699Z + [[ tests-e2e-fixtures-servicedirectory == \u\n\i\t\-\t\e\s\t\s ]]
validate-generated-files	UNKNOWN STEP	2026-02-22T17:34:16.6340314Z + cat
validate-generated-files	UNKNOWN STEP	2026-02-22T17:34:16.6350906Z + [[ tests-e2e-fixtures-servicedirectory == \t\e\s\t\-\m\o\c\k\g\c\p ]]
validate-generated-files	UNKNOWN STEP	2026-02-22T17:34:16.6351742Z + [[ tests-e2e-fixtures-servicedirectory == \u\n\i\t\-\t\e\s\t\s ]]
validate-generated-files	UNKNOWN STEP	2026-02-22T17:34:16.6352100Z + cat
validate-generated-files	UNKNOWN STEP	2026-02-22T17:34:16.6361804Z + for f in $(find dev/ci/presubmits -type f | sort)
validate-generated-files	UNKNOWN STEP	2026-02-22T17:34:16.6364600Z ++ basename dev/ci/presubmits/tests-e2e-fixtures-servicenetworking
validate-generated-files	UNKNOWN STEP	2026-02-22T17:34:16.6373655Z + name=tests-e2e-fixtures-servicenetworking
validate-generated-files	UNKNOWN STEP	2026-02-22T17:34:16.6374162Z + cat
validate-generated-files	UNKNOWN STEP	2026-02-22T17:34:16.6385071Z + [[ tests-e2e-fixtures-servicenetworking == \g\o\l\a\n\g\c\i\-\l\i\n\t ]]
validate-generated-files	UNKNOWN STEP	2026-02-22T17:34:16.6386068Z + [[ tests-e2e-fixtures-servicenetworking == \l\i\c\e\n\s\e\-\l\i\n\t ]]
validate-generated-files	UNKNOWN STEP	2026-02-22T17:34:16.6386738Z + [[ tests-e2e-fixtures-servicenetworking == tests-e2e-* ]]
validate-generated-files	UNKNOWN STEP	2026-02-22T17:34:16.6387116Z + cat
validate-generated-files	UNKNOWN STEP	2026-02-22T17:34:16.6395912Z + cat
validate-generated-files	UNKNOWN STEP	2026-02-22T17:34:16.6406992Z + [[ tests-e2e-fixtures-servicenetworking == \u\n\i\t\-\t\e\s\t\s ]]
validate-generated-files	UNKNOWN STEP	2026-02-22T17:34:16.6407714Z + cat
validate-generated-files	UNKNOWN STEP	2026-02-22T17:34:16.6418034Z + [[ tests-e2e-fixtures-servicenetworking == \t\e\s\t\-\m\o\c\k\g\c\p ]]
validate-generated-files	UNKNOWN STEP	2026-02-22T17:34:16.6418912Z + [[ tests-e2e-fixtures-servicenetworking == \u\n\i\t\-\t\e\s\t\s ]]
validate-generated-files	UNKNOWN STEP	2026-02-22T17:34:16.6419324Z + cat
validate-generated-files	UNKNOWN STEP	2026-02-22T17:34:16.6428968Z + for f in $(find dev/ci/presubmits -type f | sort)
validate-generated-files	UNKNOWN STEP	2026-02-22T17:34:16.6431647Z ++ basename dev/ci/presubmits/tests-e2e-fixtures-serviceusage
validate-generated-files	UNKNOWN STEP	2026-02-22T17:34:16.6441292Z + name=tests-e2e-fixtures-serviceusage
validate-generated-files	UNKNOWN STEP	2026-02-22T17:34:16.6441790Z + cat
validate-generated-files	UNKNOWN STEP	2026-02-22T17:34:16.6452300Z + [[ tests-e2e-fixtures-serviceusage == \g\o\l\a\n\g\c\i\-\l\i\n\t ]]
validate-generated-files	UNKNOWN STEP	2026-02-22T17:34:16.6453172Z + [[ tests-e2e-fixtures-serviceusage == \l\i\c\e\n\s\e\-\l\i\n\t ]]
validate-generated-files	UNKNOWN STEP	2026-02-22T17:34:16.6453951Z + [[ tests-e2e-fixtures-serviceusage == tests-e2e-* ]]
validate-generated-files	UNKNOWN STEP	2026-02-22T17:34:16.6454908Z + cat
validate-generated-files	UNKNOWN STEP	2026-02-22T17:34:16.6464113Z + cat
validate-generated-files	UNKNOWN STEP	2026-02-22T17:34:16.6475035Z + [[ tests-e2e-fixtures-serviceusage == \u\n\i\t\-\t\e\s\t\s ]]
validate-generated-files	UNKNOWN STEP	2026-02-22T17:34:16.6475732Z + cat
validate-generated-files	UNKNOWN STEP	2026-02-22T17:34:16.6486621Z + [[ tests-e2e-fixtures-serviceusage == \t\e\s\t\-\m\o\c\k\g\c\p ]]
validate-generated-files	UNKNOWN STEP	2026-02-22T17:34:16.6487545Z + [[ tests-e2e-fixtures-serviceusage == \u\n\i\t\-\t\e\s\t\s ]]
validate-generated-files	UNKNOWN STEP	2026-02-22T17:34:16.6487958Z + cat
validate-generated-files	UNKNOWN STEP	2026-02-22T17:34:16.6497953Z + for f in $(find dev/ci/presubmits -type f | sort)
validate-generated-files	UNKNOWN STEP	2026-02-22T17:34:16.6500447Z ++ basename dev/ci/presubmits/tests-e2e-fixtures-sourcerepo
validate-generated-files	UNKNOWN STEP	2026-02-22T17:34:16.6510003Z + name=tests-e2e-fixtures-sourcerepo
validate-generated-files	UNKNOWN STEP	2026-02-22T17:34:16.6510488Z + cat
validate-generated-files	UNKNOWN STEP	2026-02-22T17:34:16.6521837Z + [[ tests-e2e-fixtures-sourcerepo == \g\o\l\a\n\g\c\i\-\l\i\n\t ]]
validate-generated-files	UNKNOWN STEP	2026-02-22T17:34:16.6522668Z + [[ tests-e2e-fixtures-sourcerepo == \l\i\c\e\n\s\e\-\l\i\n\t ]]
validate-generated-files	UNKNOWN STEP	2026-02-22T17:34:16.6523196Z + [[ tests-e2e-fixtures-sourcerepo == tests-e2e-* ]]
validate-generated-files	UNKNOWN STEP	2026-02-22T17:34:16.6523557Z + cat
validate-generated-files	UNKNOWN STEP	2026-02-22T17:34:16.6532424Z + cat
validate-generated-files	UNKNOWN STEP	2026-02-22T17:34:16.6543854Z + [[ tests-e2e-fixtures-sourcerepo == \u\n\i\t\-\t\e\s\t\s ]]
validate-generated-files	UNKNOWN STEP	2026-02-22T17:34:16.6544525Z + cat
validate-generated-files	UNKNOWN STEP	2026-02-22T17:34:16.6554616Z + [[ tests-e2e-fixtures-sourcerepo == \t\e\s\t\-\m\o\c\k\g\c\p ]]
validate-generated-files	UNKNOWN STEP	2026-02-22T17:34:16.6555330Z + [[ tests-e2e-fixtures-sourcerepo == \u\n\i\t\-\t\e\s\t\s ]]
validate-generated-files	UNKNOWN STEP	2026-02-22T17:34:16.6555658Z + cat
validate-generated-files	UNKNOWN STEP	2026-02-22T17:34:16.6565526Z + for f in $(find dev/ci/presubmits -type f | sort)
validate-generated-files	UNKNOWN STEP	2026-02-22T17:34:16.6567857Z ++ basename dev/ci/presubmits/tests-e2e-fixtures-spanner
validate-generated-files	UNKNOWN STEP	2026-02-22T17:34:16.6577717Z + name=tests-e2e-fixtures-spanner
validate-generated-files	UNKNOWN STEP	2026-02-22T17:34:16.6577999Z + cat
validate-generated-files	UNKNOWN STEP	2026-02-22T17:34:16.6588909Z + [[ tests-e2e-fixtures-spanner == \g\o\l\a\n\g\c\i\-\l\i\n\t ]]
validate-generated-files	UNKNOWN STEP	2026-02-22T17:34:16.6589467Z + [[ tests-e2e-fixtures-spanner == \l\i\c\e\n\s\e\-\l\i\n\t ]]
validate-generated-files	UNKNOWN STEP	2026-02-22T17:34:16.6590116Z + [[ tests-e2e-fixtures-spanner == tests-e2e-* ]]
validate-generated-files	UNKNOWN STEP	2026-02-22T17:34:16.6590586Z + cat
validate-generated-files	UNKNOWN STEP	2026-02-22T17:34:16.6600373Z + cat
validate-generated-files	UNKNOWN STEP	2026-02-22T17:34:16.6611896Z + [[ tests-e2e-fixtures-spanner == \u\n\i\t\-\t\e\s\t\s ]]
validate-generated-files	UNKNOWN STEP	2026-02-22T17:34:16.6612227Z + cat
validate-generated-files	UNKNOWN STEP	2026-02-22T17:34:16.6623212Z + [[ tests-e2e-fixtures-spanner == \t\e\s\t\-\m\o\c\k\g\c\p ]]
validate-generated-files	UNKNOWN STEP	2026-02-22T17:34:16.6623931Z + [[ tests-e2e-fixtures-spanner == \u\n\i\t\-\t\e\s\t\s ]]
validate-generated-files	UNKNOWN STEP	2026-02-22T17:34:16.6624283Z + cat
validate-generated-files	UNKNOWN STEP	2026-02-22T17:34:16.6634272Z + for f in $(find dev/ci/presubmits -type f | sort)
validate-generated-files	UNKNOWN STEP	2026-02-22T17:34:16.6637697Z ++ basename dev/ci/presubmits/tests-e2e-fixtures-speech
validate-generated-files	UNKNOWN STEP	2026-02-22T17:34:16.6647205Z + name=tests-e2e-fixtures-speech
validate-generated-files	UNKNOWN STEP	2026-02-22T17:34:16.6647616Z + cat
validate-generated-files	UNKNOWN STEP	2026-02-22T17:34:16.6658738Z + [[ tests-e2e-fixtures-speech == \g\o\l\a\n\g\c\i\-\l\i\n\t ]]
validate-generated-files	UNKNOWN STEP	2026-02-22T17:34:16.6659448Z + [[ tests-e2e-fixtures-speech == \l\i\c\e\n\s\e\-\l\i\n\t ]]
validate-generated-files	UNKNOWN STEP	2026-02-22T17:34:16.6660087Z + [[ tests-e2e-fixtures-speech == tests-e2e-* ]]
validate-generated-files	UNKNOWN STEP	2026-02-22T17:34:16.6660553Z + cat
validate-generated-files	UNKNOWN STEP	2026-02-22T17:34:16.6670566Z + cat
validate-generated-files	UNKNOWN STEP	2026-02-22T17:34:16.6682070Z + [[ tests-e2e-fixtures-speech == \u\n\i\t\-\t\e\s\t\s ]]
validate-generated-files	UNKNOWN STEP	2026-02-22T17:34:16.6682585Z + cat
validate-generated-files	UNKNOWN STEP	2026-02-22T17:34:16.6693558Z + [[ tests-e2e-fixtures-speech == \t\e\s\t\-\m\o\c\k\g\c\p ]]
validate-generated-files	UNKNOWN STEP	2026-02-22T17:34:16.6694231Z + [[ tests-e2e-fixtures-speech == \u\n\i\t\-\t\e\s\t\s ]]
validate-generated-files	UNKNOWN STEP	2026-02-22T17:34:16.6695026Z + cat
validate-generated-files	UNKNOWN STEP	2026-02-22T17:34:16.6705678Z + for f in $(find dev/ci/presubmits -type f | sort)
validate-generated-files	UNKNOWN STEP	2026-02-22T17:34:16.6708984Z ++ basename dev/ci/presubmits/tests-e2e-fixtures-sql
validate-generated-files	UNKNOWN STEP	2026-02-22T17:34:16.6718877Z + name=tests-e2e-fixtures-sql
validate-generated-files	UNKNOWN STEP	2026-02-22T17:34:16.6719269Z + cat
validate-generated-files	UNKNOWN STEP	2026-02-22T17:34:16.6730398Z + [[ tests-e2e-fixtures-sql == \g\o\l\a\n\g\c\i\-\l\i\n\t ]]
validate-generated-files	UNKNOWN STEP	2026-02-22T17:34:16.6731047Z + [[ tests-e2e-fixtures-sql == \l\i\c\e\n\s\e\-\l\i\n\t ]]
validate-generated-files	UNKNOWN STEP	2026-02-22T17:34:16.6731629Z + [[ tests-e2e-fixtures-sql == tests-e2e-* ]]
validate-generated-files	UNKNOWN STEP	2026-02-22T17:34:16.6732068Z + cat
validate-generated-files	UNKNOWN STEP	2026-02-22T17:34:16.6741887Z + cat
validate-generated-files	UNKNOWN STEP	2026-02-22T17:34:16.6753640Z + [[ tests-e2e-fixtures-sql == \u\n\i\t\-\t\e\s\t\s ]]
validate-generated-files	UNKNOWN STEP	2026-02-22T17:34:16.6754124Z + cat
validate-generated-files	UNKNOWN STEP	2026-02-22T17:34:16.6765136Z + [[ tests-e2e-fixtures-sql == \t\e\s\t\-\m\o\c\k\g\c\p ]]
validate-generated-files	UNKNOWN STEP	2026-02-22T17:34:16.6765986Z + [[ tests-e2e-fixtures-sql == \u\n\i\t\-\t\e\s\t\s ]]
validate-generated-files	UNKNOWN STEP	2026-02-22T17:34:16.6766494Z + cat
validate-generated-files	UNKNOWN STEP	2026-02-22T17:34:16.6777188Z + for f in $(find dev/ci/presubmits -type f | sort)
validate-generated-files	UNKNOWN STEP	2026-02-22T17:34:16.6780723Z ++ basename dev/ci/presubmits/tests-e2e-fixtures-storage
validate-generated-files	UNKNOWN STEP	2026-02-22T17:34:16.6793086Z + name=tests-e2e-fixtures-storage
validate-generated-files	UNKNOWN STEP	2026-02-22T17:34:16.6793532Z + cat
validate-generated-files	UNKNOWN STEP	2026-02-22T17:34:16.6804609Z + [[ tests-e2e-fixtures-storage == \g\o\l\a\n\g\c\i\-\l\i\n\t ]]
validate-generated-files	UNKNOWN STEP	2026-02-22T17:34:16.6805337Z + [[ tests-e2e-fixtures-storage == \l\i\c\e\n\s\e\-\l\i\n\t ]]
validate-generated-files	UNKNOWN STEP	2026-02-22T17:34:16.6805944Z + [[ tests-e2e-fixtures-storage == tests-e2e-* ]]
validate-generated-files	UNKNOWN STEP	2026-02-22T17:34:16.6806309Z + cat
validate-generated-files	UNKNOWN STEP	2026-02-22T17:34:16.6817554Z + cat
validate-generated-files	UNKNOWN STEP	2026-02-22T17:34:16.6829660Z + [[ tests-e2e-fixtures-storage == \u\n\i\t\-\t\e\s\t\s ]]
validate-generated-files	UNKNOWN STEP	2026-02-22T17:34:16.6830170Z + cat
validate-generated-files	UNKNOWN STEP	2026-02-22T17:34:16.6841160Z + [[ tests-e2e-fixtures-storage == \t\e\s\t\-\m\o\c\k\g\c\p ]]
validate-generated-files	UNKNOWN STEP	2026-02-22T17:34:16.6841824Z + [[ tests-e2e-fixtures-storage == \u\n\i\t\-\t\e\s\t\s ]]
validate-generated-files	UNKNOWN STEP	2026-02-22T17:34:16.6842348Z + cat
validate-generated-files	UNKNOWN STEP	2026-02-22T17:34:16.6852828Z + for f in $(find dev/ci/presubmits -type f | sort)
validate-generated-files	UNKNOWN STEP	2026-02-22T17:34:16.6856083Z ++ basename dev/ci/presubmits/tests-e2e-fixtures-storagetransfer
validate-generated-files	UNKNOWN STEP	2026-02-22T17:34:16.6865393Z + name=tests-e2e-fixtures-storagetransfer
validate-generated-files	UNKNOWN STEP	2026-02-22T17:34:16.6865850Z + cat
validate-generated-files	UNKNOWN STEP	2026-02-22T17:34:16.6877101Z + [[ tests-e2e-fixtures-storagetransfer == \g\o\l\a\n\g\c\i\-\l\i\n\t ]]
validate-generated-files	UNKNOWN STEP	2026-02-22T17:34:16.6877952Z + [[ tests-e2e-fixtures-storagetransfer == \l\i\c\e\n\s\e\-\l\i\n\t ]]
validate-generated-files	UNKNOWN STEP	2026-02-22T17:34:16.6878690Z + [[ tests-e2e-fixtures-storagetransfer == tests-e2e-* ]]
validate-generated-files	UNKNOWN STEP	2026-02-22T17:34:16.6879226Z + cat
validate-generated-files	UNKNOWN STEP	2026-02-22T17:34:16.6888634Z + cat
validate-generated-files	UNKNOWN STEP	2026-02-22T17:34:16.6900092Z + [[ tests-e2e-fixtures-storagetransfer == \u\n\i\t\-\t\e\s\t\s ]]
validate-generated-files	UNKNOWN STEP	2026-02-22T17:34:16.6900655Z + cat
validate-generated-files	UNKNOWN STEP	2026-02-22T17:34:16.6911996Z + [[ tests-e2e-fixtures-storagetransfer == \t\e\s\t\-\m\o\c\k\g\c\p ]]
validate-generated-files	UNKNOWN STEP	2026-02-22T17:34:16.6912805Z + [[ tests-e2e-fixtures-storagetransfer == \u\n\i\t\-\t\e\s\t\s ]]
validate-generated-files	UNKNOWN STEP	2026-02-22T17:34:16.6913587Z + cat
validate-generated-files	UNKNOWN STEP	2026-02-22T17:34:16.6923581Z + for f in $(find dev/ci/presubmits -type f | sort)
validate-generated-files	UNKNOWN STEP	2026-02-22T17:34:16.6926990Z ++ basename dev/ci/presubmits/tests-e2e-fixtures-tags
validate-generated-files	UNKNOWN STEP	2026-02-22T17:34:16.6936239Z + name=tests-e2e-fixtures-tags
validate-generated-files	UNKNOWN STEP	2026-02-22T17:34:16.6936637Z + cat
validate-generated-files	UNKNOWN STEP	2026-02-22T17:34:16.6948291Z + [[ tests-e2e-fixtures-tags == \g\o\l\a\n\g\c\i\-\l\i\n\t ]]
validate-generated-files	UNKNOWN STEP	2026-02-22T17:34:16.6948956Z + [[ tests-e2e-fixtures-tags == \l\i\c\e\n\s\e\-\l\i\n\t ]]
validate-generated-files	UNKNOWN STEP	2026-02-22T17:34:16.6949546Z + [[ tests-e2e-fixtures-tags == tests-e2e-* ]]
validate-generated-files	UNKNOWN STEP	2026-02-22T17:34:16.6949983Z + cat
validate-generated-files	UNKNOWN STEP	2026-02-22T17:34:16.6959838Z + cat
validate-generated-files	UNKNOWN STEP	2026-02-22T17:34:16.6971148Z + [[ tests-e2e-fixtures-tags == \u\n\i\t\-\t\e\s\t\s ]]
validate-generated-files	UNKNOWN STEP	2026-02-22T17:34:16.6971634Z + cat
validate-generated-files	UNKNOWN STEP	2026-02-22T17:34:16.6982726Z + [[ tests-e2e-fixtures-tags == \t\e\s\t\-\m\o\c\k\g\c\p ]]
validate-generated-files	UNKNOWN STEP	2026-02-22T17:34:16.6983354Z + [[ tests-e2e-fixtures-tags == \u\n\i\t\-\t\e\s\t\s ]]
validate-generated-files	UNKNOWN STEP	2026-02-22T17:34:16.6983836Z + cat
validate-generated-files	UNKNOWN STEP	2026-02-22T17:34:16.6994626Z + for f in $(find dev/ci/presubmits -type f | sort)
validate-generated-files	UNKNOWN STEP	2026-02-22T17:34:16.6997837Z ++ basename dev/ci/presubmits/tests-e2e-fixtures-tpu
validate-generated-files	UNKNOWN STEP	2026-02-22T17:34:16.7007286Z + name=tests-e2e-fixtures-tpu
validate-generated-files	UNKNOWN STEP	2026-02-22T17:34:16.7007681Z + cat
validate-generated-files	UNKNOWN STEP	2026-02-22T17:34:16.7019250Z + [[ tests-e2e-fixtures-tpu == \g\o\l\a\n\g\c\i\-\l\i\n\t ]]
validate-generated-files	UNKNOWN STEP	2026-02-22T17:34:16.7019896Z + [[ tests-e2e-fixtures-tpu == \l\i\c\e\n\s\e\-\l\i\n\t ]]
validate-generated-files	UNKNOWN STEP	2026-02-22T17:34:16.7020481Z + [[ tests-e2e-fixtures-tpu == tests-e2e-* ]]
validate-generated-files	UNKNOWN STEP	2026-02-22T17:34:16.7020926Z + cat
validate-generated-files	UNKNOWN STEP	2026-02-22T17:34:16.7030618Z + cat
validate-generated-files	UNKNOWN STEP	2026-02-22T17:34:16.7041346Z + [[ tests-e2e-fixtures-tpu == \u\n\i\t\-\t\e\s\t\s ]]
validate-generated-files	UNKNOWN STEP	2026-02-22T17:34:16.7041663Z + cat
validate-generated-files	UNKNOWN STEP	2026-02-22T17:34:16.7052493Z + [[ tests-e2e-fixtures-tpu == \t\e\s\t\-\m\o\c\k\g\c\p ]]
validate-generated-files	UNKNOWN STEP	2026-02-22T17:34:16.7052889Z + [[ tests-e2e-fixtures-tpu == \u\n\i\t\-\t\e\s\t\s ]]
validate-generated-files	UNKNOWN STEP	2026-02-22T17:34:16.7053398Z + cat
validate-generated-files	UNKNOWN STEP	2026-02-22T17:34:16.7063501Z + for f in $(find dev/ci/presubmits -type f | sort)
validate-generated-files	UNKNOWN STEP	2026-02-22T17:34:16.7066454Z ++ basename dev/ci/presubmits/tests-e2e-fixtures-vertexai
validate-generated-files	UNKNOWN STEP	2026-02-22T17:34:16.7075498Z + name=tests-e2e-fixtures-vertexai
validate-generated-files	UNKNOWN STEP	2026-02-22T17:34:16.7075830Z + cat
validate-generated-files	UNKNOWN STEP	2026-02-22T17:34:16.7086694Z + [[ tests-e2e-fixtures-vertexai == \g\o\l\a\n\g\c\i\-\l\i\n\t ]]
validate-generated-files	UNKNOWN STEP	2026-02-22T17:34:16.7087333Z + [[ tests-e2e-fixtures-vertexai == \l\i\c\e\n\s\e\-\l\i\n\t ]]
validate-generated-files	UNKNOWN STEP	2026-02-22T17:34:16.7087983Z + [[ tests-e2e-fixtures-vertexai == tests-e2e-* ]]
validate-generated-files	UNKNOWN STEP	2026-02-22T17:34:16.7088474Z + cat
validate-generated-files	UNKNOWN STEP	2026-02-22T17:34:16.7098261Z + cat
validate-generated-files	UNKNOWN STEP	2026-02-22T17:34:16.7109108Z + [[ tests-e2e-fixtures-vertexai == \u\n\i\t\-\t\e\s\t\s ]]
validate-generated-files	UNKNOWN STEP	2026-02-22T17:34:16.7109634Z + cat
validate-generated-files	UNKNOWN STEP	2026-02-22T17:34:16.7119912Z + [[ tests-e2e-fixtures-vertexai == \t\e\s\t\-\m\o\c\k\g\c\p ]]
validate-generated-files	UNKNOWN STEP	2026-02-22T17:34:16.7120565Z + [[ tests-e2e-fixtures-vertexai == \u\n\i\t\-\t\e\s\t\s ]]
validate-generated-files	UNKNOWN STEP	2026-02-22T17:34:16.7120889Z + cat
validate-generated-files	UNKNOWN STEP	2026-02-22T17:34:16.7130714Z + for f in $(find dev/ci/presubmits -type f | sort)
validate-generated-files	UNKNOWN STEP	2026-02-22T17:34:16.7133241Z ++ basename dev/ci/presubmits/tests-e2e-fixtures-vmwareengine
validate-generated-files	UNKNOWN STEP	2026-02-22T17:34:16.7142639Z + name=tests-e2e-fixtures-vmwareengine
validate-generated-files	UNKNOWN STEP	2026-02-22T17:34:16.7143077Z + cat
validate-generated-files	UNKNOWN STEP	2026-02-22T17:34:16.7153463Z + [[ tests-e2e-fixtures-vmwareengine == \g\o\l\a\n\g\c\i\-\l\i\n\t ]]
validate-generated-files	UNKNOWN STEP	2026-02-22T17:34:16.7154240Z + [[ tests-e2e-fixtures-vmwareengine == \l\i\c\e\n\s\e\-\l\i\n\t ]]
validate-generated-files	UNKNOWN STEP	2026-02-22T17:34:16.7154863Z + [[ tests-e2e-fixtures-vmwareengine == tests-e2e-* ]]
validate-generated-files	UNKNOWN STEP	2026-02-22T17:34:16.7155213Z + cat
validate-generated-files	UNKNOWN STEP	2026-02-22T17:34:16.7164001Z + cat
validate-generated-files	UNKNOWN STEP	2026-02-22T17:34:16.7175492Z + [[ tests-e2e-fixtures-vmwareengine == \u\n\i\t\-\t\e\s\t\s ]]
validate-generated-files	UNKNOWN STEP	2026-02-22T17:34:16.7175938Z + cat
validate-generated-files	UNKNOWN STEP	2026-02-22T17:34:16.7186386Z + [[ tests-e2e-fixtures-vmwareengine == \t\e\s\t\-\m\o\c\k\g\c\p ]]
validate-generated-files	UNKNOWN STEP	2026-02-22T17:34:16.7186979Z + [[ tests-e2e-fixtures-vmwareengine == \u\n\i\t\-\t\e\s\t\s ]]
validate-generated-files	UNKNOWN STEP	2026-02-22T17:34:16.7187528Z + cat
validate-generated-files	UNKNOWN STEP	2026-02-22T17:34:16.7197601Z + for f in $(find dev/ci/presubmits -type f | sort)
validate-generated-files	UNKNOWN STEP	2026-02-22T17:34:16.7200499Z ++ basename dev/ci/presubmits/tests-e2e-fixtures-vpcaccess
validate-generated-files	UNKNOWN STEP	2026-02-22T17:34:16.7209563Z + name=tests-e2e-fixtures-vpcaccess
validate-generated-files	UNKNOWN STEP	2026-02-22T17:34:16.7209851Z + cat
validate-generated-files	UNKNOWN STEP	2026-02-22T17:34:16.7220588Z + [[ tests-e2e-fixtures-vpcaccess == \g\o\l\a\n\g\c\i\-\l\i\n\t ]]
validate-generated-files	UNKNOWN STEP	2026-02-22T17:34:16.7221522Z + [[ tests-e2e-fixtures-vpcaccess == \l\i\c\e\n\s\e\-\l\i\n\t ]]
validate-generated-files	UNKNOWN STEP	2026-02-22T17:34:16.7222201Z + [[ tests-e2e-fixtures-vpcaccess == tests-e2e-* ]]
validate-generated-files	UNKNOWN STEP	2026-02-22T17:34:16.7222704Z + cat
validate-generated-files	UNKNOWN STEP	2026-02-22T17:34:16.7232239Z + cat
validate-generated-files	UNKNOWN STEP	2026-02-22T17:34:16.7242971Z + [[ tests-e2e-fixtures-vpcaccess == \u\n\i\t\-\t\e\s\t\s ]]
validate-generated-files	UNKNOWN STEP	2026-02-22T17:34:16.7243543Z + cat
validate-generated-files	UNKNOWN STEP	2026-02-22T17:34:16.7253658Z + [[ tests-e2e-fixtures-vpcaccess == \t\e\s\t\-\m\o\c\k\g\c\p ]]
validate-generated-files	UNKNOWN STEP	2026-02-22T17:34:16.7254658Z + [[ tests-e2e-fixtures-vpcaccess == \u\n\i\t\-\t\e\s\t\s ]]
validate-generated-files	UNKNOWN STEP	2026-02-22T17:34:16.7255077Z + cat
validate-generated-files	UNKNOWN STEP	2026-02-22T17:34:16.7265232Z + for f in $(find dev/ci/presubmits -type f | sort)
validate-generated-files	UNKNOWN STEP	2026-02-22T17:34:16.7268084Z ++ basename dev/ci/presubmits/tests-e2e-fixtures-workflowexecutions
validate-generated-files	UNKNOWN STEP	2026-02-22T17:34:16.7277909Z + name=tests-e2e-fixtures-workflowexecutions
validate-generated-files	UNKNOWN STEP	2026-02-22T17:34:16.7278356Z + cat
validate-generated-files	UNKNOWN STEP	2026-02-22T17:34:16.7289287Z + [[ tests-e2e-fixtures-workflowexecutions == \g\o\l\a\n\g\c\i\-\l\i\n\t ]]
validate-generated-files	UNKNOWN STEP	2026-02-22T17:34:16.7290053Z + [[ tests-e2e-fixtures-workflowexecutions == \l\i\c\e\n\s\e\-\l\i\n\t ]]
validate-generated-files	UNKNOWN STEP	2026-02-22T17:34:16.7290849Z + [[ tests-e2e-fixtures-workflowexecutions == tests-e2e-* ]]
validate-generated-files	UNKNOWN STEP	2026-02-22T17:34:16.7291415Z + cat
validate-generated-files	UNKNOWN STEP	2026-02-22T17:34:16.7300870Z + cat
validate-generated-files	UNKNOWN STEP	2026-02-22T17:34:16.7311906Z + [[ tests-e2e-fixtures-workflowexecutions == \u\n\i\t\-\t\e\s\t\s ]]
validate-generated-files	UNKNOWN STEP	2026-02-22T17:34:16.7312471Z + cat
validate-generated-files	UNKNOWN STEP	2026-02-22T17:34:16.7322917Z + [[ tests-e2e-fixtures-workflowexecutions == \t\e\s\t\-\m\o\c\k\g\c\p ]]
validate-generated-files	UNKNOWN STEP	2026-02-22T17:34:16.7323679Z + [[ tests-e2e-fixtures-workflowexecutions == \u\n\i\t\-\t\e\s\t\s ]]
validate-generated-files	UNKNOWN STEP	2026-02-22T17:34:16.7324042Z + cat
validate-generated-files	UNKNOWN STEP	2026-02-22T17:34:16.7333932Z + for f in $(find dev/ci/presubmits -type f | sort)
validate-generated-files	UNKNOWN STEP	2026-02-22T17:34:16.7336988Z ++ basename dev/ci/presubmits/tests-e2e-fixtures-workflows
validate-generated-files	UNKNOWN STEP	2026-02-22T17:34:16.7346586Z + name=tests-e2e-fixtures-workflows
validate-generated-files	UNKNOWN STEP	2026-02-22T17:34:16.7346890Z + cat
validate-generated-files	UNKNOWN STEP	2026-02-22T17:34:16.7357682Z + [[ tests-e2e-fixtures-workflows == \g\o\l\a\n\g\c\i\-\l\i\n\t ]]
validate-generated-files	UNKNOWN STEP	2026-02-22T17:34:16.7358214Z + [[ tests-e2e-fixtures-workflows == \l\i\c\e\n\s\e\-\l\i\n\t ]]
validate-generated-files	UNKNOWN STEP	2026-02-22T17:34:16.7359084Z + [[ tests-e2e-fixtures-workflows == tests-e2e-* ]]
validate-generated-files	UNKNOWN STEP	2026-02-22T17:34:16.7359590Z + cat
validate-generated-files	UNKNOWN STEP	2026-02-22T17:34:16.7369535Z + cat
validate-generated-files	UNKNOWN STEP	2026-02-22T17:34:16.7380499Z + [[ tests-e2e-fixtures-workflows == \u\n\i\t\-\t\e\s\t\s ]]
validate-generated-files	UNKNOWN STEP	2026-02-22T17:34:16.7381018Z + cat
validate-generated-files	UNKNOWN STEP	2026-02-22T17:34:16.7391442Z + [[ tests-e2e-fixtures-workflows == \t\e\s\t\-\m\o\c\k\g\c\p ]]
validate-generated-files	UNKNOWN STEP	2026-02-22T17:34:16.7392125Z + [[ tests-e2e-fixtures-workflows == \u\n\i\t\-\t\e\s\t\s ]]
validate-generated-files	UNKNOWN STEP	2026-02-22T17:34:16.7392450Z + cat
validate-generated-files	UNKNOWN STEP	2026-02-22T17:34:16.7402159Z + for f in $(find dev/ci/presubmits -type f | sort)
validate-generated-files	UNKNOWN STEP	2026-02-22T17:34:16.7404770Z ++ basename dev/ci/presubmits/tests-e2e-fixtures-workstations
validate-generated-files	UNKNOWN STEP	2026-02-22T17:34:16.7413927Z + name=tests-e2e-fixtures-workstations
validate-generated-files	UNKNOWN STEP	2026-02-22T17:34:16.7414280Z + cat
validate-generated-files	UNKNOWN STEP	2026-02-22T17:34:16.7425528Z + [[ tests-e2e-fixtures-workstations == \g\o\l\a\n\g\c\i\-\l\i\n\t ]]
validate-generated-files	UNKNOWN STEP	2026-02-22T17:34:16.7426364Z + [[ tests-e2e-fixtures-workstations == \l\i\c\e\n\s\e\-\l\i\n\t ]]
validate-generated-files	UNKNOWN STEP	2026-02-22T17:34:16.7426864Z + [[ tests-e2e-fixtures-workstations == tests-e2e-* ]]
validate-generated-files	UNKNOWN STEP	2026-02-22T17:34:16.7427162Z + cat
validate-generated-files	UNKNOWN STEP	2026-02-22T17:34:16.7436045Z + cat
validate-generated-files	UNKNOWN STEP	2026-02-22T17:34:16.7447021Z + [[ tests-e2e-fixtures-workstations == \u\n\i\t\-\t\e\s\t\s ]]
validate-generated-files	UNKNOWN STEP	2026-02-22T17:34:16.7447603Z + cat
validate-generated-files	UNKNOWN STEP	2026-02-22T17:34:16.7458116Z + [[ tests-e2e-fixtures-workstations == \t\e\s\t\-\m\o\c\k\g\c\p ]]
validate-generated-files	UNKNOWN STEP	2026-02-22T17:34:16.7458906Z + [[ tests-e2e-fixtures-workstations == \u\n\i\t\-\t\e\s\t\s ]]
validate-generated-files	UNKNOWN STEP	2026-02-22T17:34:16.7459327Z + cat
validate-generated-files	UNKNOWN STEP	2026-02-22T17:34:16.7469117Z + for f in $(find dev/ci/presubmits -type f | sort)
validate-generated-files	UNKNOWN STEP	2026-02-22T17:34:16.7471808Z ++ basename dev/ci/presubmits/tests-e2e-samples-alloydb
validate-generated-files	UNKNOWN STEP	2026-02-22T17:34:16.7481004Z + name=tests-e2e-samples-alloydb
validate-generated-files	UNKNOWN STEP	2026-02-22T17:34:16.7481472Z + cat
validate-generated-files	UNKNOWN STEP	2026-02-22T17:34:16.7492321Z + [[ tests-e2e-samples-alloydb == \g\o\l\a\n\g\c\i\-\l\i\n\t ]]
validate-generated-files	UNKNOWN STEP	2026-02-22T17:34:16.7493102Z + [[ tests-e2e-samples-alloydb == \l\i\c\e\n\s\e\-\l\i\n\t ]]
validate-generated-files	UNKNOWN STEP	2026-02-22T17:34:16.7493595Z + [[ tests-e2e-samples-alloydb == tests-e2e-* ]]
validate-generated-files	UNKNOWN STEP	2026-02-22T17:34:16.7494110Z + cat
validate-generated-files	UNKNOWN STEP	2026-02-22T17:34:16.7503224Z + cat
validate-generated-files	UNKNOWN STEP	2026-02-22T17:34:16.7514352Z + [[ tests-e2e-samples-alloydb == \u\n\i\t\-\t\e\s\t\s ]]
validate-generated-files	UNKNOWN STEP	2026-02-22T17:34:16.7515183Z + cat
validate-generated-files	UNKNOWN STEP	2026-02-22T17:34:16.7524973Z + [[ tests-e2e-samples-alloydb == \t\e\s\t\-\m\o\c\k\g\c\p ]]
validate-generated-files	UNKNOWN STEP	2026-02-22T17:34:16.7525819Z + [[ tests-e2e-samples-alloydb == \u\n\i\t\-\t\e\s\t\s ]]
validate-generated-files	UNKNOWN STEP	2026-02-22T17:34:16.7526353Z + cat
validate-generated-files	UNKNOWN STEP	2026-02-22T17:34:16.7536209Z + for f in $(find dev/ci/presubmits -type f | sort)
validate-generated-files	UNKNOWN STEP	2026-02-22T17:34:16.7538897Z ++ basename dev/ci/presubmits/tests-e2e-samples-apigateway
validate-generated-files	UNKNOWN STEP	2026-02-22T17:34:16.7548140Z + name=tests-e2e-samples-apigateway
validate-generated-files	UNKNOWN STEP	2026-02-22T17:34:16.7548673Z + cat
validate-generated-files	UNKNOWN STEP	2026-02-22T17:34:16.7559393Z + [[ tests-e2e-samples-apigateway == \g\o\l\a\n\g\c\i\-\l\i\n\t ]]
validate-generated-files	UNKNOWN STEP	2026-02-22T17:34:16.7560288Z + [[ tests-e2e-samples-apigateway == \l\i\c\e\n\s\e\-\l\i\n\t ]]
validate-generated-files	UNKNOWN STEP	2026-02-22T17:34:16.7560791Z + [[ tests-e2e-samples-apigateway == tests-e2e-* ]]
validate-generated-files	UNKNOWN STEP	2026-02-22T17:34:16.7561153Z + cat
validate-generated-files	UNKNOWN STEP	2026-02-22T17:34:16.7570228Z + cat
validate-generated-files	UNKNOWN STEP	2026-02-22T17:34:16.7581539Z + [[ tests-e2e-samples-apigateway == \u\n\i\t\-\t\e\s\t\s ]]
validate-generated-files	UNKNOWN STEP	2026-02-22T17:34:16.7592284Z + cat
validate-generated-files	UNKNOWN STEP	2026-02-22T17:34:16.7592858Z + [[ tests-e2e-samples-apigateway == \t\e\s\t\-\m\o\c\k\g\c\p ]]
validate-generated-files	UNKNOWN STEP	2026-02-22T17:34:16.7593559Z + [[ tests-e2e-samples-apigateway == \u\n\i\t\-\t\e\s\t\s ]]
validate-generated-files	UNKNOWN STEP	2026-02-22T17:34:16.7593964Z + cat
validate-generated-files	UNKNOWN STEP	2026-02-22T17:34:16.7603234Z + for f in $(find dev/ci/presubmits -type f | sort)
validate-generated-files	UNKNOWN STEP	2026-02-22T17:34:16.7606072Z ++ basename dev/ci/presubmits/tests-e2e-samples-apigee
validate-generated-files	UNKNOWN STEP	2026-02-22T17:34:16.7615492Z + name=tests-e2e-samples-apigee
validate-generated-files	UNKNOWN STEP	2026-02-22T17:34:16.7615981Z + cat
validate-generated-files	UNKNOWN STEP	2026-02-22T17:34:16.7626489Z + [[ tests-e2e-samples-apigee == \g\o\l\a\n\g\c\i\-\l\i\n\t ]]
validate-generated-files	UNKNOWN STEP	2026-02-22T17:34:16.7627343Z + [[ tests-e2e-samples-apigee == \l\i\c\e\n\s\e\-\l\i\n\t ]]
validate-generated-files	UNKNOWN STEP	2026-02-22T17:34:16.7627895Z + [[ tests-e2e-samples-apigee == tests-e2e-* ]]
validate-generated-files	UNKNOWN STEP	2026-02-22T17:34:16.7628242Z + cat
validate-generated-files	UNKNOWN STEP	2026-02-22T17:34:16.7637463Z + cat
validate-generated-files	UNKNOWN STEP	2026-02-22T17:34:16.7648317Z + [[ tests-e2e-samples-apigee == \u\n\i\t\-\t\e\s\t\s ]]
validate-generated-files	UNKNOWN STEP	2026-02-22T17:34:16.7648949Z + cat
validate-generated-files	UNKNOWN STEP	2026-02-22T17:34:16.7660354Z + [[ tests-e2e-samples-apigee == \t\e\s\t\-\m\o\c\k\g\c\p ]]
validate-generated-files	UNKNOWN STEP	2026-02-22T17:34:16.7661083Z + [[ tests-e2e-samples-apigee == \u\n\i\t\-\t\e\s\t\s ]]
validate-generated-files	UNKNOWN STEP	2026-02-22T17:34:16.7661384Z + cat
validate-generated-files	UNKNOWN STEP	2026-02-22T17:34:16.7671470Z + for f in $(find dev/ci/presubmits -type f | sort)
validate-generated-files	UNKNOWN STEP	2026-02-22T17:34:16.7673866Z ++ basename dev/ci/presubmits/tests-e2e-samples-bigquery
validate-generated-files	UNKNOWN STEP	2026-02-22T17:34:16.7683232Z + name=tests-e2e-samples-bigquery
validate-generated-files	UNKNOWN STEP	2026-02-22T17:34:16.7683527Z + cat
validate-generated-files	UNKNOWN STEP	2026-02-22T17:34:16.7694576Z + [[ tests-e2e-samples-bigquery == \g\o\l\a\n\g\c\i\-\l\i\n\t ]]
validate-generated-files	UNKNOWN STEP	2026-02-22T17:34:16.7695189Z + [[ tests-e2e-samples-bigquery == \l\i\c\e\n\s\e\-\l\i\n\t ]]
validate-generated-files	UNKNOWN STEP	2026-02-22T17:34:16.7695844Z + [[ tests-e2e-samples-bigquery == tests-e2e-* ]]
validate-generated-files	UNKNOWN STEP	2026-02-22T17:34:16.7696329Z + cat
validate-generated-files	UNKNOWN STEP	2026-02-22T17:34:16.7706238Z + cat
validate-generated-files	UNKNOWN STEP	2026-02-22T17:34:16.7717045Z + [[ tests-e2e-samples-bigquery == \u\n\i\t\-\t\e\s\t\s ]]
validate-generated-files	UNKNOWN STEP	2026-02-22T17:34:16.7717587Z + cat
validate-generated-files	UNKNOWN STEP	2026-02-22T17:34:16.7728422Z + [[ tests-e2e-samples-bigquery == \t\e\s\t\-\m\o\c\k\g\c\p ]]
validate-generated-files	UNKNOWN STEP	2026-02-22T17:34:16.7729109Z + [[ tests-e2e-samples-bigquery == \u\n\i\t\-\t\e\s\t\s ]]
validate-generated-files	UNKNOWN STEP	2026-02-22T17:34:16.7729426Z + cat
validate-generated-files	UNKNOWN STEP	2026-02-22T17:34:16.7739258Z + for f in $(find dev/ci/presubmits -type f | sort)
validate-generated-files	UNKNOWN STEP	2026-02-22T17:34:16.7741714Z ++ basename dev/ci/presubmits/tests-e2e-samples-bigqueryconnection
validate-generated-files	UNKNOWN STEP	2026-02-22T17:34:16.7751246Z + name=tests-e2e-samples-bigqueryconnection
validate-generated-files	UNKNOWN STEP	2026-02-22T17:34:16.7751546Z + cat
validate-generated-files	UNKNOWN STEP	2026-02-22T17:34:16.7763073Z + [[ tests-e2e-samples-bigqueryconnection == \g\o\l\a\n\g\c\i\-\l\i\n\t ]]
validate-generated-files	UNKNOWN STEP	2026-02-22T17:34:16.7763795Z + [[ tests-e2e-samples-bigqueryconnection == \l\i\c\e\n\s\e\-\l\i\n\t ]]
validate-generated-files	UNKNOWN STEP	2026-02-22T17:34:16.7764733Z + [[ tests-e2e-samples-bigqueryconnection == tests-e2e-* ]]
validate-generated-files	UNKNOWN STEP	2026-02-22T17:34:16.7765295Z + cat
validate-generated-files	UNKNOWN STEP	2026-02-22T17:34:16.7774361Z + cat
validate-generated-files	UNKNOWN STEP	2026-02-22T17:34:16.7785510Z + [[ tests-e2e-samples-bigqueryconnection == \u\n\i\t\-\t\e\s\t\s ]]
validate-generated-files	UNKNOWN STEP	2026-02-22T17:34:16.7786134Z + cat
validate-generated-files	UNKNOWN STEP	2026-02-22T17:34:16.7796365Z + [[ tests-e2e-samples-bigqueryconnection == \t\e\s\t\-\m\o\c\k\g\c\p ]]
validate-generated-files	UNKNOWN STEP	2026-02-22T17:34:16.7797386Z + [[ tests-e2e-samples-bigqueryconnection == \u\n\i\t\-\t\e\s\t\s ]]
validate-generated-files	UNKNOWN STEP	2026-02-22T17:34:16.7797741Z + cat
validate-generated-files	UNKNOWN STEP	2026-02-22T17:34:16.7807111Z + for f in $(find dev/ci/presubmits -type f | sort)
validate-generated-files	UNKNOWN STEP	2026-02-22T17:34:16.7809643Z ++ basename dev/ci/presubmits/tests-e2e-samples-bigquerydatapolicy
validate-generated-files	UNKNOWN STEP	2026-02-22T17:34:16.7819171Z + name=tests-e2e-samples-bigquerydatapolicy
validate-generated-files	UNKNOWN STEP	2026-02-22T17:34:16.7819672Z + cat
validate-generated-files	UNKNOWN STEP	2026-02-22T17:34:16.7830666Z + [[ tests-e2e-samples-bigquerydatapolicy == \g\o\l\a\n\g\c\i\-\l\i\n\t ]]
validate-generated-files	UNKNOWN STEP	2026-02-22T17:34:16.7831565Z + [[ tests-e2e-samples-bigquerydatapolicy == \l\i\c\e\n\s\e\-\l\i\n\t ]]
validate-generated-files	UNKNOWN STEP	2026-02-22T17:34:16.7832042Z + [[ tests-e2e-samples-bigquerydatapolicy == tests-e2e-* ]]
validate-generated-files	UNKNOWN STEP	2026-02-22T17:34:16.7832372Z + cat
validate-generated-files	UNKNOWN STEP	2026-02-22T17:34:16.7841463Z + cat
validate-generated-files	UNKNOWN STEP	2026-02-22T17:34:16.7852200Z + [[ tests-e2e-samples-bigquerydatapolicy == \u\n\i\t\-\t\e\s\t\s ]]
validate-generated-files	UNKNOWN STEP	2026-02-22T17:34:16.7852840Z + cat
validate-generated-files	UNKNOWN STEP	2026-02-22T17:34:16.7863211Z + [[ tests-e2e-samples-bigquerydatapolicy == \t\e\s\t\-\m\o\c\k\g\c\p ]]
validate-generated-files	UNKNOWN STEP	2026-02-22T17:34:16.7875690Z + [[ tests-e2e-samples-bigquerydatapolicy == \u\n\i\t\-\t\e\s\t\s ]]
validate-generated-files	UNKNOWN STEP	2026-02-22T17:34:16.7876352Z + cat
validate-generated-files	UNKNOWN STEP	2026-02-22T17:34:16.7876801Z + for f in $(find dev/ci/presubmits -type f | sort)
validate-generated-files	UNKNOWN STEP	2026-02-22T17:34:16.7879346Z ++ basename dev/ci/presubmits/tests-e2e-samples-bigquerydatatransfer
validate-generated-files	UNKNOWN STEP	2026-02-22T17:34:16.7889111Z + name=tests-e2e-samples-bigquerydatatransfer
validate-generated-files	UNKNOWN STEP	2026-02-22T17:34:16.7889616Z + cat
validate-generated-files	UNKNOWN STEP	2026-02-22T17:34:16.7900407Z + [[ tests-e2e-samples-bigquerydatatransfer == \g\o\l\a\n\g\c\i\-\l\i\n\t ]]
validate-generated-files	UNKNOWN STEP	2026-02-22T17:34:16.7901346Z + [[ tests-e2e-samples-bigquerydatatransfer == \l\i\c\e\n\s\e\-\l\i\n\t ]]
validate-generated-files	UNKNOWN STEP	2026-02-22T17:34:16.7902157Z + [[ tests-e2e-samples-bigquerydatatransfer == tests-e2e-* ]]
validate-generated-files	UNKNOWN STEP	2026-02-22T17:34:16.7902719Z + cat
validate-generated-files	UNKNOWN STEP	2026-02-22T17:34:16.7912036Z + cat
validate-generated-files	UNKNOWN STEP	2026-02-22T17:34:16.7923118Z + [[ tests-e2e-samples-bigquerydatatransfer == \u\n\i\t\-\t\e\s\t\s ]]
validate-generated-files	UNKNOWN STEP	2026-02-22T17:34:16.7923752Z + cat
validate-generated-files	UNKNOWN STEP	2026-02-22T17:34:16.7934972Z + [[ tests-e2e-samples-bigquerydatatransfer == \t\e\s\t\-\m\o\c\k\g\c\p ]]
validate-generated-files	UNKNOWN STEP	2026-02-22T17:34:16.7935970Z + [[ tests-e2e-samples-bigquerydatatransfer == \u\n\i\t\-\t\e\s\t\s ]]
validate-generated-files	UNKNOWN STEP	2026-02-22T17:34:16.7936370Z + cat
validate-generated-files	UNKNOWN STEP	2026-02-22T17:34:16.7945826Z + for f in $(find dev/ci/presubmits -type f | sort)
validate-generated-files	UNKNOWN STEP	2026-02-22T17:34:16.7948275Z ++ basename dev/ci/presubmits/tests-e2e-samples-cloudbuild
validate-generated-files	UNKNOWN STEP	2026-02-22T17:34:16.7957674Z + name=tests-e2e-samples-cloudbuild
validate-generated-files	UNKNOWN STEP	2026-02-22T17:34:16.7957974Z + cat
validate-generated-files	UNKNOWN STEP	2026-02-22T17:34:16.7968927Z + [[ tests-e2e-samples-cloudbuild == \g\o\l\a\n\g\c\i\-\l\i\n\t ]]
validate-generated-files	UNKNOWN STEP	2026-02-22T17:34:16.7969501Z + [[ tests-e2e-samples-cloudbuild == \l\i\c\e\n\s\e\-\l\i\n\t ]]
validate-generated-files	UNKNOWN STEP	2026-02-22T17:34:16.7970190Z + [[ tests-e2e-samples-cloudbuild == tests-e2e-* ]]
validate-generated-files	UNKNOWN STEP	2026-02-22T17:34:16.7970744Z + cat
validate-generated-files	UNKNOWN STEP	2026-02-22T17:34:16.7980353Z + cat
validate-generated-files	UNKNOWN STEP	2026-02-22T17:34:16.7991523Z + [[ tests-e2e-samples-cloudbuild == \u\n\i\t\-\t\e\s\t\s ]]
validate-generated-files	UNKNOWN STEP	2026-02-22T17:34:16.7992089Z + cat
validate-generated-files	UNKNOWN STEP	2026-02-22T17:34:16.8003606Z + [[ tests-e2e-samples-cloudbuild == \t\e\s\t\-\m\o\c\k\g\c\p ]]
validate-generated-files	UNKNOWN STEP	2026-02-22T17:34:16.8004361Z + [[ tests-e2e-samples-cloudbuild == \u\n\i\t\-\t\e\s\t\s ]]
validate-generated-files	UNKNOWN STEP	2026-02-22T17:34:16.8005076Z + cat
validate-generated-files	UNKNOWN STEP	2026-02-22T17:34:16.8015006Z + for f in $(find dev/ci/presubmits -type f | sort)
validate-generated-files	UNKNOWN STEP	2026-02-22T17:34:16.8017444Z ++ basename dev/ci/presubmits/tests-e2e-samples-cloudidentity
validate-generated-files	UNKNOWN STEP	2026-02-22T17:34:16.8026832Z + name=tests-e2e-samples-cloudidentity
validate-generated-files	UNKNOWN STEP	2026-02-22T17:34:16.8027134Z + cat
validate-generated-files	UNKNOWN STEP	2026-02-22T17:34:16.8038168Z + [[ tests-e2e-samples-cloudidentity == \g\o\l\a\n\g\c\i\-\l\i\n\t ]]
validate-generated-files	UNKNOWN STEP	2026-02-22T17:34:16.8038778Z + [[ tests-e2e-samples-cloudidentity == \l\i\c\e\n\s\e\-\l\i\n\t ]]
validate-generated-files	UNKNOWN STEP	2026-02-22T17:34:16.8039505Z + [[ tests-e2e-samples-cloudidentity == tests-e2e-* ]]
validate-generated-files	UNKNOWN STEP	2026-02-22T17:34:16.8040021Z + cat
validate-generated-files	UNKNOWN STEP	2026-02-22T17:34:16.8049637Z + cat
validate-generated-files	UNKNOWN STEP	2026-02-22T17:34:16.8060614Z + [[ tests-e2e-samples-cloudidentity == \u\n\i\t\-\t\e\s\t\s ]]
validate-generated-files	UNKNOWN STEP	2026-02-22T17:34:16.8061202Z + cat
validate-generated-files	UNKNOWN STEP	2026-02-22T17:34:16.8071450Z + [[ tests-e2e-samples-cloudidentity == \t\e\s\t\-\m\o\c\k\g\c\p ]]
validate-generated-files	UNKNOWN STEP	2026-02-22T17:34:16.8072230Z + [[ tests-e2e-samples-cloudidentity == \u\n\i\t\-\t\e\s\t\s ]]
validate-generated-files	UNKNOWN STEP	2026-02-22T17:34:16.8072781Z + cat
validate-generated-files	UNKNOWN STEP	2026-02-22T17:34:16.8082547Z + for f in $(find dev/ci/presubmits -type f | sort)
validate-generated-files	UNKNOWN STEP	2026-02-22T17:34:16.8085259Z ++ basename dev/ci/presubmits/tests-e2e-samples-compute
validate-generated-files	UNKNOWN STEP	2026-02-22T17:34:16.8094727Z + name=tests-e2e-samples-compute
validate-generated-files	UNKNOWN STEP	2026-02-22T17:34:16.8095181Z + cat
validate-generated-files	UNKNOWN STEP	2026-02-22T17:34:16.8106070Z + [[ tests-e2e-samples-compute == \g\o\l\a\n\g\c\i\-\l\i\n\t ]]
validate-generated-files	UNKNOWN STEP	2026-02-22T17:34:16.8106850Z + [[ tests-e2e-samples-compute == \l\i\c\e\n\s\e\-\l\i\n\t ]]
validate-generated-files	UNKNOWN STEP	2026-02-22T17:34:16.8107517Z + [[ tests-e2e-samples-compute == tests-e2e-* ]]
validate-generated-files	UNKNOWN STEP	2026-02-22T17:34:16.8108024Z + cat
validate-generated-files	UNKNOWN STEP	2026-02-22T17:34:16.8117218Z + cat
validate-generated-files	UNKNOWN STEP	2026-02-22T17:34:16.8128106Z + [[ tests-e2e-samples-compute == \u\n\i\t\-\t\e\s\t\s ]]
validate-generated-files	UNKNOWN STEP	2026-02-22T17:34:16.8128486Z + cat
validate-generated-files	UNKNOWN STEP	2026-02-22T17:34:16.8138948Z + [[ tests-e2e-samples-compute == \t\e\s\t\-\m\o\c\k\g\c\p ]]
validate-generated-files	UNKNOWN STEP	2026-02-22T17:34:16.8139441Z + [[ tests-e2e-samples-compute == \u\n\i\t\-\t\e\s\t\s ]]
validate-generated-files	UNKNOWN STEP	2026-02-22T17:34:16.8139943Z + cat
validate-generated-files	UNKNOWN STEP	2026-02-22T17:34:16.8150219Z + for f in $(find dev/ci/presubmits -type f | sort)
validate-generated-files	UNKNOWN STEP	2026-02-22T17:34:16.8153064Z ++ basename dev/ci/presubmits/tests-e2e-samples-dataflow
validate-generated-files	UNKNOWN STEP	2026-02-22T17:34:16.8162994Z + name=tests-e2e-samples-dataflow
validate-generated-files	UNKNOWN STEP	2026-02-22T17:34:16.8163277Z + cat
validate-generated-files	UNKNOWN STEP	2026-02-22T17:34:16.8173917Z + [[ tests-e2e-samples-dataflow == \g\o\l\a\n\g\c\i\-\l\i\n\t ]]
validate-generated-files	UNKNOWN STEP	2026-02-22T17:34:16.8174732Z + [[ tests-e2e-samples-dataflow == \l\i\c\e\n\s\e\-\l\i\n\t ]]
validate-generated-files	UNKNOWN STEP	2026-02-22T17:34:16.8175379Z + [[ tests-e2e-samples-dataflow == tests-e2e-* ]]
validate-generated-files	UNKNOWN STEP	2026-02-22T17:34:16.8175866Z + cat
validate-generated-files	UNKNOWN STEP	2026-02-22T17:34:16.8185563Z + cat
validate-generated-files	UNKNOWN STEP	2026-02-22T17:34:16.8196637Z + [[ tests-e2e-samples-dataflow == \u\n\i\t\-\t\e\s\t\s ]]
validate-generated-files	UNKNOWN STEP	2026-02-22T17:34:16.8197179Z + cat
validate-generated-files	UNKNOWN STEP	2026-02-22T17:34:16.8207503Z + [[ tests-e2e-samples-dataflow == \t\e\s\t\-\m\o\c\k\g\c\p ]]
validate-generated-files	UNKNOWN STEP	2026-02-22T17:34:16.8208211Z + [[ tests-e2e-samples-dataflow == \u\n\i\t\-\t\e\s\t\s ]]
validate-generated-files	UNKNOWN STEP	2026-02-22T17:34:16.8208626Z + cat
validate-generated-files	UNKNOWN STEP	2026-02-22T17:34:16.8218302Z + for f in $(find dev/ci/presubmits -type f | sort)
validate-generated-files	UNKNOWN STEP	2026-02-22T17:34:16.8220961Z ++ basename dev/ci/presubmits/tests-e2e-samples-dataproc
validate-generated-files	UNKNOWN STEP	2026-02-22T17:34:16.8230658Z + name=tests-e2e-samples-dataproc
validate-generated-files	UNKNOWN STEP	2026-02-22T17:34:16.8231118Z + cat
validate-generated-files	UNKNOWN STEP	2026-02-22T17:34:16.8241386Z + [[ tests-e2e-samples-dataproc == \g\o\l\a\n\g\c\i\-\l\i\n\t ]]
validate-generated-files	UNKNOWN STEP	2026-02-22T17:34:16.8242138Z + [[ tests-e2e-samples-dataproc == \l\i\c\e\n\s\e\-\l\i\n\t ]]
validate-generated-files	UNKNOWN STEP	2026-02-22T17:34:16.8242624Z + [[ tests-e2e-samples-dataproc == tests-e2e-* ]]
validate-generated-files	UNKNOWN STEP	2026-02-22T17:34:16.8242923Z + cat
validate-generated-files	UNKNOWN STEP	2026-02-22T17:34:16.8252046Z + cat
validate-generated-files	UNKNOWN STEP	2026-02-22T17:34:16.8262996Z + [[ tests-e2e-samples-dataproc == \u\n\i\t\-\t\e\s\t\s ]]
validate-generated-files	UNKNOWN STEP	2026-02-22T17:34:16.8263584Z + cat
validate-generated-files	UNKNOWN STEP	2026-02-22T17:34:16.8274320Z + [[ tests-e2e-samples-dataproc == \t\e\s\t\-\m\o\c\k\g\c\p ]]
validate-generated-files	UNKNOWN STEP	2026-02-22T17:34:16.8275273Z + [[ tests-e2e-samples-dataproc == \u\n\i\t\-\t\e\s\t\s ]]
validate-generated-files	UNKNOWN STEP	2026-02-22T17:34:16.8275689Z + cat
validate-generated-files	UNKNOWN STEP	2026-02-22T17:34:16.8285548Z + for f in $(find dev/ci/presubmits -type f | sort)
validate-generated-files	UNKNOWN STEP	2026-02-22T17:34:16.8287833Z ++ basename dev/ci/presubmits/tests-e2e-samples-gkehub
validate-generated-files	UNKNOWN STEP	2026-02-22T17:34:16.8297223Z + name=tests-e2e-samples-gkehub
validate-generated-files	UNKNOWN STEP	2026-02-22T17:34:16.8297698Z + cat
validate-generated-files	UNKNOWN STEP	2026-02-22T17:34:16.8308522Z + [[ tests-e2e-samples-gkehub == \g\o\l\a\n\g\c\i\-\l\i\n\t ]]
validate-generated-files	UNKNOWN STEP	2026-02-22T17:34:16.8309300Z + [[ tests-e2e-samples-gkehub == \l\i\c\e\n\s\e\-\l\i\n\t ]]
validate-generated-files	UNKNOWN STEP	2026-02-22T17:34:16.8309966Z + [[ tests-e2e-samples-gkehub == tests-e2e-* ]]
validate-generated-files	UNKNOWN STEP	2026-02-22T17:34:16.8310497Z + cat
validate-generated-files	UNKNOWN STEP	2026-02-22T17:34:16.8320447Z + cat
validate-generated-files	UNKNOWN STEP	2026-02-22T17:34:16.8331780Z + [[ tests-e2e-samples-gkehub == \u\n\i\t\-\t\e\s\t\s ]]
validate-generated-files	UNKNOWN STEP	2026-02-22T17:34:16.8332352Z + cat
validate-generated-files	UNKNOWN STEP	2026-02-22T17:34:16.8343001Z + [[ tests-e2e-samples-gkehub == \t\e\s\t\-\m\o\c\k\g\c\p ]]
validate-generated-files	UNKNOWN STEP	2026-02-22T17:34:16.8343746Z + [[ tests-e2e-samples-gkehub == \u\n\i\t\-\t\e\s\t\s ]]
validate-generated-files	UNKNOWN STEP	2026-02-22T17:34:16.8344113Z + cat
validate-generated-files	UNKNOWN STEP	2026-02-22T17:34:16.8354182Z + for f in $(find dev/ci/presubmits -type f | sort)
validate-generated-files	UNKNOWN STEP	2026-02-22T17:34:16.8356896Z ++ basename dev/ci/presubmits/tests-e2e-samples-iam
validate-generated-files	UNKNOWN STEP	2026-02-22T17:34:16.8366883Z + name=tests-e2e-samples-iam
validate-generated-files	UNKNOWN STEP	2026-02-22T17:34:16.8367325Z + cat
validate-generated-files	UNKNOWN STEP	2026-02-22T17:34:16.8377911Z + [[ tests-e2e-samples-iam == \g\o\l\a\n\g\c\i\-\l\i\n\t ]]
validate-generated-files	UNKNOWN STEP	2026-02-22T17:34:16.8378896Z + [[ tests-e2e-samples-iam == \l\i\c\e\n\s\e\-\l\i\n\t ]]
validate-generated-files	UNKNOWN STEP	2026-02-22T17:34:16.8379546Z + [[ tests-e2e-samples-iam == tests-e2e-* ]]
validate-generated-files	UNKNOWN STEP	2026-02-22T17:34:16.8380041Z + cat
validate-generated-files	UNKNOWN STEP	2026-02-22T17:34:16.8389893Z + cat
validate-generated-files	UNKNOWN STEP	2026-02-22T17:34:16.8400940Z + [[ tests-e2e-samples-iam == \u\n\i\t\-\t\e\s\t\s ]]
validate-generated-files	UNKNOWN STEP	2026-02-22T17:34:16.8401556Z + cat
validate-generated-files	UNKNOWN STEP	2026-02-22T17:34:16.8411978Z + [[ tests-e2e-samples-iam == \t\e\s\t\-\m\o\c\k\g\c\p ]]
validate-generated-files	UNKNOWN STEP	2026-02-22T17:34:16.8412753Z + [[ tests-e2e-samples-iam == \u\n\i\t\-\t\e\s\t\s ]]
validate-generated-files	UNKNOWN STEP	2026-02-22T17:34:16.8413227Z + cat
validate-generated-files	UNKNOWN STEP	2026-02-22T17:34:16.8422952Z + for f in $(find dev/ci/presubmits -type f | sort)
validate-generated-files	UNKNOWN STEP	2026-02-22T17:34:16.8425795Z ++ basename dev/ci/presubmits/tests-e2e-samples-kms
validate-generated-files	UNKNOWN STEP	2026-02-22T17:34:16.8435029Z + name=tests-e2e-samples-kms
validate-generated-files	UNKNOWN STEP	2026-02-22T17:34:16.8435503Z + cat
validate-generated-files	UNKNOWN STEP	2026-02-22T17:34:16.8446018Z + [[ tests-e2e-samples-kms == \g\o\l\a\n\g\c\i\-\l\i\n\t ]]
validate-generated-files	UNKNOWN STEP	2026-02-22T17:34:16.8446855Z + [[ tests-e2e-samples-kms == \l\i\c\e\n\s\e\-\l\i\n\t ]]
validate-generated-files	UNKNOWN STEP	2026-02-22T17:34:16.8447458Z + [[ tests-e2e-samples-kms == tests-e2e-* ]]
validate-generated-files	UNKNOWN STEP	2026-02-22T17:34:16.8447798Z + cat
validate-generated-files	UNKNOWN STEP	2026-02-22T17:34:16.8457560Z + cat
validate-generated-files	UNKNOWN STEP	2026-02-22T17:34:16.8468889Z + [[ tests-e2e-samples-kms == \u\n\i\t\-\t\e\s\t\s ]]
validate-generated-files	UNKNOWN STEP	2026-02-22T17:34:16.8469479Z + cat
validate-generated-files	UNKNOWN STEP	2026-02-22T17:34:16.8479674Z + [[ tests-e2e-samples-kms == \t\e\s\t\-\m\o\c\k\g\c\p ]]
validate-generated-files	UNKNOWN STEP	2026-02-22T17:34:16.8480277Z + [[ tests-e2e-samples-kms == \u\n\i\t\-\t\e\s\t\s ]]
validate-generated-files	UNKNOWN STEP	2026-02-22T17:34:16.8480599Z + cat
validate-generated-files	UNKNOWN STEP	2026-02-22T17:34:16.8490657Z + for f in $(find dev/ci/presubmits -type f | sort)
validate-generated-files	UNKNOWN STEP	2026-02-22T17:34:16.8493106Z ++ basename dev/ci/presubmits/tests-e2e-samples-orgpolicy
validate-generated-files	UNKNOWN STEP	2026-02-22T17:34:16.8502970Z + name=tests-e2e-samples-orgpolicy
validate-generated-files	UNKNOWN STEP	2026-02-22T17:34:16.8503255Z + cat
validate-generated-files	UNKNOWN STEP	2026-02-22T17:34:16.8513993Z + [[ tests-e2e-samples-orgpolicy == \g\o\l\a\n\g\c\i\-\l\i\n\t ]]
validate-generated-files	UNKNOWN STEP	2026-02-22T17:34:16.8514850Z + [[ tests-e2e-samples-orgpolicy == \l\i\c\e\n\s\e\-\l\i\n\t ]]
validate-generated-files	UNKNOWN STEP	2026-02-22T17:34:16.8515553Z + [[ tests-e2e-samples-orgpolicy == tests-e2e-* ]]
validate-generated-files	UNKNOWN STEP	2026-02-22T17:34:16.8516065Z + cat
validate-generated-files	UNKNOWN STEP	2026-02-22T17:34:16.8525529Z + cat
validate-generated-files	UNKNOWN STEP	2026-02-22T17:34:16.8536934Z + [[ tests-e2e-samples-orgpolicy == \u\n\i\t\-\t\e\s\t\s ]]
validate-generated-files	UNKNOWN STEP	2026-02-22T17:34:16.8547561Z + cat
validate-generated-files	UNKNOWN STEP	2026-02-22T17:34:16.8548036Z + [[ tests-e2e-samples-orgpolicy == \t\e\s\t\-\m\o\c\k\g\c\p ]]
validate-generated-files	UNKNOWN STEP	2026-02-22T17:34:16.8548601Z + [[ tests-e2e-samples-orgpolicy == \u\n\i\t\-\t\e\s\t\s ]]
validate-generated-files	UNKNOWN STEP	2026-02-22T17:34:16.8548923Z + cat
validate-generated-files	UNKNOWN STEP	2026-02-22T17:34:16.8558600Z + for f in $(find dev/ci/presubmits -type f | sort)
validate-generated-files	UNKNOWN STEP	2026-02-22T17:34:16.8561098Z ++ basename dev/ci/presubmits/tests-e2e-samples-redis
validate-generated-files	UNKNOWN STEP	2026-02-22T17:34:16.8570315Z + name=tests-e2e-samples-redis
validate-generated-files	UNKNOWN STEP	2026-02-22T17:34:16.8570699Z + cat
validate-generated-files	UNKNOWN STEP	2026-02-22T17:34:16.8581585Z + [[ tests-e2e-samples-redis == \g\o\l\a\n\g\c\i\-\l\i\n\t ]]
validate-generated-files	UNKNOWN STEP	2026-02-22T17:34:16.8582242Z + [[ tests-e2e-samples-redis == \l\i\c\e\n\s\e\-\l\i\n\t ]]
validate-generated-files	UNKNOWN STEP	2026-02-22T17:34:16.8582638Z + [[ tests-e2e-samples-redis == tests-e2e-* ]]
validate-generated-files	UNKNOWN STEP	2026-02-22T17:34:16.8582923Z + cat
validate-generated-files	UNKNOWN STEP	2026-02-22T17:34:16.8592339Z + cat
validate-generated-files	UNKNOWN STEP	2026-02-22T17:34:16.8604148Z + [[ tests-e2e-samples-redis == \u\n\i\t\-\t\e\s\t\s ]]
validate-generated-files	UNKNOWN STEP	2026-02-22T17:34:16.8605044Z + cat
validate-generated-files	UNKNOWN STEP	2026-02-22T17:34:16.8614877Z + [[ tests-e2e-samples-redis == \t\e\s\t\-\m\o\c\k\g\c\p ]]
validate-generated-files	UNKNOWN STEP	2026-02-22T17:34:16.8615566Z + [[ tests-e2e-samples-redis == \u\n\i\t\-\t\e\s\t\s ]]
validate-generated-files	UNKNOWN STEP	2026-02-22T17:34:16.8616005Z + cat
validate-generated-files	UNKNOWN STEP	2026-02-22T17:34:16.8625765Z + for f in $(find dev/ci/presubmits -type f | sort)
validate-generated-files	UNKNOWN STEP	2026-02-22T17:34:16.8628335Z ++ basename dev/ci/presubmits/tests-e2e-samples-secretmanager
validate-generated-files	UNKNOWN STEP	2026-02-22T17:34:16.8637839Z + name=tests-e2e-samples-secretmanager
validate-generated-files	UNKNOWN STEP	2026-02-22T17:34:16.8638360Z + cat
validate-generated-files	UNKNOWN STEP	2026-02-22T17:34:16.8648901Z + [[ tests-e2e-samples-secretmanager == \g\o\l\a\n\g\c\i\-\l\i\n\t ]]
validate-generated-files	UNKNOWN STEP	2026-02-22T17:34:16.8649729Z + [[ tests-e2e-samples-secretmanager == \l\i\c\e\n\s\e\-\l\i\n\t ]]
validate-generated-files	UNKNOWN STEP	2026-02-22T17:34:16.8650258Z + [[ tests-e2e-samples-secretmanager == tests-e2e-* ]]
validate-generated-files	UNKNOWN STEP	2026-02-22T17:34:16.8650636Z + cat
validate-generated-files	UNKNOWN STEP	2026-02-22T17:34:16.8659462Z + cat
validate-generated-files	UNKNOWN STEP	2026-02-22T17:34:16.8670415Z + [[ tests-e2e-samples-secretmanager == \u\n\i\t\-\t\e\s\t\s ]]
validate-generated-files	UNKNOWN STEP	2026-02-22T17:34:16.8671062Z + cat
validate-generated-files	UNKNOWN STEP	2026-02-22T17:34:16.8681496Z + [[ tests-e2e-samples-secretmanager == \t\e\s\t\-\m\o\c\k\g\c\p ]]
validate-generated-files	UNKNOWN STEP	2026-02-22T17:34:16.8682327Z + [[ tests-e2e-samples-secretmanager == \u\n\i\t\-\t\e\s\t\s ]]
validate-generated-files	UNKNOWN STEP	2026-02-22T17:34:16.8682745Z + cat
validate-generated-files	UNKNOWN STEP	2026-02-22T17:34:16.8692242Z + for f in $(find dev/ci/presubmits -type f | sort)
validate-generated-files	UNKNOWN STEP	2026-02-22T17:34:16.8694898Z ++ basename dev/ci/presubmits/tests-e2e-samples-spanner
validate-generated-files	UNKNOWN STEP	2026-02-22T17:34:16.8703831Z + name=tests-e2e-samples-spanner
validate-generated-files	UNKNOWN STEP	2026-02-22T17:34:16.8704315Z + cat
validate-generated-files	UNKNOWN STEP	2026-02-22T17:34:16.8714891Z + [[ tests-e2e-samples-spanner == \g\o\l\a\n\g\c\i\-\l\i\n\t ]]
validate-generated-files	UNKNOWN STEP	2026-02-22T17:34:16.8715721Z + [[ tests-e2e-samples-spanner == \l\i\c\e\n\s\e\-\l\i\n\t ]]
validate-generated-files	UNKNOWN STEP	2026-02-22T17:34:16.8716415Z + [[ tests-e2e-samples-spanner == tests-e2e-* ]]
validate-generated-files	UNKNOWN STEP	2026-02-22T17:34:16.8716773Z + cat
validate-generated-files	UNKNOWN STEP	2026-02-22T17:34:16.8725845Z + cat
validate-generated-files	UNKNOWN STEP	2026-02-22T17:34:16.8736694Z + [[ tests-e2e-samples-spanner == \u\n\i\t\-\t\e\s\t\s ]]
validate-generated-files	UNKNOWN STEP	2026-02-22T17:34:16.8737289Z + cat
validate-generated-files	UNKNOWN STEP	2026-02-22T17:34:16.8747596Z + [[ tests-e2e-samples-spanner == \t\e\s\t\-\m\o\c\k\g\c\p ]]
validate-generated-files	UNKNOWN STEP	2026-02-22T17:34:16.8748343Z + [[ tests-e2e-samples-spanner == \u\n\i\t\-\t\e\s\t\s ]]
validate-generated-files	UNKNOWN STEP	2026-02-22T17:34:16.8748714Z + cat
validate-generated-files	UNKNOWN STEP	2026-02-22T17:34:16.8758589Z + for f in $(find dev/ci/presubmits -type f | sort)
validate-generated-files	UNKNOWN STEP	2026-02-22T17:34:16.8761172Z ++ basename dev/ci/presubmits/tests-e2e-samples-sql
validate-generated-files	UNKNOWN STEP	2026-02-22T17:34:16.8770920Z + name=tests-e2e-samples-sql
validate-generated-files	UNKNOWN STEP	2026-02-22T17:34:16.8771224Z + cat
validate-generated-files	UNKNOWN STEP	2026-02-22T17:34:16.8782237Z + [[ tests-e2e-samples-sql == \g\o\l\a\n\g\c\i\-\l\i\n\t ]]
validate-generated-files	UNKNOWN STEP	2026-02-22T17:34:16.8782864Z + [[ tests-e2e-samples-sql == \l\i\c\e\n\s\e\-\l\i\n\t ]]
validate-generated-files	UNKNOWN STEP	2026-02-22T17:34:16.8783502Z + [[ tests-e2e-samples-sql == tests-e2e-* ]]
validate-generated-files	UNKNOWN STEP	2026-02-22T17:34:16.8783958Z + cat
validate-generated-files	UNKNOWN STEP	2026-02-22T17:34:16.8793707Z + cat
validate-generated-files	UNKNOWN STEP	2026-02-22T17:34:16.8804740Z + [[ tests-e2e-samples-sql == \u\n\i\t\-\t\e\s\t\s ]]
validate-generated-files	UNKNOWN STEP	2026-02-22T17:34:16.8805230Z + cat
validate-generated-files	UNKNOWN STEP	2026-02-22T17:34:16.8815600Z + [[ tests-e2e-samples-sql == \t\e\s\t\-\m\o\c\k\g\c\p ]]
validate-generated-files	UNKNOWN STEP	2026-02-22T17:34:16.8816211Z + [[ tests-e2e-samples-sql == \u\n\i\t\-\t\e\s\t\s ]]
validate-generated-files	UNKNOWN STEP	2026-02-22T17:34:16.8816512Z + cat
validate-generated-files	UNKNOWN STEP	2026-02-22T17:34:16.8826677Z + for f in $(find dev/ci/presubmits -type f | sort)
validate-generated-files	UNKNOWN STEP	2026-02-22T17:34:16.8829289Z ++ basename dev/ci/presubmits/tests-e2e-samples-storage
validate-generated-files	UNKNOWN STEP	2026-02-22T17:34:16.8838651Z + name=tests-e2e-samples-storage
validate-generated-files	UNKNOWN STEP	2026-02-22T17:34:16.8838956Z + cat
validate-generated-files	UNKNOWN STEP	2026-02-22T17:34:16.8850015Z + [[ tests-e2e-samples-storage == \g\o\l\a\n\g\c\i\-\l\i\n\t ]]
validate-generated-files	UNKNOWN STEP	2026-02-22T17:34:16.8850643Z + [[ tests-e2e-samples-storage == \l\i\c\e\n\s\e\-\l\i\n\t ]]
validate-generated-files	UNKNOWN STEP	2026-02-22T17:34:16.8851330Z + [[ tests-e2e-samples-storage == tests-e2e-* ]]
validate-generated-files	UNKNOWN STEP	2026-02-22T17:34:16.8851862Z + cat
validate-generated-files	UNKNOWN STEP	2026-02-22T17:34:16.8861669Z + cat
validate-generated-files	UNKNOWN STEP	2026-02-22T17:34:16.8872398Z + [[ tests-e2e-samples-storage == \u\n\i\t\-\t\e\s\t\s ]]
validate-generated-files	UNKNOWN STEP	2026-02-22T17:34:16.8872960Z + cat
validate-generated-files	UNKNOWN STEP	2026-02-22T17:34:16.8883651Z + [[ tests-e2e-samples-storage == \t\e\s\t\-\m\o\c\k\g\c\p ]]
validate-generated-files	UNKNOWN STEP	2026-02-22T17:34:16.8884316Z + [[ tests-e2e-samples-storage == \u\n\i\t\-\t\e\s\t\s ]]
validate-generated-files	UNKNOWN STEP	2026-02-22T17:34:16.8884847Z + cat
validate-generated-files	UNKNOWN STEP	2026-02-22T17:34:16.8895282Z + for f in $(find dev/ci/presubmits -type f | sort)
validate-generated-files	UNKNOWN STEP	2026-02-22T17:34:16.8897758Z ++ basename dev/ci/presubmits/tests-e2e-samples-unclassified
validate-generated-files	UNKNOWN STEP	2026-02-22T17:34:16.8907443Z + name=tests-e2e-samples-unclassified
validate-generated-files	UNKNOWN STEP	2026-02-22T17:34:16.8907762Z + cat
validate-generated-files	UNKNOWN STEP	2026-02-22T17:34:16.8918707Z + [[ tests-e2e-samples-unclassified == \g\o\l\a\n\g\c\i\-\l\i\n\t ]]
validate-generated-files	UNKNOWN STEP	2026-02-22T17:34:16.8919338Z + [[ tests-e2e-samples-unclassified == \l\i\c\e\n\s\e\-\l\i\n\t ]]
validate-generated-files	UNKNOWN STEP	2026-02-22T17:34:16.8920042Z + [[ tests-e2e-samples-unclassified == tests-e2e-* ]]
validate-generated-files	UNKNOWN STEP	2026-02-22T17:34:16.8920551Z + cat
validate-generated-files	UNKNOWN STEP	2026-02-22T17:34:16.8930323Z + cat
validate-generated-files	UNKNOWN STEP	2026-02-22T17:34:16.8941244Z + [[ tests-e2e-samples-unclassified == \u\n\i\t\-\t\e\s\t\s ]]
validate-generated-files	UNKNOWN STEP	2026-02-22T17:34:16.8941818Z + cat
validate-generated-files	UNKNOWN STEP	2026-02-22T17:34:16.8952298Z + [[ tests-e2e-samples-unclassified == \t\e\s\t\-\m\o\c\k\g\c\p ]]
validate-generated-files	UNKNOWN STEP	2026-02-22T17:34:16.8953083Z + [[ tests-e2e-samples-unclassified == \u\n\i\t\-\t\e\s\t\s ]]
validate-generated-files	UNKNOWN STEP	2026-02-22T17:34:16.8953623Z + cat
validate-generated-files	UNKNOWN STEP	2026-02-22T17:34:16.8963839Z + for f in $(find dev/ci/presubmits -type f | sort)
validate-generated-files	UNKNOWN STEP	2026-02-22T17:34:16.8966660Z ++ basename dev/ci/presubmits/tests-e2e-samples-workstations
validate-generated-files	UNKNOWN STEP	2026-02-22T17:34:16.8976060Z + name=tests-e2e-samples-workstations
validate-generated-files	UNKNOWN STEP	2026-02-22T17:34:16.8976355Z + cat
validate-generated-files	UNKNOWN STEP	2026-02-22T17:34:16.8987140Z + [[ tests-e2e-samples-workstations == \g\o\l\a\n\g\c\i\-\l\i\n\t ]]
validate-generated-files	UNKNOWN STEP	2026-02-22T17:34:16.8987782Z + [[ tests-e2e-samples-workstations == \l\i\c\e\n\s\e\-\l\i\n\t ]]
validate-generated-files	UNKNOWN STEP	2026-02-22T17:34:16.8988481Z + [[ tests-e2e-samples-workstations == tests-e2e-* ]]
validate-generated-files	UNKNOWN STEP	2026-02-22T17:34:16.8988997Z + cat
validate-generated-files	UNKNOWN STEP	2026-02-22T17:34:16.8998699Z + cat
validate-generated-files	UNKNOWN STEP	2026-02-22T17:34:16.9009673Z + [[ tests-e2e-samples-workstations == \u\n\i\t\-\t\e\s\t\s ]]
validate-generated-files	UNKNOWN STEP	2026-02-22T17:34:16.9010240Z + cat
validate-generated-files	UNKNOWN STEP	2026-02-22T17:34:16.9021403Z + [[ tests-e2e-samples-workstations == \t\e\s\t\-\m\o\c\k\g\c\p ]]
validate-generated-files	UNKNOWN STEP	2026-02-22T17:34:16.9022124Z + [[ tests-e2e-samples-workstations == \u\n\i\t\-\t\e\s\t\s ]]
validate-generated-files	UNKNOWN STEP	2026-02-22T17:34:16.9022517Z + cat
validate-generated-files	UNKNOWN STEP	2026-02-22T17:34:16.9032147Z + for f in $(find dev/ci/presubmits -type f | sort)
validate-generated-files	UNKNOWN STEP	2026-02-22T17:34:16.9034675Z ++ basename dev/ci/presubmits/tests-gcptracker
validate-generated-files	UNKNOWN STEP	2026-02-22T17:34:16.9043889Z + name=tests-gcptracker
validate-generated-files	UNKNOWN STEP	2026-02-22T17:34:16.9044167Z + cat
validate-generated-files	UNKNOWN STEP	2026-02-22T17:34:16.9055306Z + [[ tests-gcptracker == \g\o\l\a\n\g\c\i\-\l\i\n\t ]]
validate-generated-files	UNKNOWN STEP	2026-02-22T17:34:16.9055679Z + [[ tests-gcptracker == \l\i\c\e\n\s\e\-\l\i\n\t ]]
validate-generated-files	UNKNOWN STEP	2026-02-22T17:34:16.9056183Z + [[ tests-gcptracker == tests-e2e-* ]]
validate-generated-files	UNKNOWN STEP	2026-02-22T17:34:16.9056601Z + cat
validate-generated-files	UNKNOWN STEP	2026-02-22T17:34:16.9066395Z + [[ tests-gcptracker == \u\n\i\t\-\t\e\s\t\s ]]
validate-generated-files	UNKNOWN STEP	2026-02-22T17:34:16.9066683Z + cat
validate-generated-files	UNKNOWN STEP	2026-02-22T17:34:16.9077146Z + [[ tests-gcptracker == \t\e\s\t\-\m\o\c\k\g\c\p ]]
validate-generated-files	UNKNOWN STEP	2026-02-22T17:34:16.9077542Z + [[ tests-gcptracker == \u\n\i\t\-\t\e\s\t\s ]]
validate-generated-files	UNKNOWN STEP	2026-02-22T17:34:16.9077993Z + cat
validate-generated-files	UNKNOWN STEP	2026-02-22T17:34:16.9088307Z + for f in $(find dev/ci/presubmits -type f | sort)
validate-generated-files	UNKNOWN STEP	2026-02-22T17:34:16.9091134Z ++ basename dev/ci/presubmits/tests-scenarios-acquisition
validate-generated-files	UNKNOWN STEP	2026-02-22T17:34:16.9100879Z + name=tests-scenarios-acquisition
validate-generated-files	UNKNOWN STEP	2026-02-22T17:34:16.9101293Z + cat
validate-generated-files	UNKNOWN STEP	2026-02-22T17:34:16.9111933Z + [[ tests-scenarios-acquisition == \g\o\l\a\n\g\c\i\-\l\i\n\t ]]
validate-generated-files	UNKNOWN STEP	2026-02-22T17:34:16.9112622Z + [[ tests-scenarios-acquisition == \l\i\c\e\n\s\e\-\l\i\n\t ]]
validate-generated-files	UNKNOWN STEP	2026-02-22T17:34:16.9113201Z + [[ tests-scenarios-acquisition == tests-e2e-* ]]
validate-generated-files	UNKNOWN STEP	2026-02-22T17:34:16.9113506Z + cat
validate-generated-files	UNKNOWN STEP	2026-02-22T17:34:16.9123205Z + [[ tests-scenarios-acquisition == \u\n\i\t\-\t\e\s\t\s ]]
validate-generated-files	UNKNOWN STEP	2026-02-22T17:34:16.9123769Z + cat
validate-generated-files	UNKNOWN STEP	2026-02-22T17:34:16.9136055Z + [[ tests-scenarios-acquisition == \t\e\s\t\-\m\o\c\k\g\c\p ]]
validate-generated-files	UNKNOWN STEP	2026-02-22T17:34:16.9136789Z + [[ tests-scenarios-acquisition == \u\n\i\t\-\t\e\s\t\s ]]
validate-generated-files	UNKNOWN STEP	2026-02-22T17:34:16.9137312Z + cat
validate-generated-files	UNKNOWN STEP	2026-02-22T17:34:16.9148511Z + for f in $(find dev/ci/presubmits -type f | sort)
validate-generated-files	UNKNOWN STEP	2026-02-22T17:34:16.9151461Z ++ basename dev/ci/presubmits/tests-scenarios-gkehubfeaturemembership
validate-generated-files	UNKNOWN STEP	2026-02-22T17:34:16.9161229Z + name=tests-scenarios-gkehubfeaturemembership
validate-generated-files	UNKNOWN STEP	2026-02-22T17:34:16.9161739Z + cat
validate-generated-files	UNKNOWN STEP	2026-02-22T17:34:16.9173455Z + [[ tests-scenarios-gkehubfeaturemembership == \g\o\l\a\n\g\c\i\-\l\i\n\t ]]
validate-generated-files	UNKNOWN STEP	2026-02-22T17:34:16.9174358Z + [[ tests-scenarios-gkehubfeaturemembership == \l\i\c\e\n\s\e\-\l\i\n\t ]]
validate-generated-files	UNKNOWN STEP	2026-02-22T17:34:16.9175107Z + [[ tests-scenarios-gkehubfeaturemembership == tests-e2e-* ]]
validate-generated-files	UNKNOWN STEP	2026-02-22T17:34:16.9175444Z + cat
validate-generated-files	UNKNOWN STEP	2026-02-22T17:34:16.9186577Z + [[ tests-scenarios-gkehubfeaturemembership == \u\n\i\t\-\t\e\s\t\s ]]
validate-generated-files	UNKNOWN STEP	2026-02-22T17:34:16.9187228Z + cat
validate-generated-files	UNKNOWN STEP	2026-02-22T17:34:16.9198423Z + [[ tests-scenarios-gkehubfeaturemembership == \t\e\s\t\-\m\o\c\k\g\c\p ]]
validate-generated-files	UNKNOWN STEP	2026-02-22T17:34:16.9199327Z + [[ tests-scenarios-gkehubfeaturemembership == \u\n\i\t\-\t\e\s\t\s ]]
validate-generated-files	UNKNOWN STEP	2026-02-22T17:34:16.9199934Z + cat
validate-generated-files	UNKNOWN STEP	2026-02-22T17:34:16.9210589Z + for f in $(find dev/ci/presubmits -type f | sort)
validate-generated-files	UNKNOWN STEP	2026-02-22T17:34:16.9212953Z ++ basename dev/ci/presubmits/tests-scenarios-powertool
validate-generated-files	UNKNOWN STEP	2026-02-22T17:34:16.9222687Z + name=tests-scenarios-powertool
validate-generated-files	UNKNOWN STEP	2026-02-22T17:34:16.9223120Z + cat
validate-generated-files	UNKNOWN STEP	2026-02-22T17:34:16.9233734Z + [[ tests-scenarios-powertool == \g\o\l\a\n\g\c\i\-\l\i\n\t ]]
validate-generated-files	UNKNOWN STEP	2026-02-22T17:34:16.9235053Z + [[ tests-scenarios-powertool == \l\i\c\e\n\s\e\-\l\i\n\t ]]
validate-generated-files	UNKNOWN STEP	2026-02-22T17:34:16.9235585Z + [[ tests-scenarios-powertool == tests-e2e-* ]]
validate-generated-files	UNKNOWN STEP	2026-02-22T17:34:16.9236092Z + cat
validate-generated-files	UNKNOWN STEP	2026-02-22T17:34:16.9244915Z + [[ tests-scenarios-powertool == \u\n\i\t\-\t\e\s\t\s ]]
validate-generated-files	UNKNOWN STEP	2026-02-22T17:34:16.9245455Z + cat
validate-generated-files	UNKNOWN STEP	2026-02-22T17:34:16.9255948Z + [[ tests-scenarios-powertool == \t\e\s\t\-\m\o\c\k\g\c\p ]]
validate-generated-files	UNKNOWN STEP	2026-02-22T17:34:16.9256649Z + [[ tests-scenarios-powertool == \u\n\i\t\-\t\e\s\t\s ]]
validate-generated-files	UNKNOWN STEP	2026-02-22T17:34:16.9257088Z + cat
validate-generated-files	UNKNOWN STEP	2026-02-22T17:34:16.9267010Z + for f in $(find dev/ci/presubmits -type f | sort)
validate-generated-files	UNKNOWN STEP	2026-02-22T17:34:16.9269424Z ++ basename dev/ci/presubmits/tests-scenarios-unclassified
validate-generated-files	UNKNOWN STEP	2026-02-22T17:34:16.9278937Z + name=tests-scenarios-unclassified
validate-generated-files	UNKNOWN STEP	2026-02-22T17:34:16.9279377Z + cat
validate-generated-files	UNKNOWN STEP	2026-02-22T17:34:16.9290054Z + [[ tests-scenarios-unclassified == \g\o\l\a\n\g\c\i\-\l\i\n\t ]]
validate-generated-files	UNKNOWN STEP	2026-02-22T17:34:16.9290858Z + [[ tests-scenarios-unclassified == \l\i\c\e\n\s\e\-\l\i\n\t ]]
validate-generated-files	UNKNOWN STEP	2026-02-22T17:34:16.9291379Z + [[ tests-scenarios-unclassified == tests-e2e-* ]]
validate-generated-files	UNKNOWN STEP	2026-02-22T17:34:16.9291690Z + cat
validate-generated-files	UNKNOWN STEP	2026-02-22T17:34:16.9301448Z + [[ tests-scenarios-unclassified == \u\n\i\t\-\t\e\s\t\s ]]
validate-generated-files	UNKNOWN STEP	2026-02-22T17:34:16.9302026Z + cat
validate-generated-files	UNKNOWN STEP	2026-02-22T17:34:16.9312317Z + [[ tests-scenarios-unclassified == \t\e\s\t\-\m\o\c\k\g\c\p ]]
validate-generated-files	UNKNOWN STEP	2026-02-22T17:34:16.9313110Z + [[ tests-scenarios-unclassified == \u\n\i\t\-\t\e\s\t\s ]]
validate-generated-files	UNKNOWN STEP	2026-02-22T17:34:16.9313543Z + cat
validate-generated-files	UNKNOWN STEP	2026-02-22T17:34:16.9324048Z + for f in $(find dev/ci/presubmits -type f | sort)
validate-generated-files	UNKNOWN STEP	2026-02-22T17:34:16.9326842Z ++ basename dev/ci/presubmits/unit-tests
validate-generated-files	UNKNOWN STEP	2026-02-22T17:34:16.9336580Z + name=unit-tests
validate-generated-files	UNKNOWN STEP	2026-02-22T17:34:16.9336998Z + cat
validate-generated-files	UNKNOWN STEP	2026-02-22T17:34:16.9347917Z + [[ unit-tests == \g\o\l\a\n\g\c\i\-\l\i\n\t ]]
validate-generated-files	UNKNOWN STEP	2026-02-22T17:34:16.9348578Z + [[ unit-tests == \l\i\c\e\n\s\e\-\l\i\n\t ]]
validate-generated-files	UNKNOWN STEP	2026-02-22T17:34:16.9349102Z + [[ unit-tests == tests-e2e-* ]]
validate-generated-files	UNKNOWN STEP	2026-02-22T17:34:16.9349410Z + cat
validate-generated-files	UNKNOWN STEP	2026-02-22T17:34:16.9358990Z + [[ unit-tests == \u\n\i\t\-\t\e\s\t\s ]]
validate-generated-files	UNKNOWN STEP	2026-02-22T17:34:16.9359524Z + cat
validate-generated-files	UNKNOWN STEP	2026-02-22T17:34:16.9370679Z + cat
validate-generated-files	UNKNOWN STEP	2026-02-22T17:34:16.9382131Z + [[ unit-tests == \t\e\s\t\-\m\o\c\k\g\c\p ]]
validate-generated-files	UNKNOWN STEP	2026-02-22T17:34:16.9382778Z + [[ unit-tests == \u\n\i\t\-\t\e\s\t\s ]]
validate-generated-files	UNKNOWN STEP	2026-02-22T17:34:16.9383285Z + cat
validate-generated-files	UNKNOWN STEP	2026-02-22T17:34:16.9392933Z + cat
validate-generated-files	UNKNOWN STEP	2026-02-22T17:34:16.9404218Z + for f in $(find dev/ci/presubmits -type f | sort)
validate-generated-files	UNKNOWN STEP	2026-02-22T17:34:16.9406618Z ++ basename dev/ci/presubmits/validate-generated-files
validate-generated-files	UNKNOWN STEP	2026-02-22T17:34:16.9415822Z + name=validate-generated-files
validate-generated-files	UNKNOWN STEP	2026-02-22T17:34:16.9416285Z + cat
validate-generated-files	UNKNOWN STEP	2026-02-22T17:34:16.9427045Z + [[ validate-generated-files == \g\o\l\a\n\g\c\i\-\l\i\n\t ]]
validate-generated-files	UNKNOWN STEP	2026-02-22T17:34:16.9427909Z + [[ validate-generated-files == \l\i\c\e\n\s\e\-\l\i\n\t ]]
validate-generated-files	UNKNOWN STEP	2026-02-22T17:34:16.9428406Z + [[ validate-generated-files == tests-e2e-* ]]
validate-generated-files	UNKNOWN STEP	2026-02-22T17:34:16.9428759Z + cat
validate-generated-files	UNKNOWN STEP	2026-02-22T17:34:16.9438018Z + [[ validate-generated-files == \u\n\i\t\-\t\e\s\t\s ]]
validate-generated-files	UNKNOWN STEP	2026-02-22T17:34:16.9438624Z + cat
validate-generated-files	UNKNOWN STEP	2026-02-22T17:34:16.9449829Z + [[ validate-generated-files == \t\e\s\t\-\m\o\c\k\g\c\p ]]
validate-generated-files	UNKNOWN STEP	2026-02-22T17:34:16.9450643Z + [[ validate-generated-files == \u\n\i\t\-\t\e\s\t\s ]]
validate-generated-files	UNKNOWN STEP	2026-02-22T17:34:16.9451055Z + cat
validate-generated-files	UNKNOWN STEP	2026-02-22T17:34:16.9461113Z + cat
validate-generated-files	UNKNOWN STEP	2026-02-22T17:34:17.9567395Z ~/work/k8s-config-connector/k8s-config-connector/dev/tools/controllerbuilder ~/work/k8s-config-connector/k8s-config-connector
validate-generated-files	UNKNOWN STEP	2026-02-22T17:34:17.9645926Z Cloning into 'googleapis'...
validate-generated-files	UNKNOWN STEP	2026-02-22T17:34:42.5699814Z HEAD is now at 731d7f2ab6 feat: add gkerecommender GkeInferenceQuickstart API v1
validate-generated-files	UNKNOWN STEP	2026-02-22T17:34:42.5749439Z Installing protoc
validate-generated-files	UNKNOWN STEP	2026-02-22T17:34:42.5762248Z apt update...
validate-generated-files	UNKNOWN STEP	2026-02-22T17:34:42.5948475Z 
validate-generated-files	UNKNOWN STEP	2026-02-22T17:34:42.5948981Z WARNING: apt does not have a stable CLI interface. Use with caution in scripts.
validate-generated-files	UNKNOWN STEP	2026-02-22T17:34:42.5949540Z 
validate-generated-files	UNKNOWN STEP	2026-02-22T17:34:42.7184936Z Get:1 file:/etc/apt/apt-mirrors.txt Mirrorlist [144 B]
validate-generated-files	UNKNOWN STEP	2026-02-22T17:34:42.7308475Z Get:6 https://packages.microsoft.com/repos/azure-cli noble InRelease [3564 B]
validate-generated-files	UNKNOWN STEP	2026-02-22T17:34:42.7505953Z Hit:2 http://azure.archive.ubuntu.com/ubuntu noble InRelease
validate-generated-files	UNKNOWN STEP	2026-02-22T17:34:42.7507883Z Get:7 https://packages.microsoft.com/ubuntu/24.04/prod noble InRelease [3600 B]
validate-generated-files	UNKNOWN STEP	2026-02-22T17:34:42.7527120Z Get:3 http://azure.archive.ubuntu.com/ubuntu noble-updates InRelease [126 kB]
validate-generated-files	UNKNOWN STEP	2026-02-22T17:34:42.7577006Z Get:4 http://azure.archive.ubuntu.com/ubuntu noble-backports InRelease [126 kB]
validate-generated-files	UNKNOWN STEP	2026-02-22T17:34:42.7591885Z Get:5 http://azure.archive.ubuntu.com/ubuntu noble-security InRelease [126 kB]
validate-generated-files	UNKNOWN STEP	2026-02-22T17:34:42.8591671Z Get:8 https://packages.microsoft.com/repos/azure-cli noble/main amd64 Packages [2129 B]
validate-generated-files	UNKNOWN STEP	2026-02-22T17:34:42.9660104Z Get:9 https://packages.microsoft.com/ubuntu/24.04/prod noble/main arm64 Packages [72.7 kB]
validate-generated-files	UNKNOWN STEP	2026-02-22T17:34:42.9706735Z Get:10 https://packages.microsoft.com/ubuntu/24.04/prod noble/main amd64 Packages [93.3 kB]
validate-generated-files	UNKNOWN STEP	2026-02-22T17:34:42.9740324Z Get:11 https://packages.microsoft.com/ubuntu/24.04/prod noble/main all Packages [643 B]
validate-generated-files	UNKNOWN STEP	2026-02-22T17:34:43.0146440Z Get:12 http://azure.archive.ubuntu.com/ubuntu noble-updates/main amd64 Packages [1771 kB]
validate-generated-files	UNKNOWN STEP	2026-02-22T17:34:43.0241218Z Get:13 http://azure.archive.ubuntu.com/ubuntu noble-updates/main Translation-en [328 kB]
validate-generated-files	UNKNOWN STEP	2026-02-22T17:34:43.0275851Z Get:14 http://azure.archive.ubuntu.com/ubuntu noble-updates/main amd64 Components [175 kB]
validate-generated-files	UNKNOWN STEP	2026-02-22T17:34:43.0295442Z Get:15 http://azure.archive.ubuntu.com/ubuntu noble-updates/main amd64 c-n-f Metadata [16.5 kB]
validate-generated-files	UNKNOWN STEP	2026-02-22T17:34:43.0312300Z Get:16 http://azure.archive.ubuntu.com/ubuntu noble-updates/universe amd64 Packages [1557 kB]
validate-generated-files	UNKNOWN STEP	2026-02-22T17:34:43.0403506Z Get:17 http://azure.archive.ubuntu.com/ubuntu noble-updates/universe Translation-en [316 kB]
validate-generated-files	UNKNOWN STEP	2026-02-22T17:34:43.0429942Z Get:18 http://azure.archive.ubuntu.com/ubuntu noble-updates/universe amd64 Components [386 kB]
validate-generated-files	UNKNOWN STEP	2026-02-22T17:34:43.0458437Z Get:19 http://azure.archive.ubuntu.com/ubuntu noble-updates/universe amd64 c-n-f Metadata [32.6 kB]
validate-generated-files	UNKNOWN STEP	2026-02-22T17:34:43.0469968Z Get:20 http://azure.archive.ubuntu.com/ubuntu noble-updates/restricted amd64 Packages [2663 kB]
validate-generated-files	UNKNOWN STEP	2026-02-22T17:34:43.0604082Z Get:21 http://azure.archive.ubuntu.com/ubuntu noble-updates/restricted Translation-en [613 kB]
validate-generated-files	UNKNOWN STEP	2026-02-22T17:34:43.1106947Z Get:22 http://azure.archive.ubuntu.com/ubuntu noble-updates/restricted amd64 Components [212 B]
validate-generated-files	UNKNOWN STEP	2026-02-22T17:34:43.1115134Z Get:23 http://azure.archive.ubuntu.com/ubuntu noble-updates/multiverse amd64 Packages [32.1 kB]
validate-generated-files	UNKNOWN STEP	2026-02-22T17:34:43.1124313Z Get:24 http://azure.archive.ubuntu.com/ubuntu noble-updates/multiverse Translation-en [7044 B]
validate-generated-files	UNKNOWN STEP	2026-02-22T17:34:43.1133449Z Get:25 http://azure.archive.ubuntu.com/ubuntu noble-updates/multiverse amd64 Components [940 B]
validate-generated-files	UNKNOWN STEP	2026-02-22T17:34:43.1144204Z Get:26 http://azure.archive.ubuntu.com/ubuntu noble-backports/main amd64 Components [7288 B]
validate-generated-files	UNKNOWN STEP	2026-02-22T17:34:43.1153784Z Get:27 http://azure.archive.ubuntu.com/ubuntu noble-backports/universe amd64 Components [10.5 kB]
validate-generated-files	UNKNOWN STEP	2026-02-22T17:34:43.1161357Z Get:28 http://azure.archive.ubuntu.com/ubuntu noble-backports/restricted amd64 Components [216 B]
validate-generated-files	UNKNOWN STEP	2026-02-22T17:34:43.1170216Z Get:29 http://azure.archive.ubuntu.com/ubuntu noble-backports/multiverse amd64 Components [212 B]
validate-generated-files	UNKNOWN STEP	2026-02-22T17:34:43.1253788Z Get:30 http://azure.archive.ubuntu.com/ubuntu noble-security/main amd64 Packages [1474 kB]
validate-generated-files	UNKNOWN STEP	2026-02-22T17:34:43.1333054Z Get:31 http://azure.archive.ubuntu.com/ubuntu noble-security/main Translation-en [237 kB]
validate-generated-files	UNKNOWN STEP	2026-02-22T17:34:43.1351028Z Get:32 http://azure.archive.ubuntu.com/ubuntu noble-security/main amd64 Components [21.5 kB]
validate-generated-files	UNKNOWN STEP	2026-02-22T17:34:43.1360103Z Get:33 http://azure.archive.ubuntu.com/ubuntu noble-security/main amd64 c-n-f Metadata [9892 B]
validate-generated-files	UNKNOWN STEP	2026-02-22T17:34:43.1369853Z Get:34 http://azure.archive.ubuntu.com/ubuntu noble-security/universe amd64 Packages [935 kB]
validate-generated-files	UNKNOWN STEP	2026-02-22T17:34:43.1416661Z Get:35 http://azure.archive.ubuntu.com/ubuntu noble-security/universe Translation-en [214 kB]
validate-generated-files	UNKNOWN STEP	2026-02-22T17:34:43.1823152Z Get:42 https://packages.microsoft.com/ubuntu/24.04/prod noble/main armhf Packages [11.4 kB]
validate-generated-files	UNKNOWN STEP	2026-02-22T17:34:43.1874990Z Get:36 http://azure.archive.ubuntu.com/ubuntu noble-security/universe amd64 Components [74.2 kB]
validate-generated-files	UNKNOWN STEP	2026-02-22T17:34:43.1885367Z Get:37 http://azure.archive.ubuntu.com/ubuntu noble-security/universe amd64 c-n-f Metadata [20.0 kB]
validate-generated-files	UNKNOWN STEP	2026-02-22T17:34:43.1917796Z Get:38 http://azure.archive.ubuntu.com/ubuntu noble-security/restricted amd64 Packages [2516 kB]
validate-generated-files	UNKNOWN STEP	2026-02-22T17:34:43.2065824Z Get:39 http://azure.archive.ubuntu.com/ubuntu noble-security/restricted Translation-en [582 kB]
validate-generated-files	UNKNOWN STEP	2026-02-22T17:34:43.2106270Z Get:40 http://azure.archive.ubuntu.com/ubuntu noble-security/restricted amd64 Components [212 B]
validate-generated-files	UNKNOWN STEP	2026-02-22T17:34:43.2118221Z Get:41 http://azure.archive.ubuntu.com/ubuntu noble-security/multiverse amd64 Components [208 B]
validate-generated-files	UNKNOWN STEP	2026-02-22T17:34:52.6338464Z Fetched 14.6 MB in 2s (8266 kB/s)
validate-generated-files	UNKNOWN STEP	2026-02-22T17:34:53.4417812Z Reading package lists...
validate-generated-files	UNKNOWN STEP	2026-02-22T17:34:53.6373147Z Building dependency tree...
validate-generated-files	UNKNOWN STEP	2026-02-22T17:34:53.6379690Z Reading state information...
validate-generated-files	UNKNOWN STEP	2026-02-22T17:34:53.6567976Z 164 packages can be upgraded. Run 'apt list --upgradable' to see them.
validate-generated-files	UNKNOWN STEP	2026-02-22T17:34:53.6589585Z apt install...
validate-generated-files	UNKNOWN STEP	2026-02-22T17:34:53.6681801Z 
validate-generated-files	UNKNOWN STEP	2026-02-22T17:34:53.6682270Z WARNING: apt does not have a stable CLI interface. Use with caution in scripts.
validate-generated-files	UNKNOWN STEP	2026-02-22T17:34:53.6682795Z 
validate-generated-files	UNKNOWN STEP	2026-02-22T17:34:53.6816566Z Reading package lists...
validate-generated-files	UNKNOWN STEP	2026-02-22T17:34:53.8853762Z Building dependency tree...
validate-generated-files	UNKNOWN STEP	2026-02-22T17:34:53.8861585Z Reading state information...
validate-generated-files	UNKNOWN STEP	2026-02-22T17:34:54.0466826Z The following additional packages will be installed:
validate-generated-files	UNKNOWN STEP	2026-02-22T17:34:54.0474247Z   libprotobuf-dev libprotobuf32t64 libprotoc32t64
validate-generated-files	UNKNOWN STEP	2026-02-22T17:34:54.0481099Z Suggested packages:
validate-generated-files	UNKNOWN STEP	2026-02-22T17:34:54.0481501Z   protobuf-mode-el
validate-generated-files	UNKNOWN STEP	2026-02-22T17:34:54.1011837Z The following NEW packages will be installed:
validate-generated-files	UNKNOWN STEP	2026-02-22T17:34:54.1016058Z   libprotobuf-dev libprotobuf32t64 libprotoc32t64 protobuf-compiler
validate-generated-files	UNKNOWN STEP	2026-02-22T17:34:54.1241504Z 0 upgraded, 4 newly installed, 0 to remove and 164 not upgraded.
validate-generated-files	UNKNOWN STEP	2026-02-22T17:34:54.1537262Z Need to get 3048 kB of archives.
validate-generated-files	UNKNOWN STEP	2026-02-22T17:34:54.1537972Z After this operation, 17.8 MB of additional disk space will be used.
validate-generated-files	UNKNOWN STEP	2026-02-22T17:34:54.1538713Z Get:1 file:/etc/apt/apt-mirrors.txt Mirrorlist [144 B]
validate-generated-files	UNKNOWN STEP	2026-02-22T17:34:54.1943423Z Get:2 http://azure.archive.ubuntu.com/ubuntu noble-updates/main amd64 libprotobuf32t64 amd64 3.21.12-8.2ubuntu0.2 [923 kB]
validate-generated-files	UNKNOWN STEP	2026-02-22T17:34:54.2259585Z Get:3 http://azure.archive.ubuntu.com/ubuntu noble-updates/main amd64 libprotoc32t64 amd64 3.21.12-8.2ubuntu0.2 [683 kB]
validate-generated-files	UNKNOWN STEP	2026-02-22T17:34:54.2541053Z Get:4 http://azure.archive.ubuntu.com/ubuntu noble-updates/main amd64 libprotobuf-dev amd64 3.21.12-8.2ubuntu0.2 [1413 kB]
validate-generated-files	UNKNOWN STEP	2026-02-22T17:34:54.2915829Z Get:5 http://azure.archive.ubuntu.com/ubuntu noble-updates/universe amd64 protobuf-compiler amd64 3.21.12-8.2ubuntu0.2 [29.0 kB]
validate-generated-files	UNKNOWN STEP	2026-02-22T17:34:54.5603182Z Fetched 3048 kB in 0s (20.3 MB/s)
validate-generated-files	UNKNOWN STEP	2026-02-22T17:34:54.6355043Z Selecting previously unselected package libprotobuf32t64:amd64.
validate-generated-files	UNKNOWN STEP	2026-02-22T17:34:54.7018996Z (Reading database ... 
validate-generated-files	UNKNOWN STEP	2026-02-22T17:34:54.7019654Z (Reading database ... 5%
validate-generated-files	UNKNOWN STEP	2026-02-22T17:34:54.7020156Z (Reading database ... 10%
validate-generated-files	UNKNOWN STEP	2026-02-22T17:34:54.7020622Z (Reading database ... 15%
validate-generated-files	UNKNOWN STEP	2026-02-22T17:34:54.7021064Z (Reading database ... 20%
validate-generated-files	UNKNOWN STEP	2026-02-22T17:34:54.7021371Z (Reading database ... 25%
validate-generated-files	UNKNOWN STEP	2026-02-22T17:34:54.7021835Z (Reading database ... 30%
validate-generated-files	UNKNOWN STEP	2026-02-22T17:34:54.7022363Z (Reading database ... 35%
validate-generated-files	UNKNOWN STEP	2026-02-22T17:34:54.7022841Z (Reading database ... 40%
validate-generated-files	UNKNOWN STEP	2026-02-22T17:34:54.7023311Z (Reading database ... 45%
validate-generated-files	UNKNOWN STEP	2026-02-22T17:34:54.7023614Z (Reading database ... 50%
validate-generated-files	UNKNOWN STEP	2026-02-22T17:34:54.7789511Z (Reading database ... 55%
validate-generated-files	UNKNOWN STEP	2026-02-22T17:34:55.2396429Z (Reading database ... 60%
validate-generated-files	UNKNOWN STEP	2026-02-22T17:34:55.4744023Z (Reading database ... 65%
validate-generated-files	UNKNOWN STEP	2026-02-22T17:34:55.5859867Z (Reading database ... 70%
validate-generated-files	UNKNOWN STEP	2026-02-22T17:34:55.7070886Z (Reading database ... 75%
validate-generated-files	UNKNOWN STEP	2026-02-22T17:34:56.2944736Z (Reading database ... 80%
validate-generated-files	UNKNOWN STEP	2026-02-22T17:34:56.9813651Z (Reading database ... 85%
validate-generated-files	UNKNOWN STEP	2026-02-22T17:34:57.6437486Z (Reading database ... 90%
validate-generated-files	UNKNOWN STEP	2026-02-22T17:34:58.3330507Z (Reading database ... 95%
validate-generated-files	UNKNOWN STEP	2026-02-22T17:34:58.3330922Z (Reading database ... 100%
validate-generated-files	UNKNOWN STEP	2026-02-22T17:34:58.3331445Z (Reading database ... 217745 files and directories currently installed.)
validate-generated-files	UNKNOWN STEP	2026-02-22T17:34:58.3377876Z Preparing to unpack .../libprotobuf32t64_3.21.12-8.2ubuntu0.2_amd64.deb ...
validate-generated-files	UNKNOWN STEP	2026-02-22T17:34:58.3411196Z Unpacking libprotobuf32t64:amd64 (3.21.12-8.2ubuntu0.2) ...
validate-generated-files	UNKNOWN STEP	2026-02-22T17:34:58.3935115Z Selecting previously unselected package libprotoc32t64:amd64.
validate-generated-files	UNKNOWN STEP	2026-02-22T17:34:58.4072496Z Preparing to unpack .../libprotoc32t64_3.21.12-8.2ubuntu0.2_amd64.deb ...
validate-generated-files	UNKNOWN STEP	2026-02-22T17:34:58.4081489Z Unpacking libprotoc32t64:amd64 (3.21.12-8.2ubuntu0.2) ...
validate-generated-files	UNKNOWN STEP	2026-02-22T17:34:58.4466477Z Selecting previously unselected package libprotobuf-dev:amd64.
validate-generated-files	UNKNOWN STEP	2026-02-22T17:34:58.4600974Z Preparing to unpack .../libprotobuf-dev_3.21.12-8.2ubuntu0.2_amd64.deb ...
validate-generated-files	UNKNOWN STEP	2026-02-22T17:34:58.4609367Z Unpacking libprotobuf-dev:amd64 (3.21.12-8.2ubuntu0.2) ...
validate-generated-files	UNKNOWN STEP	2026-02-22T17:34:58.5401881Z Selecting previously unselected package protobuf-compiler.
validate-generated-files	UNKNOWN STEP	2026-02-22T17:34:58.5538174Z Preparing to unpack .../protobuf-compiler_3.21.12-8.2ubuntu0.2_amd64.deb ...
validate-generated-files	UNKNOWN STEP	2026-02-22T17:34:58.5549035Z Unpacking protobuf-compiler (3.21.12-8.2ubuntu0.2) ...
validate-generated-files	UNKNOWN STEP	2026-02-22T17:34:58.6140271Z Setting up libprotobuf32t64:amd64 (3.21.12-8.2ubuntu0.2) ...
validate-generated-files	UNKNOWN STEP	2026-02-22T17:34:58.6172023Z Setting up libprotobuf-dev:amd64 (3.21.12-8.2ubuntu0.2) ...
validate-generated-files	UNKNOWN STEP	2026-02-22T17:34:58.6196050Z Setting up libprotoc32t64:amd64 (3.21.12-8.2ubuntu0.2) ...
validate-generated-files	UNKNOWN STEP	2026-02-22T17:34:58.6217357Z Setting up protobuf-compiler (3.21.12-8.2ubuntu0.2) ...
validate-generated-files	UNKNOWN STEP	2026-02-22T17:34:58.6239916Z Processing triggers for man-db (2.12.0-4build2) ...
validate-generated-files	UNKNOWN STEP	2026-02-22T17:34:58.6361275Z Not building database; man-db/auto-update is not 'true'.
validate-generated-files	UNKNOWN STEP	2026-02-22T17:34:58.6374922Z Processing triggers for libc-bin (2.39-0ubuntu8.6) ...
validate-generated-files	UNKNOWN STEP	2026-02-22T17:35:00.0752235Z 
validate-generated-files	UNKNOWN STEP	2026-02-22T17:35:00.0752927Z Running kernel seems to be up-to-date.
validate-generated-files	UNKNOWN STEP	2026-02-22T17:35:00.0753474Z 
validate-generated-files	UNKNOWN STEP	2026-02-22T17:35:00.0753726Z No services need to be restarted.
validate-generated-files	UNKNOWN STEP	2026-02-22T17:35:00.0754069Z 
validate-generated-files	UNKNOWN STEP	2026-02-22T17:35:00.0754300Z No containers need to be restarted.
validate-generated-files	UNKNOWN STEP	2026-02-22T17:35:00.0754939Z 
validate-generated-files	UNKNOWN STEP	2026-02-22T17:35:00.0755236Z No user sessions are running outdated binaries.
validate-generated-files	UNKNOWN STEP	2026-02-22T17:35:00.0755734Z 
validate-generated-files	UNKNOWN STEP	2026-02-22T17:35:00.0756270Z No VM guests are running outdated hypervisor (qemu) binaries on this host.
validate-generated-files	UNKNOWN STEP	2026-02-22T17:35:04.5817406Z ~/work/k8s-config-connector/k8s-config-connector
validate-generated-files	UNKNOWN STEP	2026-02-22T17:35:04.5884905Z running apis/accesscontextmanager/v1beta1/generate.sh
validate-generated-files	UNKNOWN STEP	2026-02-22T17:35:04.8873009Z HEAD is now at 731d7f2ab6 feat: add gkerecommender GkeInferenceQuickstart API v1
validate-generated-files	UNKNOWN STEP	2026-02-22T17:35:04.8896871Z /usr/bin/protoc
validate-generated-files	UNKNOWN STEP	2026-02-22T17:35:04.8927310Z Found protoc version libprotoc 3.21.12
validate-generated-files	UNKNOWN STEP	2026-02-22T17:35:04.8928536Z Using cached googleapis pb file at /home/runner/work/k8s-config-connector/k8s-config-connector/.build/googleapis-731d7f2ab6e4e2ea15030c95039e2cb66174d4fb.pb
validate-generated-files	UNKNOWN STEP	2026-02-22T17:35:05.2416664Z go: downloading github.com/spf13/cobra v1.8.1
validate-generated-files	UNKNOWN STEP	2026-02-22T17:35:05.2511285Z go: downloading github.com/GoogleCloudPlatform/kubectl-ai/gollm v0.0.0-20250423144723-a651944aad2d
validate-generated-files	UNKNOWN STEP	2026-02-22T17:35:05.2738280Z go: downloading github.com/fatih/color v1.18.0
validate-generated-files	UNKNOWN STEP	2026-02-22T17:35:05.2739432Z go: downloading golang.org/x/tools v0.41.0
validate-generated-files	UNKNOWN STEP	2026-02-22T17:35:05.2954730Z go: downloading gopkg.in/yaml.v2 v2.4.0
validate-generated-files	UNKNOWN STEP	2026-02-22T17:35:05.3410556Z go: downloading github.com/mattn/go-colorable v0.1.13
validate-generated-files	UNKNOWN STEP	2026-02-22T17:35:05.3481410Z go: downloading github.com/mattn/go-isatty v0.0.20
validate-generated-files	UNKNOWN STEP	2026-02-22T17:35:05.3913573Z go: downloading golang.org/x/sys v0.40.0
validate-generated-files	UNKNOWN STEP	2026-02-22T17:35:05.4570165Z go: downloading github.com/Azure/azure-sdk-for-go/sdk/ai/azopenai v0.7.2
validate-generated-files	UNKNOWN STEP	2026-02-22T17:35:05.4833632Z go: downloading github.com/Azure/azure-sdk-for-go/sdk/azcore v1.18.0
validate-generated-files	UNKNOWN STEP	2026-02-22T17:35:05.5285539Z go: downloading github.com/Azure/azure-sdk-for-go/sdk/azidentity v1.9.0
validate-generated-files	UNKNOWN STEP	2026-02-22T17:35:05.5520172Z go: downloading github.com/ollama/ollama v0.5.13
validate-generated-files	UNKNOWN STEP	2026-02-22T17:35:05.6016622Z go: downloading google.golang.org/genai v1.0.0
validate-generated-files	UNKNOWN STEP	2026-02-22T17:35:05.6357848Z go: downloading github.com/Azure/azure-sdk-for-go/sdk/internal v1.11.1
validate-generated-files	UNKNOWN STEP	2026-02-22T17:35:05.6538260Z go: downloading github.com/AzureAD/microsoft-authentication-library-for-go v1.4.2
validate-generated-files	UNKNOWN STEP	2026-02-22T17:35:05.6839436Z go: downloading golang.org/x/crypto v0.47.0
validate-generated-files	UNKNOWN STEP	2026-02-22T17:35:05.6846623Z go: downloading github.com/gorilla/websocket v1.5.4-0.20250319132907-e064f32e3674
validate-generated-files	UNKNOWN STEP	2026-02-22T17:35:05.6872625Z go: downloading golang.org/x/net v0.49.0
validate-generated-files	UNKNOWN STEP	2026-02-22T17:35:05.7029057Z go: downloading github.com/pkg/browser v0.0.0-20240102092130-5ac0b6a4141c
validate-generated-files	UNKNOWN STEP	2026-02-22T17:35:05.7155180Z go: downloading github.com/kylelemons/godebug v1.1.0
validate-generated-files	UNKNOWN STEP	2026-02-22T17:35:05.7267799Z go: downloading go.opentelemetry.io/contrib/instrumentation/net/http/otelhttp v0.61.0
validate-generated-files	UNKNOWN STEP	2026-02-22T17:35:05.8504760Z go: downloading golang.org/x/mod v0.33.0
validate-generated-files	UNKNOWN STEP	2026-02-22T17:35:05.8833407Z go: downloading github.com/golang-jwt/jwt/v5 v5.2.2
validate-generated-files	UNKNOWN STEP	2026-02-22T17:35:05.9024360Z go: downloading github.com/felixge/httpsnoop v1.0.4
validate-generated-files	UNKNOWN STEP	2026-02-22T17:35:05.9372022Z go: downloading golang.org/x/text v0.33.0
validate-generated-files	UNKNOWN STEP	2026-02-22T17:35:18.2961194Z SKIP_GENERATE_CRDS is set; skipping generation of CRDs
validate-generated-files	UNKNOWN STEP	2026-02-22T17:35:18.3745643Z go: downloading golang.org/x/tools v0.42.0
validate-generated-files	UNKNOWN STEP	2026-02-22T17:35:18.6729698Z go: downloading golang.org/x/telemetry v0.0.0-20260209163413-e7419c687ee4
validate-generated-files	UNKNOWN STEP	2026-02-22T17:35:19.9477317Z running apis/alloydb/v1beta1/generate.sh
validate-generated-files	UNKNOWN STEP	2026-02-22T17:35:22.2348031Z SKIP_GENERATE_CRDS is set; skipping generation of CRDs
validate-generated-files	UNKNOWN STEP	2026-02-22T17:35:22.3537415Z running apis/analytics/v1alpha1/generate.sh
validate-generated-files	UNKNOWN STEP	2026-02-22T17:35:22.3949379Z HEAD is now at 731d7f2ab6 feat: add gkerecommender GkeInferenceQuickstart API v1
validate-generated-files	UNKNOWN STEP	2026-02-22T17:35:22.3969077Z /usr/bin/protoc
validate-generated-files	UNKNOWN STEP	2026-02-22T17:35:22.3999000Z Found protoc version libprotoc 3.21.12
validate-generated-files	UNKNOWN STEP	2026-02-22T17:35:22.4000248Z Using cached googleapis pb file at /home/runner/work/k8s-config-connector/k8s-config-connector/.build/googleapis-731d7f2ab6e4e2ea15030c95039e2cb66174d4fb.pb
validate-generated-files	UNKNOWN STEP	2026-02-22T17:35:24.5424795Z SKIP_GENERATE_CRDS is set; skipping generation of CRDs
validate-generated-files	UNKNOWN STEP	2026-02-22T17:35:24.6484815Z running apis/artifactregistry/v1beta1/generate.sh
validate-generated-files	UNKNOWN STEP	2026-02-22T17:35:24.6893953Z HEAD is now at 731d7f2ab6 feat: add gkerecommender GkeInferenceQuickstart API v1
validate-generated-files	UNKNOWN STEP	2026-02-22T17:35:24.6914561Z /usr/bin/protoc
validate-generated-files	UNKNOWN STEP	2026-02-22T17:35:24.6944695Z Found protoc version libprotoc 3.21.12
validate-generated-files	UNKNOWN STEP	2026-02-22T17:35:24.6946407Z Using cached googleapis pb file at /home/runner/work/k8s-config-connector/k8s-config-connector/.build/googleapis-731d7f2ab6e4e2ea15030c95039e2cb66174d4fb.pb
validate-generated-files	UNKNOWN STEP	2026-02-22T17:35:26.8687242Z running apis/asset/v1beta1/generate.sh
validate-generated-files	UNKNOWN STEP	2026-02-22T17:35:26.9097518Z HEAD is now at 731d7f2ab6 feat: add gkerecommender GkeInferenceQuickstart API v1
validate-generated-files	UNKNOWN STEP	2026-02-22T17:35:26.9117418Z /usr/bin/protoc
validate-generated-files	UNKNOWN STEP	2026-02-22T17:35:26.9147201Z Found protoc version libprotoc 3.21.12
validate-generated-files	UNKNOWN STEP	2026-02-22T17:35:26.9148467Z Using cached googleapis pb file at /home/runner/work/k8s-config-connector/k8s-config-connector/.build/googleapis-731d7f2ab6e4e2ea15030c95039e2cb66174d4fb.pb
validate-generated-files	UNKNOWN STEP	2026-02-22T17:35:29.0514061Z running apis/assuredworkloads/v1alpha1/generate.sh
validate-generated-files	UNKNOWN STEP	2026-02-22T17:35:29.0925470Z HEAD is now at 731d7f2ab6 feat: add gkerecommender GkeInferenceQuickstart API v1
validate-generated-files	UNKNOWN STEP	2026-02-22T17:35:29.0945169Z /usr/bin/protoc
validate-generated-files	UNKNOWN STEP	2026-02-22T17:35:29.0974740Z Found protoc version libprotoc 3.21.12
validate-generated-files	UNKNOWN STEP	2026-02-22T17:35:29.0977154Z Using cached googleapis pb file at /home/runner/work/k8s-config-connector/k8s-config-connector/.build/googleapis-731d7f2ab6e4e2ea15030c95039e2cb66174d4fb.pb
validate-generated-files	UNKNOWN STEP	2026-02-22T17:35:31.2427137Z SKIP_GENERATE_CRDS is set; skipping generation of CRDs
validate-generated-files	UNKNOWN STEP	2026-02-22T17:35:31.3407502Z Skipping apis/backupdr/v1alpha1/generate.sh
validate-generated-files	UNKNOWN STEP	2026-02-22T17:35:31.3408140Z Skipping apis/backupdr/v1beta1/generate.sh
validate-generated-files	UNKNOWN STEP	2026-02-22T17:35:31.3408652Z running apis/batch/v1alpha1/generate.sh
validate-generated-files	UNKNOWN STEP	2026-02-22T17:35:31.3817739Z HEAD is now at 731d7f2ab6 feat: add gkerecommender GkeInferenceQuickstart API v1
validate-generated-files	UNKNOWN STEP	2026-02-22T17:35:31.3838228Z /usr/bin/protoc
validate-generated-files	UNKNOWN STEP	2026-02-22T17:35:31.3868334Z Found protoc version libprotoc 3.21.12
validate-generated-files	UNKNOWN STEP	2026-02-22T17:35:31.3869752Z Using cached googleapis pb file at /home/runner/work/k8s-config-connector/k8s-config-connector/.build/googleapis-731d7f2ab6e4e2ea15030c95039e2cb66174d4fb.pb
validate-generated-files	UNKNOWN STEP	2026-02-22T17:35:33.5436293Z SKIP_GENERATE_CRDS is set; skipping generation of CRDs
validate-generated-files	UNKNOWN STEP	2026-02-22T17:35:33.7454324Z Skipping apis/bigquerybiglake/v1alpha1/generate.sh
validate-generated-files	UNKNOWN STEP	2026-02-22T17:35:33.7455159Z Skipping apis/bigquerybiglake/v1beta1/generate.sh
validate-generated-files	UNKNOWN STEP	2026-02-22T17:35:33.7456189Z running apis/bigquerydatatransfer/v1beta1/generate.sh
validate-generated-files	UNKNOWN STEP	2026-02-22T17:35:33.7864745Z HEAD is now at 731d7f2ab6 feat: add gkerecommender GkeInferenceQuickstart API v1
validate-generated-files	UNKNOWN STEP	2026-02-22T17:35:33.7884564Z /usr/bin/protoc
validate-generated-files	UNKNOWN STEP	2026-02-22T17:35:33.7914237Z Found protoc version libprotoc 3.21.12
validate-generated-files	UNKNOWN STEP	2026-02-22T17:35:33.7915664Z Using cached googleapis pb file at /home/runner/work/k8s-config-connector/k8s-config-connector/.build/googleapis-731d7f2ab6e4e2ea15030c95039e2cb66174d4fb.pb
validate-generated-files	UNKNOWN STEP	2026-02-22T17:35:34.7786270Z I0222 17:35:34.778353    6754 generatetypescommand.go:163] "skipping scaffolding type, refs and identity files" resource="TransferConfig"
validate-generated-files	UNKNOWN STEP	2026-02-22T17:35:34.7997146Z SKIP_GENERATE_CRDS is set; skipping generation of CRDs
validate-generated-files	UNKNOWN STEP	2026-02-22T17:35:34.9016009Z running apis/bigqueryreservation/v1beta1/generate.sh
validate-generated-files	UNKNOWN STEP	2026-02-22T17:35:34.9426297Z HEAD is now at 731d7f2ab6 feat: add gkerecommender GkeInferenceQuickstart API v1
validate-generated-files	UNKNOWN STEP	2026-02-22T17:35:34.9445383Z /usr/bin/protoc
validate-generated-files	UNKNOWN STEP	2026-02-22T17:35:34.9474772Z Found protoc version libprotoc 3.21.12
validate-generated-files	UNKNOWN STEP	2026-02-22T17:35:34.9476177Z Using cached googleapis pb file at /home/runner/work/k8s-config-connector/k8s-config-connector/.build/googleapis-731d7f2ab6e4e2ea15030c95039e2cb66174d4fb.pb
validate-generated-files	UNKNOWN STEP	2026-02-22T17:35:37.0981116Z SKIP_GENERATE_CRDS is set; skipping generation of CRDs
validate-generated-files	UNKNOWN STEP	2026-02-22T17:35:37.1963643Z Skipping apis/bigtable/v1alpha1/generate.sh
validate-generated-files	UNKNOWN STEP	2026-02-22T17:35:37.1964348Z Skipping apis/bigtable/v1beta1/generate.sh
validate-generated-files	UNKNOWN STEP	2026-02-22T17:35:37.1965185Z running apis/billing/v1alpha1/generate.sh
validate-generated-files	UNKNOWN STEP	2026-02-22T17:35:37.2370791Z HEAD is now at 731d7f2ab6 feat: add gkerecommender GkeInferenceQuickstart API v1
validate-generated-files	UNKNOWN STEP	2026-02-22T17:35:37.2389898Z /usr/bin/protoc
validate-generated-files	UNKNOWN STEP	2026-02-22T17:35:37.2419681Z Found protoc version libprotoc 3.21.12
validate-generated-files	UNKNOWN STEP	2026-02-22T17:35:37.2420934Z Using cached googleapis pb file at /home/runner/work/k8s-config-connector/k8s-config-connector/.build/googleapis-731d7f2ab6e4e2ea15030c95039e2cb66174d4fb.pb
validate-generated-files	UNKNOWN STEP	2026-02-22T17:35:39.3511650Z SKIP_GENERATE_CRDS is set; skipping generation of CRDs
validate-generated-files	UNKNOWN STEP	2026-02-22T17:35:39.4486411Z running apis/certificatemanager/v1alpha1/generate.sh
validate-generated-files	UNKNOWN STEP	2026-02-22T17:35:39.4892326Z HEAD is now at 731d7f2ab6 feat: add gkerecommender GkeInferenceQuickstart API v1
validate-generated-files	UNKNOWN STEP	2026-02-22T17:35:39.4912026Z /usr/bin/protoc
validate-generated-files	UNKNOWN STEP	2026-02-22T17:35:39.4941914Z Found protoc version libprotoc 3.21.12
validate-generated-files	UNKNOWN STEP	2026-02-22T17:35:39.4943780Z Using cached googleapis pb file at /home/runner/work/k8s-config-connector/k8s-config-connector/.build/googleapis-731d7f2ab6e4e2ea15030c95039e2cb66174d4fb.pb
validate-generated-files	UNKNOWN STEP	2026-02-22T17:35:41.6632959Z SKIP_GENERATE_CRDS is set; skipping generation of CRDs
validate-generated-files	UNKNOWN STEP	2026-02-22T17:35:41.7597098Z running apis/certificatemanager/v1beta1/generate.sh
validate-generated-files	UNKNOWN STEP	2026-02-22T17:35:41.8003304Z HEAD is now at 731d7f2ab6 feat: add gkerecommender GkeInferenceQuickstart API v1
validate-generated-files	UNKNOWN STEP	2026-02-22T17:35:41.8023353Z /usr/bin/protoc
validate-generated-files	UNKNOWN STEP	2026-02-22T17:35:41.8053066Z Found protoc version libprotoc 3.21.12
validate-generated-files	UNKNOWN STEP	2026-02-22T17:35:41.8054218Z Using cached googleapis pb file at /home/runner/work/k8s-config-connector/k8s-config-connector/.build/googleapis-731d7f2ab6e4e2ea15030c95039e2cb66174d4fb.pb
validate-generated-files	UNKNOWN STEP	2026-02-22T17:35:43.9418243Z SKIP_GENERATE_CRDS is set; skipping generation of CRDs
validate-generated-files	UNKNOWN STEP	2026-02-22T17:35:44.0383071Z running apis/clouddeploy/v1alpha1/generate.sh
validate-generated-files	UNKNOWN STEP	2026-02-22T17:35:44.0791934Z HEAD is now at 731d7f2ab6 feat: add gkerecommender GkeInferenceQuickstart API v1
validate-generated-files	UNKNOWN STEP	2026-02-22T17:35:44.0811105Z /usr/bin/protoc
validate-generated-files	UNKNOWN STEP	2026-02-22T17:35:44.0840993Z Found protoc version libprotoc 3.21.12
validate-generated-files	UNKNOWN STEP	2026-02-22T17:35:44.0841919Z Using cached googleapis pb file at /home/runner/work/k8s-config-connector/k8s-config-connector/.build/googleapis-731d7f2ab6e4e2ea15030c95039e2cb66174d4fb.pb
validate-generated-files	UNKNOWN STEP	2026-02-22T17:35:46.2571525Z SKIP_GENERATE_CRDS is set; skipping generation of CRDs
validate-generated-files	UNKNOWN STEP	2026-02-22T17:35:46.3912637Z running apis/clouddeploy/v1beta1/generate.sh
validate-generated-files	UNKNOWN STEP	2026-02-22T17:35:46.4320102Z HEAD is now at 731d7f2ab6 feat: add gkerecommender GkeInferenceQuickstart API v1
validate-generated-files	UNKNOWN STEP	2026-02-22T17:35:46.4339315Z /usr/bin/protoc
validate-generated-files	UNKNOWN STEP	2026-02-22T17:35:46.4369474Z Found protoc version libprotoc 3.21.12
validate-generated-files	UNKNOWN STEP	2026-02-22T17:35:46.4370945Z Using cached googleapis pb file at /home/runner/work/k8s-config-connector/k8s-config-connector/.build/googleapis-731d7f2ab6e4e2ea15030c95039e2cb66174d4fb.pb
validate-generated-files	UNKNOWN STEP	2026-02-22T17:35:48.5913371Z SKIP_GENERATE_CRDS is set; skipping generation of CRDs
validate-generated-files	UNKNOWN STEP	2026-02-22T17:35:48.6953113Z running apis/clouddms/v1alpha1/generate.sh
validate-generated-files	UNKNOWN STEP	2026-02-22T17:35:48.7361365Z HEAD is now at 731d7f2ab6 feat: add gkerecommender GkeInferenceQuickstart API v1
validate-generated-files	UNKNOWN STEP	2026-02-22T17:35:48.7381494Z /usr/bin/protoc
validate-generated-files	UNKNOWN STEP	2026-02-22T17:35:48.7411192Z Found protoc version libprotoc 3.21.12
validate-generated-files	UNKNOWN STEP	2026-02-22T17:35:48.7412618Z Using cached googleapis pb file at /home/runner/work/k8s-config-connector/k8s-config-connector/.build/googleapis-731d7f2ab6e4e2ea15030c95039e2cb66174d4fb.pb
validate-generated-files	UNKNOWN STEP	2026-02-22T17:35:50.8614074Z SKIP_GENERATE_CRDS is set; skipping generation of CRDs
validate-generated-files	UNKNOWN STEP	2026-02-22T17:35:50.9581155Z running apis/cloudquota/v1beta1/generate.sh
validate-generated-files	UNKNOWN STEP	2026-02-22T17:35:51.0041835Z HEAD is now at 731d7f2ab6 feat: add gkerecommender GkeInferenceQuickstart API v1
validate-generated-files	UNKNOWN STEP	2026-02-22T17:35:51.0062141Z /usr/bin/protoc
validate-generated-files	UNKNOWN STEP	2026-02-22T17:35:51.0092163Z Found protoc version libprotoc 3.21.12
validate-generated-files	UNKNOWN STEP	2026-02-22T17:35:51.0093473Z Using cached googleapis pb file at /home/runner/work/k8s-config-connector/k8s-config-connector/.build/googleapis-731d7f2ab6e4e2ea15030c95039e2cb66174d4fb.pb
validate-generated-files	UNKNOWN STEP	2026-02-22T17:35:53.1187758Z SKIP_GENERATE_CRDS is set; skipping generation of CRDs
validate-generated-files	UNKNOWN STEP	2026-02-22T17:35:53.2208735Z Skipping apis/composer/v1beta1/generate.sh
validate-generated-files	UNKNOWN STEP	2026-02-22T17:35:53.2209137Z running apis/compute/v1alpha1/generate.sh
validate-generated-files	UNKNOWN STEP	2026-02-22T17:35:54.3920697Z SKIP_GENERATE_CRDS is set; skipping generation of CRDs
validate-generated-files	UNKNOWN STEP	2026-02-22T17:35:54.5129417Z running apis/compute/v1beta1/generate.sh
validate-generated-files	UNKNOWN STEP	2026-02-22T17:35:54.5536218Z HEAD is now at 731d7f2ab6 feat: add gkerecommender GkeInferenceQuickstart API v1
validate-generated-files	UNKNOWN STEP	2026-02-22T17:35:54.5556514Z /usr/bin/protoc
validate-generated-files	UNKNOWN STEP	2026-02-22T17:35:54.5585974Z Found protoc version libprotoc 3.21.12
validate-generated-files	UNKNOWN STEP	2026-02-22T17:35:54.5586853Z Using cached googleapis pb file at /home/runner/work/k8s-config-connector/k8s-config-connector/.build/googleapis-731d7f2ab6e4e2ea15030c95039e2cb66174d4fb.pb
validate-generated-files	UNKNOWN STEP	2026-02-22T17:35:56.8498753Z SKIP_GENERATE_CRDS is set; skipping generation of CRDs
validate-generated-files	UNKNOWN STEP	2026-02-22T17:35:56.9712122Z running apis/configdelivery/v1alpha1/generate.sh
validate-generated-files	UNKNOWN STEP	2026-02-22T17:35:57.0118527Z HEAD is now at 731d7f2ab6 feat: add gkerecommender GkeInferenceQuickstart API v1
validate-generated-files	UNKNOWN STEP	2026-02-22T17:35:57.0138368Z /usr/bin/protoc
validate-generated-files	UNKNOWN STEP	2026-02-22T17:35:57.0168398Z Found protoc version libprotoc 3.21.12
validate-generated-files	UNKNOWN STEP	2026-02-22T17:35:57.0169833Z Using cached googleapis pb file at /home/runner/work/k8s-config-connector/k8s-config-connector/.build/googleapis-731d7f2ab6e4e2ea15030c95039e2cb66174d4fb.pb
validate-generated-files	UNKNOWN STEP	2026-02-22T17:35:59.1393653Z SKIP_GENERATE_CRDS is set; skipping generation of CRDs
validate-generated-files	UNKNOWN STEP	2026-02-22T17:35:59.2348595Z running apis/dataflow/v1beta1/generate.sh
validate-generated-files	UNKNOWN STEP	2026-02-22T17:35:59.2754288Z HEAD is now at 731d7f2ab6 feat: add gkerecommender GkeInferenceQuickstart API v1
validate-generated-files	UNKNOWN STEP	2026-02-22T17:35:59.2774172Z /usr/bin/protoc
validate-generated-files	UNKNOWN STEP	2026-02-22T17:35:59.2803080Z Found protoc version libprotoc 3.21.12
validate-generated-files	UNKNOWN STEP	2026-02-22T17:35:59.2804365Z Using cached googleapis pb file at /home/runner/work/k8s-config-connector/k8s-config-connector/.build/googleapis-731d7f2ab6e4e2ea15030c95039e2cb66174d4fb.pb
validate-generated-files	UNKNOWN STEP	2026-02-22T17:36:01.4418124Z SKIP_GENERATE_CRDS is set; skipping generation of CRDs
validate-generated-files	UNKNOWN STEP	2026-02-22T17:36:01.5388569Z running apis/dataplex/v1alpha1/generate.sh
validate-generated-files	UNKNOWN STEP	2026-02-22T17:36:01.5796224Z HEAD is now at 731d7f2ab6 feat: add gkerecommender GkeInferenceQuickstart API v1
validate-generated-files	UNKNOWN STEP	2026-02-22T17:36:01.5816120Z /usr/bin/protoc
validate-generated-files	UNKNOWN STEP	2026-02-22T17:36:01.5846253Z Found protoc version libprotoc 3.21.12
validate-generated-files	UNKNOWN STEP	2026-02-22T17:36:01.5847850Z Using cached googleapis pb file at /home/runner/work/k8s-config-connector/k8s-config-connector/.build/googleapis-731d7f2ab6e4e2ea15030c95039e2cb66174d4fb.pb
validate-generated-files	UNKNOWN STEP	2026-02-22T17:36:03.8041442Z SKIP_GENERATE_CRDS is set; skipping generation of CRDs
validate-generated-files	UNKNOWN STEP	2026-02-22T17:36:03.9117795Z Skipping apis/datastream/v1alpha1/generate.sh
validate-generated-files	UNKNOWN STEP	2026-02-22T17:36:03.9118313Z Skipping apis/discoveryengine/v1alpha1/generate.sh
validate-generated-files	UNKNOWN STEP	2026-02-22T17:36:03.9118674Z Skipping apis/documentai/v1alpha1/generate.sh
validate-generated-files	UNKNOWN STEP	2026-02-22T17:36:03.9119056Z Skipping apis/documentai/v1beta1/generate.sh
validate-generated-files	UNKNOWN STEP	2026-02-22T17:36:03.9119766Z Skipping apis/edgecontainer/v1alpha1/generate.sh
validate-generated-files	UNKNOWN STEP	2026-02-22T17:36:03.9120124Z running apis/essentialcontacts/v1beta1/generate.sh
validate-generated-files	UNKNOWN STEP	2026-02-22T17:36:03.9530230Z HEAD is now at 731d7f2ab6 feat: add gkerecommender GkeInferenceQuickstart API v1
validate-generated-files	UNKNOWN STEP	2026-02-22T17:36:03.9549319Z /usr/bin/protoc
validate-generated-files	UNKNOWN STEP	2026-02-22T17:36:03.9579054Z Found protoc version libprotoc 3.21.12
validate-generated-files	UNKNOWN STEP	2026-02-22T17:36:03.9580610Z Using cached googleapis pb file at /home/runner/work/k8s-config-connector/k8s-config-connector/.build/googleapis-731d7f2ab6e4e2ea15030c95039e2cb66174d4fb.pb
validate-generated-files	UNKNOWN STEP	2026-02-22T17:36:06.0984126Z SKIP_GENERATE_CRDS is set; skipping generation of CRDs
validate-generated-files	UNKNOWN STEP	2026-02-22T17:36:06.1979243Z running apis/firestore/v1alpha1/generate.sh
validate-generated-files	UNKNOWN STEP	2026-02-22T17:36:06.2407389Z HEAD is now at 731d7f2ab6 feat: add gkerecommender GkeInferenceQuickstart API v1
validate-generated-files	UNKNOWN STEP	2026-02-22T17:36:06.2427148Z /usr/bin/protoc
validate-generated-files	UNKNOWN STEP	2026-02-22T17:36:06.2457097Z Found protoc version libprotoc 3.21.12
validate-generated-files	UNKNOWN STEP	2026-02-22T17:36:06.2458322Z Using cached googleapis pb file at /home/runner/work/k8s-config-connector/k8s-config-connector/.build/googleapis-731d7f2ab6e4e2ea15030c95039e2cb66174d4fb.pb
validate-generated-files	UNKNOWN STEP	2026-02-22T17:36:08.4410923Z SKIP_GENERATE_CRDS is set; skipping generation of CRDs
validate-generated-files	UNKNOWN STEP	2026-02-22T17:36:08.5509434Z running apis/firestore/v1beta1/generate.sh
validate-generated-files	UNKNOWN STEP	2026-02-22T17:36:08.5919633Z HEAD is now at 731d7f2ab6 feat: add gkerecommender GkeInferenceQuickstart API v1
validate-generated-files	UNKNOWN STEP	2026-02-22T17:36:08.5938949Z /usr/bin/protoc
validate-generated-files	UNKNOWN STEP	2026-02-22T17:36:08.5968770Z Found protoc version libprotoc 3.21.12
validate-generated-files	UNKNOWN STEP	2026-02-22T17:36:08.5970023Z Using cached googleapis pb file at /home/runner/work/k8s-config-connector/k8s-config-connector/.build/googleapis-731d7f2ab6e4e2ea15030c95039e2cb66174d4fb.pb
validate-generated-files	UNKNOWN STEP	2026-02-22T17:36:10.7819219Z SKIP_GENERATE_CRDS is set; skipping generation of CRDs
validate-generated-files	UNKNOWN STEP	2026-02-22T17:36:10.8974075Z Skipping apis/gkebackup/v1alpha1/generate.sh
validate-generated-files	UNKNOWN STEP	2026-02-22T17:36:10.8974920Z running apis/gkehub/v1beta1/generate.sh
validate-generated-files	UNKNOWN STEP	2026-02-22T17:36:10.9386270Z HEAD is now at 731d7f2ab6 feat: add gkerecommender GkeInferenceQuickstart API v1
validate-generated-files	UNKNOWN STEP	2026-02-22T17:36:10.9406504Z /usr/bin/protoc
validate-generated-files	UNKNOWN STEP	2026-02-22T17:36:10.9436727Z Found protoc version libprotoc 3.21.12
validate-generated-files	UNKNOWN STEP	2026-02-22T17:36:10.9437850Z Using cached googleapis pb file at /home/runner/work/k8s-config-connector/k8s-config-connector/.build/googleapis-731d7f2ab6e4e2ea15030c95039e2cb66174d4fb.pb
validate-generated-files	UNKNOWN STEP	2026-02-22T17:36:11.9575640Z New API file added /home/runner/work/k8s-config-connector/k8s-config-connector/apis/gkehub/v1beta1/membershipfeaturespec_types.go
validate-generated-files	UNKNOWN STEP	2026-02-22T17:36:11.9576342Z Please EDIT it!
validate-generated-files	UNKNOWN STEP	2026-02-22T17:36:11.9802907Z SKIP_GENERATE_CRDS is set; skipping generation of CRDs
validate-generated-files	UNKNOWN STEP	2026-02-22T17:36:12.0790531Z running apis/iam/v1alpha1/generate.sh
validate-generated-files	UNKNOWN STEP	2026-02-22T17:36:12.1199505Z HEAD is now at 731d7f2ab6 feat: add gkerecommender GkeInferenceQuickstart API v1
validate-generated-files	UNKNOWN STEP	2026-02-22T17:36:12.1218921Z /usr/bin/protoc
validate-generated-files	UNKNOWN STEP	2026-02-22T17:36:12.1248631Z Found protoc version libprotoc 3.21.12
validate-generated-files	UNKNOWN STEP	2026-02-22T17:36:12.1249905Z Using cached googleapis pb file at /home/runner/work/k8s-config-connector/k8s-config-connector/.build/googleapis-731d7f2ab6e4e2ea15030c95039e2cb66174d4fb.pb
validate-generated-files	UNKNOWN STEP	2026-02-22T17:36:14.2810773Z SKIP_GENERATE_CRDS is set; skipping generation of CRDs
validate-generated-files	UNKNOWN STEP	2026-02-22T17:36:14.5170763Z running apis/iam/v1beta1/generate.sh
validate-generated-files	UNKNOWN STEP	2026-02-22T17:36:16.6439428Z SKIP_GENERATE_CRDS is set; skipping generation of CRDs
validate-generated-files	UNKNOWN STEP	2026-02-22T17:36:16.7553258Z running apis/logging/v1beta1/generate.sh
validate-generated-files	UNKNOWN STEP	2026-02-22T17:36:16.7968247Z HEAD is now at 731d7f2ab6 feat: add gkerecommender GkeInferenceQuickstart API v1
validate-generated-files	UNKNOWN STEP	2026-02-22T17:36:16.7981305Z /usr/bin/protoc
validate-generated-files	UNKNOWN STEP	2026-02-22T17:36:16.8011629Z Found protoc version libprotoc 3.21.12
validate-generated-files	UNKNOWN STEP	2026-02-22T17:36:16.8012826Z Using cached googleapis pb file at /home/runner/work/k8s-config-connector/k8s-config-connector/.build/googleapis-731d7f2ab6e4e2ea15030c95039e2cb66174d4fb.pb
validate-generated-files	UNKNOWN STEP	2026-02-22T17:36:18.9683972Z SKIP_GENERATE_CRDS is set; skipping generation of CRDs
validate-generated-files	UNKNOWN STEP	2026-02-22T17:36:19.1693508Z running apis/managedkafka/v1alpha1/generate.sh
validate-generated-files	UNKNOWN STEP	2026-02-22T17:36:19.2097648Z HEAD is now at 731d7f2ab6 feat: add gkerecommender GkeInferenceQuickstart API v1
validate-generated-files	UNKNOWN STEP	2026-02-22T17:36:19.2116480Z /usr/bin/protoc
validate-generated-files	UNKNOWN STEP	2026-02-22T17:36:19.2146185Z Found protoc version libprotoc 3.21.12
validate-generated-files	UNKNOWN STEP	2026-02-22T17:36:19.2147466Z Using cached googleapis pb file at /home/runner/work/k8s-config-connector/k8s-config-connector/.build/googleapis-731d7f2ab6e4e2ea15030c95039e2cb66174d4fb.pb
validate-generated-files	UNKNOWN STEP	2026-02-22T17:36:20.2535771Z SKIP_GENERATE_CRDS is set; skipping generation of CRDs
validate-generated-files	UNKNOWN STEP	2026-02-22T17:36:20.3599965Z running apis/managedkafka/v1beta1/generate.sh
validate-generated-files	UNKNOWN STEP	2026-02-22T17:36:20.4008665Z HEAD is now at 731d7f2ab6 feat: add gkerecommender GkeInferenceQuickstart API v1
validate-generated-files	UNKNOWN STEP	2026-02-22T17:36:20.4027499Z /usr/bin/protoc
validate-generated-files	UNKNOWN STEP	2026-02-22T17:36:20.4057590Z Found protoc version libprotoc 3.21.12
validate-generated-files	UNKNOWN STEP	2026-02-22T17:36:20.4058848Z Using cached googleapis pb file at /home/runner/work/k8s-config-connector/k8s-config-connector/.build/googleapis-731d7f2ab6e4e2ea15030c95039e2cb66174d4fb.pb
validate-generated-files	UNKNOWN STEP	2026-02-22T17:36:21.4214816Z SKIP_GENERATE_CRDS is set; skipping generation of CRDs
validate-generated-files	UNKNOWN STEP	2026-02-22T17:36:21.5200525Z running apis/monitoring/v1beta1/generate.sh
validate-generated-files	UNKNOWN STEP	2026-02-22T17:36:21.5609165Z HEAD is now at 731d7f2ab6 feat: add gkerecommender GkeInferenceQuickstart API v1
validate-generated-files	UNKNOWN STEP	2026-02-22T17:36:21.5628159Z /usr/bin/protoc
validate-generated-files	UNKNOWN STEP	2026-02-22T17:36:21.5658250Z Found protoc version libprotoc 3.21.12
validate-generated-files	UNKNOWN STEP	2026-02-22T17:36:21.5659526Z Using cached googleapis pb file at /home/runner/work/k8s-config-connector/k8s-config-connector/.build/googleapis-731d7f2ab6e4e2ea15030c95039e2cb66174d4fb.pb
validate-generated-files	UNKNOWN STEP	2026-02-22T17:36:23.7186621Z SKIP_GENERATE_CRDS is set; skipping generation of CRDs
validate-generated-files	UNKNOWN STEP	2026-02-22T17:36:23.8260107Z running apis/networkmanagement/v1alpha1/generate.sh
validate-generated-files	UNKNOWN STEP	2026-02-22T17:36:23.8667908Z HEAD is now at 731d7f2ab6 feat: add gkerecommender GkeInferenceQuickstart API v1
validate-generated-files	UNKNOWN STEP	2026-02-22T17:36:23.8687824Z /usr/bin/protoc
validate-generated-files	UNKNOWN STEP	2026-02-22T17:36:23.8717322Z Found protoc version libprotoc 3.21.12
validate-generated-files	UNKNOWN STEP	2026-02-22T17:36:23.8718576Z Using cached googleapis pb file at /home/runner/work/k8s-config-connector/k8s-config-connector/.build/googleapis-731d7f2ab6e4e2ea15030c95039e2cb66174d4fb.pb
validate-generated-files	UNKNOWN STEP	2026-02-22T17:36:26.0298578Z SKIP_GENERATE_CRDS is set; skipping generation of CRDs
validate-generated-files	UNKNOWN STEP	2026-02-22T17:36:26.1336497Z running apis/networksecurity/v1beta1/generate.sh
validate-generated-files	UNKNOWN STEP	2026-02-22T17:36:26.1747163Z HEAD is now at 731d7f2ab6 feat: add gkerecommender GkeInferenceQuickstart API v1
validate-generated-files	UNKNOWN STEP	2026-02-22T17:36:26.1766378Z /usr/bin/protoc
validate-generated-files	UNKNOWN STEP	2026-02-22T17:36:26.1795972Z Found protoc version libprotoc 3.21.12
validate-generated-files	UNKNOWN STEP	2026-02-22T17:36:26.1797245Z Using cached googleapis pb file at /home/runner/work/k8s-config-connector/k8s-config-connector/.build/googleapis-731d7f2ab6e4e2ea15030c95039e2cb66174d4fb.pb
validate-generated-files	UNKNOWN STEP	2026-02-22T17:36:28.2958633Z SKIP_GENERATE_CRDS is set; skipping generation of CRDs
validate-generated-files	UNKNOWN STEP	2026-02-22T17:36:36.1810303Z running apis/networkservices/v1alpha1/generate.sh
validate-generated-files	UNKNOWN STEP	2026-02-22T17:36:36.2218771Z HEAD is now at 731d7f2ab6 feat: add gkerecommender GkeInferenceQuickstart API v1
validate-generated-files	UNKNOWN STEP	2026-02-22T17:36:36.2238293Z /usr/bin/protoc
validate-generated-files	UNKNOWN STEP	2026-02-22T17:36:36.2268270Z Found protoc version libprotoc 3.21.12
validate-generated-files	UNKNOWN STEP	2026-02-22T17:36:36.2269473Z Using cached googleapis pb file at /home/runner/work/k8s-config-connector/k8s-config-connector/.build/googleapis-731d7f2ab6e4e2ea15030c95039e2cb66174d4fb.pb
validate-generated-files	UNKNOWN STEP	2026-02-22T17:36:38.2828613Z SKIP_GENERATE_CRDS is set; skipping generation of CRDs
validate-generated-files	UNKNOWN STEP	2026-02-22T17:36:38.3825849Z Skipping apis/orgpolicy/v1alpha1/generate.sh
validate-generated-files	UNKNOWN STEP	2026-02-22T17:36:38.3826517Z Skipping apis/orgpolicy/v1beta1/generate.sh
validate-generated-files	UNKNOWN STEP	2026-02-22T17:36:38.3828481Z running apis/parametermanager/v1alpha1/generate.sh
validate-generated-files	UNKNOWN STEP	2026-02-22T17:36:40.4693211Z SKIP_GENERATE_CRDS is set; skipping generation of CRDs
validate-generated-files	UNKNOWN STEP	2026-02-22T17:36:40.5614193Z running apis/privateca/v1beta1/generate.sh
validate-generated-files	UNKNOWN STEP	2026-02-22T17:36:40.6022187Z HEAD is now at 731d7f2ab6 feat: add gkerecommender GkeInferenceQuickstart API v1
validate-generated-files	UNKNOWN STEP	2026-02-22T17:36:40.6041832Z /usr/bin/protoc
validate-generated-files	UNKNOWN STEP	2026-02-22T17:36:40.6071357Z Found protoc version libprotoc 3.21.12
validate-generated-files	UNKNOWN STEP	2026-02-22T17:36:40.6072621Z Using cached googleapis pb file at /home/runner/work/k8s-config-connector/k8s-config-connector/.build/googleapis-731d7f2ab6e4e2ea15030c95039e2cb66174d4fb.pb
validate-generated-files	UNKNOWN STEP	2026-02-22T17:36:42.7368859Z SKIP_GENERATE_CRDS is set; skipping generation of CRDs
validate-generated-files	UNKNOWN STEP	2026-02-22T17:36:42.9352555Z running apis/pubsub/v1beta1/generate.sh
validate-generated-files	UNKNOWN STEP	2026-02-22T17:36:42.9760516Z HEAD is now at 731d7f2ab6 feat: add gkerecommender GkeInferenceQuickstart API v1
validate-generated-files	UNKNOWN STEP	2026-02-22T17:36:42.9779938Z /usr/bin/protoc
validate-generated-files	UNKNOWN STEP	2026-02-22T17:36:42.9809565Z Found protoc version libprotoc 3.21.12
validate-generated-files	UNKNOWN STEP	2026-02-22T17:36:42.9810822Z Using cached googleapis pb file at /home/runner/work/k8s-config-connector/k8s-config-connector/.build/googleapis-731d7f2ab6e4e2ea15030c95039e2cb66174d4fb.pb
validate-generated-files	UNKNOWN STEP	2026-02-22T17:36:45.0975120Z running apis/run/v1beta1/generate.sh
validate-generated-files	UNKNOWN STEP	2026-02-22T17:36:45.1382975Z HEAD is now at 731d7f2ab6 feat: add gkerecommender GkeInferenceQuickstart API v1
validate-generated-files	UNKNOWN STEP	2026-02-22T17:36:45.1403534Z /usr/bin/protoc
validate-generated-files	UNKNOWN STEP	2026-02-22T17:36:45.1433645Z Found protoc version libprotoc 3.21.12
validate-generated-files	UNKNOWN STEP	2026-02-22T17:36:45.1435072Z Using cached googleapis pb file at /home/runner/work/k8s-config-connector/k8s-config-connector/.build/googleapis-731d7f2ab6e4e2ea15030c95039e2cb66174d4fb.pb
validate-generated-files	UNKNOWN STEP	2026-02-22T17:36:47.3110453Z SKIP_GENERATE_CRDS is set; skipping generation of CRDs
validate-generated-files	UNKNOWN STEP	2026-02-22T17:36:47.4166891Z running apis/servicenetworking/v1alpha1/generate.sh
validate-generated-files	UNKNOWN STEP	2026-02-22T17:36:47.4579553Z HEAD is now at 731d7f2ab6 feat: add gkerecommender GkeInferenceQuickstart API v1
validate-generated-files	UNKNOWN STEP	2026-02-22T17:36:47.4601383Z /usr/bin/protoc
validate-generated-files	UNKNOWN STEP	2026-02-22T17:36:47.4631860Z Found protoc version libprotoc 3.21.12
validate-generated-files	UNKNOWN STEP	2026-02-22T17:36:47.4633003Z Using cached googleapis pb file at /home/runner/work/k8s-config-connector/k8s-config-connector/.build/googleapis-731d7f2ab6e4e2ea15030c95039e2cb66174d4fb.pb
validate-generated-files	UNKNOWN STEP	2026-02-22T17:36:49.6258487Z SKIP_GENERATE_CRDS is set; skipping generation of CRDs
validate-generated-files	UNKNOWN STEP	2026-02-22T17:36:49.7230239Z running apis/serviceusage/v1beta1/generate.sh
validate-generated-files	UNKNOWN STEP	2026-02-22T17:36:49.7635895Z HEAD is now at 731d7f2ab6 feat: add gkerecommender GkeInferenceQuickstart API v1
validate-generated-files	UNKNOWN STEP	2026-02-22T17:36:49.7655392Z /usr/bin/protoc
validate-generated-files	UNKNOWN STEP	2026-02-22T17:36:49.7684215Z Found protoc version libprotoc 3.21.12
validate-generated-files	UNKNOWN STEP	2026-02-22T17:36:49.7685615Z Using cached googleapis pb file at /home/runner/work/k8s-config-connector/k8s-config-connector/.build/googleapis-731d7f2ab6e4e2ea15030c95039e2cb66174d4fb.pb
validate-generated-files	UNKNOWN STEP	2026-02-22T17:36:51.8807950Z SKIP_GENERATE_CRDS is set; skipping generation of CRDs
validate-generated-files	UNKNOWN STEP	2026-02-22T17:36:51.9737033Z Skipping apis/speech/v1alpha1/generate.sh
validate-generated-files	UNKNOWN STEP	2026-02-22T17:36:51.9737626Z Skipping apis/speech/v1beta1/generate.sh
validate-generated-files	UNKNOWN STEP	2026-02-22T17:36:51.9738074Z running apis/sql/v1beta1/generate.sh
validate-generated-files	UNKNOWN STEP	2026-02-22T17:36:52.0150661Z HEAD is now at 731d7f2ab6 feat: add gkerecommender GkeInferenceQuickstart API v1
validate-generated-files	UNKNOWN STEP	2026-02-22T17:36:52.0172043Z /usr/bin/protoc
validate-generated-files	UNKNOWN STEP	2026-02-22T17:36:52.0202543Z Found protoc version libprotoc 3.21.12
validate-generated-files	UNKNOWN STEP	2026-02-22T17:36:52.0203805Z Using cached googleapis pb file at /home/runner/work/k8s-config-connector/k8s-config-connector/.build/googleapis-731d7f2ab6e4e2ea15030c95039e2cb66174d4fb.pb
validate-generated-files	UNKNOWN STEP	2026-02-22T17:36:53.0263503Z I0222 17:36:53.026155   14323 generatetypescommand.go:163] "skipping scaffolding type, refs and identity files" resource="DatabaseInstance"
validate-generated-files	UNKNOWN STEP	2026-02-22T17:36:54.2411754Z SKIP_GENERATE_CRDS is set; skipping generation of CRDs
validate-generated-files	UNKNOWN STEP	2026-02-22T17:36:54.3641471Z running apis/tags/v1alpha1/generate.sh
validate-generated-files	UNKNOWN STEP	2026-02-22T17:36:54.4050006Z HEAD is now at 731d7f2ab6 feat: add gkerecommender GkeInferenceQuickstart API v1
validate-generated-files	UNKNOWN STEP	2026-02-22T17:36:54.4069652Z /usr/bin/protoc
validate-generated-files	UNKNOWN STEP	2026-02-22T17:36:54.4099806Z Found protoc version libprotoc 3.21.12
validate-generated-files	UNKNOWN STEP	2026-02-22T17:36:54.4101080Z Using cached googleapis pb file at /home/runner/work/k8s-config-connector/k8s-config-connector/.build/googleapis-731d7f2ab6e4e2ea15030c95039e2cb66174d4fb.pb
validate-generated-files	UNKNOWN STEP	2026-02-22T17:36:54.4636942Z SKIP_GENERATE_CRDS is set; skipping generation of CRDs
validate-generated-files	UNKNOWN STEP	2026-02-22T17:36:54.4641562Z running apis/tags/v1beta1/generate.sh
validate-generated-files	UNKNOWN STEP	2026-02-22T17:36:54.5045820Z HEAD is now at 731d7f2ab6 feat: add gkerecommender GkeInferenceQuickstart API v1
validate-generated-files	UNKNOWN STEP	2026-02-22T17:36:54.5066453Z /usr/bin/protoc
validate-generated-files	UNKNOWN STEP	2026-02-22T17:36:54.5097060Z Found protoc version libprotoc 3.21.12
validate-generated-files	UNKNOWN STEP	2026-02-22T17:36:54.5098327Z Using cached googleapis pb file at /home/runner/work/k8s-config-connector/k8s-config-connector/.build/googleapis-731d7f2ab6e4e2ea15030c95039e2cb66174d4fb.pb
validate-generated-files	UNKNOWN STEP	2026-02-22T17:36:56.6785207Z SKIP_GENERATE_CRDS is set; skipping generation of CRDs
validate-generated-files	UNKNOWN STEP	2026-02-22T17:36:56.7886474Z Skipping apis/tpu/v1alpha1/generate.sh
validate-generated-files	UNKNOWN STEP	2026-02-22T17:36:56.7887074Z Skipping apis/vertexai/v1alpha1/generate.sh
validate-generated-files	UNKNOWN STEP	2026-02-22T17:36:56.7887624Z Skipping apis/vmwareengine/v1alpha1/generate.sh
validate-generated-files	UNKNOWN STEP	2026-02-22T17:36:56.7888181Z Skipping apis/vmwareengine/v1beta1/generate.sh
validate-generated-files	UNKNOWN STEP	2026-02-22T17:36:56.7888653Z Generating CRDs
validate-generated-files	UNKNOWN STEP	2026-02-22T17:36:56.8288311Z go: downloading sigs.k8s.io/controller-tools v0.16.5
validate-generated-files	UNKNOWN STEP	2026-02-22T17:36:56.9603333Z go: downloading github.com/gobuffalo/flect v1.0.3
validate-generated-files	UNKNOWN STEP	2026-02-22T17:36:56.9604174Z go: downloading k8s.io/apiextensions-apiserver v0.31.2
validate-generated-files	UNKNOWN STEP	2026-02-22T17:36:56.9830189Z go: downloading k8s.io/apimachinery v0.31.2
validate-generated-files	UNKNOWN STEP	2026-02-22T17:36:57.1080466Z go: downloading k8s.io/utils v0.0.0-20240711033017-18e509b52bc8
validate-generated-files	UNKNOWN STEP	2026-02-22T17:36:57.1506605Z go: downloading golang.org/x/tools v0.26.0
validate-generated-files	UNKNOWN STEP	2026-02-22T17:36:57.1517060Z go: downloading k8s.io/api v0.31.2
validate-generated-files	UNKNOWN STEP	2026-02-22T17:36:57.1980866Z go: downloading github.com/google/gofuzz v1.2.0
validate-generated-files	UNKNOWN STEP	2026-02-22T17:36:57.2276221Z go: downloading sigs.k8s.io/structured-merge-diff/v4 v4.4.1
validate-generated-files	UNKNOWN STEP	2026-02-22T17:36:57.2960207Z go: downloading sigs.k8s.io/json v0.0.0-20221116044647-bc3834ca7abd
validate-generated-files	UNKNOWN STEP	2026-02-22T17:36:57.3432165Z go: downloading golang.org/x/sys v0.26.0
validate-generated-files	UNKNOWN STEP	2026-02-22T17:36:57.5968128Z go: downloading golang.org/x/net v0.30.0
validate-generated-files	UNKNOWN STEP	2026-02-22T17:36:57.6647832Z go: downloading golang.org/x/sync v0.8.0
validate-generated-files	UNKNOWN STEP	2026-02-22T17:36:57.6775820Z go: downloading golang.org/x/mod v0.21.0
validate-generated-files	UNKNOWN STEP	2026-02-22T17:36:57.7851045Z go: downloading golang.org/x/text v0.19.0
validate-generated-files	UNKNOWN STEP	2026-02-22T17:37:11.3509816Z ##[error]/home/runner/work/k8s-config-connector/k8s-config-connector/apis/run/v1beta1/runservice_types.go:59:2: invalid field type: invalid type
validate-generated-files	UNKNOWN STEP	2026-02-22T17:37:11.3521736Z github.com/GoogleCloudPlatform/k8s-config-connector/apis/run/v1beta1:-: invalid slice element type: invalid type
validate-generated-files	UNKNOWN STEP	2026-02-22T17:37:11.3522979Z 1000:23: missing ',' in argument list
validate-generated-files	UNKNOWN STEP	2026-02-22T17:37:11.3523433Z 1001:1: missing ',' in argument list
validate-generated-files	UNKNOWN STEP	2026-02-22T17:37:11.3523885Z 1004:1: missing ',' in argument list
validate-generated-files	UNKNOWN STEP	2026-02-22T17:37:11.3524979Z 1005:9: missing ',' in composite literal
validate-generated-files	UNKNOWN STEP	2026-02-22T17:37:11.3525507Z 1006:6: expected '==', found '='
validate-generated-files	UNKNOWN STEP	2026-02-22T17:37:11.3525909Z 1007:7: expected '==', found '='
validate-generated-files	UNKNOWN STEP	2026-02-22T17:37:11.3526652Z 1008:2: missing ',' before newline in argument list
validate-generated-files	UNKNOWN STEP	2026-02-22T17:37:11.3527167Z 1009:1: expected operand, found 'if'
validate-generated-files	UNKNOWN STEP	2026-02-22T17:37:11.3527611Z 1010:9: missing ',' in composite literal
validate-generated-files	UNKNOWN STEP	2026-02-22T17:37:11.3528039Z 1011:6: expected '==', found '='
validate-generated-files	UNKNOWN STEP	2026-02-22T17:37:11.3528431Z 1012:7: expected '==', found '='
validate-generated-files	UNKNOWN STEP	2026-02-22T17:37:11.3530237Z ##[error]/home/runner/work/k8s-config-connector/k8s-config-connector/apis/run/v1beta1/runservice_types.go:59:12: unknown type RevisionTemplate
validate-generated-files	UNKNOWN STEP	2026-02-22T17:37:11.3532986Z ##[error]/home/runner/work/k8s-config-connector/k8s-config-connector/apis/run/v1beta1/runservice_types.go:62:12: unknown type TrafficTarget
validate-generated-files	UNKNOWN STEP	2026-02-22T17:37:11.3536018Z ##[error]/home/runner/work/k8s-config-connector/k8s-config-connector/apis/run/v1beta1/runservice_types.go:65:11: unknown type ServiceScaling
validate-generated-files	UNKNOWN STEP	2026-02-22T17:37:11.3538775Z ##[error]/home/runner/work/k8s-config-connector/k8s-config-connector/apis/run/v1beta1/runservice_types.go:77:15: unknown type BuildConfig
validate-generated-files	UNKNOWN STEP	2026-02-22T17:37:11.3541302Z ##[error]/home/runner/work/k8s-config-connector/k8s-config-connector/apis/run/v1beta1/runservice_types.go:135:20: unknown type TrafficTargetStatus
validate-generated-files	UNKNOWN STEP	2026-02-22T17:37:11.3543292Z Error: not all generators ran successfully
validate-generated-files	UNKNOWN STEP	2026-02-22T17:37:11.3547283Z run `controller-gen object:headerFile=/home/runner/work/k8s-config-connector/k8s-config-connector/hack/boilerplate.go.txt crd:crdVersions=v1,allowDangerousTypes=true,ignoreUnexportedFields=true output:crd:artifacts:config=config/crd/ paths=./... -w` to see all available markers, or `controller-gen object:headerFile=/home/runner/work/k8s-config-connector/k8s-config-connector/hack/boilerplate.go.txt crd:crdVersions=v1,allowDangerousTypes=true,ignoreUnexportedFields=true output:crd:artifacts:config=config/crd/ paths=./... -h` for usage
validate-generated-files	UNKNOWN STEP	2026-02-22T17:37:11.3580986Z exit status 1
validate-generated-files	UNKNOWN STEP	2026-02-22T17:37:11.4791593Z Traceback (most recent call last):
validate-generated-files	UNKNOWN STEP	2026-02-22T17:37:11.4793136Z   File "/home/runner/work/k8s-config-connector/k8s-config-connector/./dev/ci/presubmits/validate-generated-files", line 50, in <module>
validate-generated-files	UNKNOWN STEP	2026-02-22T17:37:11.4795051Z     main()
validate-generated-files	UNKNOWN STEP	2026-02-22T17:37:11.4796499Z   File "/home/runner/work/k8s-config-connector/k8s-config-connector/./dev/ci/presubmits/validate-generated-files", line 44, in main
validate-generated-files	UNKNOWN STEP	2026-02-22T17:37:11.4797737Z     run_and_verify_no_changes(["dev/tasks/generate-types-and-mappers"])
validate-generated-files	UNKNOWN STEP	2026-02-22T17:37:11.4799124Z   File "/home/runner/work/k8s-config-connector/k8s-config-connector/./dev/ci/presubmits/validate-generated-files", line 22, in run_and_verify_no_changes
validate-generated-files	UNKNOWN STEP	2026-02-22T17:37:11.4800087Z     subprocess.run(command, check=True)
validate-generated-files	UNKNOWN STEP	2026-02-22T17:37:11.4800547Z   File "/usr/lib/python3.12/subprocess.py", line 571, in run
validate-generated-files	UNKNOWN STEP	2026-02-22T17:37:11.4801081Z     raise CalledProcessError(retcode, process.args,
validate-generated-files	UNKNOWN STEP	2026-02-22T17:37:11.4801909Z subprocess.CalledProcessError: Command '['dev/tasks/generate-types-and-mappers']' returned non-zero exit status 1.
validate-generated-files	UNKNOWN STEP	2026-02-22T17:37:11.4968325Z ##[error]Process completed with exit code 1.
validate-generated-files	UNKNOWN STEP	2026-02-22T17:37:11.5040398Z ##[group]Run actions/upload-artifact@v4
validate-generated-files	UNKNOWN STEP	2026-02-22T17:37:11.5040683Z with:
validate-generated-files	UNKNOWN STEP	2026-02-22T17:37:11.5040896Z   name: artifacts-validate-generated-files
validate-generated-files	UNKNOWN STEP	2026-02-22T17:37:11.5041183Z   path: /tmp/artifacts/
validate-generated-files	UNKNOWN STEP	2026-02-22T17:37:11.5041399Z   if-no-files-found: warn
validate-generated-files	UNKNOWN STEP	2026-02-22T17:37:11.5041621Z   compression-level: 6
validate-generated-files	UNKNOWN STEP	2026-02-22T17:37:11.5041821Z   overwrite: false
validate-generated-files	UNKNOWN STEP	2026-02-22T17:37:11.5042021Z   include-hidden-files: false
validate-generated-files	UNKNOWN STEP	2026-02-22T17:37:11.5042232Z env:
validate-generated-files	UNKNOWN STEP	2026-02-22T17:37:11.5042395Z   GOTOOLCHAIN: local
validate-generated-files	UNKNOWN STEP	2026-02-22T17:37:11.5042585Z ##[endgroup]
validate-generated-files	UNKNOWN STEP	2026-02-22T17:37:11.7217662Z ##[warning]No files were found with the provided path: /tmp/artifacts/. No artifacts will be uploaded.
validate-generated-files	UNKNOWN STEP	2026-02-22T17:37:11.7379157Z Post job cleanup.
validate-generated-files	UNKNOWN STEP	2026-02-22T17:37:11.8335193Z [command]/usr/bin/git version
validate-generated-files	UNKNOWN STEP	2026-02-22T17:37:11.8372615Z git version 2.52.0
validate-generated-files	UNKNOWN STEP	2026-02-22T17:37:11.8421557Z Temporarily overriding HOME='/home/runner/work/_temp/b1f11778-7487-441b-afbf-ba7e3cc17761' before making global git config changes
validate-generated-files	UNKNOWN STEP	2026-02-22T17:37:11.8422787Z Adding repository directory to the temporary git global config as a safe directory
validate-generated-files	UNKNOWN STEP	2026-02-22T17:37:11.8427170Z [command]/usr/bin/git config --global --add safe.directory /home/runner/work/k8s-config-connector/k8s-config-connector
validate-generated-files	UNKNOWN STEP	2026-02-22T17:37:11.8461669Z [command]/usr/bin/git config --local --name-only --get-regexp core\.sshCommand
validate-generated-files	UNKNOWN STEP	2026-02-22T17:37:11.8494073Z [command]/usr/bin/git submodule foreach --recursive sh -c "git config --local --name-only --get-regexp 'core\.sshCommand' && git config --local --unset-all 'core.sshCommand' || :"
validate-generated-files	UNKNOWN STEP	2026-02-22T17:37:11.8763856Z [command]/usr/bin/git config --local --name-only --get-regexp http\.https\:\/\/github\.com\/\.extraheader
validate-generated-files	UNKNOWN STEP	2026-02-22T17:37:11.8786616Z http.https://github.com/.extraheader
validate-generated-files	UNKNOWN STEP	2026-02-22T17:37:11.8799501Z [command]/usr/bin/git config --local --unset-all http.https://github.com/.extraheader
validate-generated-files	UNKNOWN STEP	2026-02-22T17:37:11.8832056Z [command]/usr/bin/git submodule foreach --recursive sh -c "git config --local --name-only --get-regexp 'http\.https\:\/\/github\.com\/\.extraheader' && git config --local --unset-all 'http.https://github.com/.extraheader' || :"
validate-generated-files	UNKNOWN STEP	2026-02-22T17:37:11.9099493Z [command]/usr/bin/git config --local --name-only --get-regexp ^includeIf\.gitdir:
validate-generated-files	UNKNOWN STEP	2026-02-22T17:37:11.9132171Z [command]/usr/bin/git submodule foreach --recursive git config --local --show-origin --name-only --get-regexp remote.origin.url
validate-generated-files	UNKNOWN STEP	2026-02-22T17:37:11.9509709Z Cleaning up orphan processes
